flight_id,airline,source,destination,departure_time,arrival_time,duration_mins,is_overnight,duration_hhmm,route,is_delayed,departure_slot
SJ010,SPICEJET,CCU,MAA,2026-04-20 23:38:41.701,2026-04-21 02:32:41.701,174.0,1,2h 54m,CCU to MAA,0,Night (21-05)
AI155,AIR INDIA,BOM,CCU,2026-04-20 23:35:41.703,2026-04-21 01:23:41.703,108.0,1,1h 48m,BOM to CCU,0,Night (21-05)
UK094,VISTARA,BOM,CCU,2026-04-20 23:26:41.702,2026-04-21 01:11:41.702,105.0,1,1h 45m,BOM to CCU,0,Night (21-05)
AI245,AIR INDIA,BOM,CCU,2026-04-20 23:07:41.704,2026-04-21 01:43:41.704,156.0,1,2h 36m,BOM to CCU,0,Night (21-05)
AI192,AIR INDIA,MAA,BOM,2026-04-20 23:05:41.703,2026-04-21 04:04:41.703,299.0,1,4h 59m,MAA to BOM,1,Night (21-05)
SJ158,SPICEJET,DEL,HYD,2026-04-20 23:05:41.703,2026-04-21 01:24:41.703,139.0,1,2h 19m,DEL to HYD,0,Night (21-05)
6F196,INDIGO,CCU,MAA,2026-04-20 23:04:41.703,2026-04-21 00:47:41.703,103.0,1,1h 43m,CCU to MAA,0,Night (21-05)
AI080,AIR INDIA,BOM,HYD,2026-04-20 23:03:41.702,2026-04-21 00:35:41.702,92.0,1,1h 32m,BOM to HYD,0,Night (21-05)
6F025,INDIGO,BLR,BOM,2026-04-20 23:02:41.701,2026-04-20 23:57:41.701,55.0,0,0h 55m,BLR to BOM,0,Night (21-05)
6F251,IndiGo,DEL,BLR,2026-04-20 22:56:41.703,2026-04-20 23:37:41.703,41.0,0,0h 41m,DEL to BLR,0,Night (21-05)
AI137,AIR INDIA,BOM,DEL,2026-04-20 22:49:41.702,2026-04-21 01:17:41.702,148.0,1,2h 28m,BOM to DEL,0,Night (21-05)
6F026,INDIGO,BOM,CCU,2026-04-20 22:46:42.000,2026-04-21 03:13:42.000,267.0,1,4h 27m,BOM to CCU,1,Night (21-05)
UK167,VISTARA,DEL,MAA,2026-04-20 22:45:41.703,2026-04-21 01:46:41.703,181.0,1,3h 1m,DEL to MAA,0,Night (21-05)
UK027,VISTARA,BOM,CCU,2026-04-20 22:44:41.701,2026-04-21 01:05:41.701,141.0,1,2h 21m,BOM to CCU,0,Night (21-05)
AI069,Air India,DEL,BOM,2026-04-20 22:43:41.702,2026-04-21 02:29:41.702,226.0,1,3h 46m,DEL to BOM,1,Night (21-05)
AI058,AIR INDIA,BOM,CCU,2026-04-20 22:40:41.701,2026-04-21 00:18:41.701,98.0,1,1h 38m,BOM to CCU,0,Night (21-05)
AI140,AIR INDIA,BOM,DEL,2026-04-20 22:25:41.702,2026-04-21 02:08:41.702,223.0,1,3h 43m,BOM to DEL,1,Night (21-05)
SJ239,SPICEJET,BOM,CCU,2026-04-20 22:24:41.704,2026-04-21 00:10:41.704,106.0,1,1h 46m,BOM to CCU,0,Night (21-05)
6F099,INDIGO,MAA,DEL,2026-04-20 22:24:41.702,2026-04-20 22:59:41.702,35.0,0,0h 35m,MAA to DEL,0,Night (21-05)
AI048,AIR INDIA,CCU,DEL,2026-04-20 22:23:41.701,2026-04-21 02:15:41.701,232.0,1,3h 52m,CCU to DEL,1,Night (21-05)
SJ112,SPICEJET,HYD,DEL,2026-04-20 22:20:41.702,2026-04-21 00:40:41.702,140.0,1,2h 20m,HYD to DEL,0,Night (21-05)
6F164,INDIGO,BLR,BOM,2026-04-20 22:18:41.703,2026-04-21 00:45:41.703,147.0,1,2h 27m,BLR to BOM,0,Night (21-05)
UK021,VISTARA,HYD,MAA,2026-04-20 22:00:41.701,2026-04-20 23:50:41.701,110.0,0,1h 50m,HYD to MAA,0,Night (21-05)
SJ172,SPICEJET,CCU,DEL,2026-04-20 21:58:41.703,2026-04-21 01:14:41.703,196.0,1,3h 16m,CCU to DEL,0,Night (21-05)
AI060,AIR INDIA,DEL,HYD,2026-04-20 21:58:41.701,2026-04-20 23:51:41.701,113.0,0,1h 53m,DEL to HYD,0,Night (21-05)
SJ205,SPICEJET,HYD,CCU,2026-04-20 21:56:41.703,2026-04-20 23:00:41.703,64.0,0,1h 4m,HYD to CCU,0,Night (21-05)
SJ093,SPICEJET,BLR,BOM,2026-04-20 21:55:41.702,2026-04-20 23:01:41.702,66.0,0,1h 6m,BLR to BOM,0,Night (21-05)
6F195,INDIGO,CCU,DEL,2026-04-20 21:44:41.703,2026-04-20 22:39:41.703,55.0,0,0h 55m,CCU to DEL,0,Night (21-05)
UK003,Vistara,HYD,DEL,2026-04-20 21:41:41.700,2026-04-21 02:19:41.700,278.0,1,4h 38m,HYD to DEL,1,Night (21-05)
UK026,VISTARA,HYD,MAA,2026-04-20 21:38:41.701,2026-04-20 23:44:41.701,126.0,0,2h 6m,HYD to MAA,0,Night (21-05)
6F174,INDIGO,DEL,HYD,2026-04-20 21:36:41.703,2026-04-20 22:16:41.703,40.0,0,0h 40m,DEL to HYD,0,Night (21-05)
UK067,VISTARA,BOM,CCU,2026-04-20 21:36:41.701,2026-04-21 01:02:41.701,206.0,1,3h 26m,BOM to CCU,0,Night (21-05)
SJ149,SPICEJET,HYD,MAA,2026-04-20 21:20:41.702,2026-04-20 23:20:42.000,120.0,0,2h 0m,HYD to MAA,0,Night (21-05)
6F213,INDIGO,BLR,BOM,2026-04-20 21:05:41.703,2026-04-21 00:32:41.703,207.0,1,3h 27m,BLR to BOM,1,Night (21-05)
UK200,VISTARA,CCU,DEL,2026-04-20 20:54:41.703,2026-04-20 22:45:41.703,111.0,0,1h 51m,CCU to DEL,0,Evening (17-21)
SJ214,SPICEJET,BOM,MAA,2026-04-20 20:54:41.703,2026-04-20 22:10:41.703,76.0,0,1h 16m,BOM to MAA,0,Evening (17-21)
SJ047,SPICEJET,HYD,BOM,2026-04-20 20:44:41.701,2026-04-20 21:21:41.701,37.0,0,0h 37m,HYD to BOM,0,Evening (17-21)
AI179,AIR INDIA,HYD,BOM,2026-04-20 20:41:41.703,2026-04-21 01:19:41.703,278.0,1,4h 38m,HYD to BOM,1,Evening (17-21)
SJ153,SPICEJET,DEL,CCU,2026-04-20 20:37:41.702,2026-04-20 22:00:41.702,83.0,0,1h 23m,DEL to CCU,0,Evening (17-21)
6F236,INDIGO,BOM,DEL,2026-04-20 20:35:41.704,2026-04-20 23:54:41.704,199.0,0,3h 19m,BOM to DEL,0,Evening (17-21)
UK059,VISTARA,HYD,MAA,2026-04-20 20:33:41.701,2026-04-20 22:10:41.701,97.0,0,1h 37m,HYD to MAA,0,Evening (17-21)
SJ001,SPICEJET,BOM,MAA,2026-04-20 20:28:41.700,2026-04-21 01:15:41.700,287.0,1,4h 47m,BOM to MAA,1,Evening (17-21)
SJ049,SPICEJET,CCU,DEL,2026-04-20 20:26:41.701,2026-04-21 00:26:41.701,240.0,1,4h 0m,CCU to DEL,1,Evening (17-21)
6F086,INDIGO,MAA,HYD,2026-04-20 20:23:41.702,2026-04-20 21:00:41.702,37.0,0,0h 37m,MAA to HYD,0,Evening (17-21)
AI220,AIR INDIA,BOM,DEL,2026-04-20 20:19:41.703,2026-04-20 21:57:41.703,98.0,0,1h 38m,BOM to DEL,0,Evening (17-21)
AI188,AIR INDIA,CCU,HYD,2026-04-20 20:16:41.703,2026-04-20 23:02:41.703,166.0,0,2h 46m,CCU to HYD,0,Evening (17-21)
6F114,INDIGO,BOM,MAA,2026-04-20 20:10:41.702,2026-04-20 21:00:41.702,50.0,0,0h 50m,BOM to MAA,0,Evening (17-21)
SJ179,SPICEJET,DEL,HYD,2026-04-20 20:09:41.703,2026-04-20 23:39:41.703,210.0,0,3h 30m,DEL to HYD,0,Evening (17-21)
6F190,INDIGO,DEL,MAA,2026-04-20 20:02:41.703,2026-04-21 00:36:41.703,274.0,1,4h 34m,DEL to MAA,1,Evening (17-21)
SJ003,SPICEJET,MAA,CCU,2026-04-20 19:50:41.701,2026-04-20 20:32:41.701,42.0,0,0h 42m,MAA to CCU,0,Evening (17-21)
6F028,INDIGO,HYD,CCU,2026-04-20 19:49:41.701,2026-04-20 21:49:41.701,120.0,0,2h 0m,HYD to CCU,0,Evening (17-21)
UK036,VISTARA,CCU,BLR,2026-04-20 19:48:41.701,2026-04-21 00:12:41.701,264.0,1,4h 24m,CCU to BLR,1,Evening (17-21)
SJ160,SPICEJET,MAA,BLR,2026-04-20 19:45:41.703,2026-04-20 20:30:41.703,45.0,0,0h 45m,MAA to BLR,0,Evening (17-21)
6F151,INDIGO,CCU,HYD,2026-04-20 19:44:41.703,2026-04-20 22:04:41.703,140.0,0,2h 20m,CCU to HYD,0,Evening (17-21)
UK140,VISTARA,MAA,BLR,2026-04-20 19:37:41.703,2026-04-20 21:00:41.703,83.0,0,1h 23m,MAA to BLR,0,Evening (17-21)
AI115,AIR INDIA,MAA,BLR,2026-04-20 19:37:41.702,2026-04-21 00:26:41.702,289.0,1,4h 49m,MAA to BLR,1,Evening (17-21)
AI132,AIR INDIA,BLR,BOM,2026-04-20 19:32:41.702,2026-04-20 21:41:41.702,129.0,0,2h 9m,BLR to BOM,0,Evening (17-21)
SJ043,SpiceJet,MAA,DEL,2026-04-20 18:59:41.701,2026-04-20 21:08:41.701,129.0,0,2h 9m,MAA to DEL,0,Evening (17-21)
UK176,VISTARA,HYD,BLR,2026-04-20 18:41:41.703,2026-04-20 22:49:41.703,248.0,0,4h 8m,HYD to BLR,1,Evening (17-21)
UK216,VISTARA,MAA,HYD,2026-04-20 18:33:41.704,2026-04-20 21:47:41.704,194.0,0,3h 14m,MAA to HYD,0,Evening (17-21)
UK150,VISTARA,DEL,CCU,2026-04-20 18:31:41.703,2026-04-20 19:01:41.703,30.0,0,0h 30m,DEL to CCU,0,Evening (17-21)
UK145,VISTARA,BOM,HYD,2026-04-20 18:30:41.703,2026-04-20 20:41:41.703,131.0,0,2h 11m,BOM to HYD,0,Evening (17-21)
6F012,INDIGO,CCU,HYD,2026-04-20 18:06:41.701,2026-04-20 21:31:41.701,205.0,0,3h 25m,CCU to HYD,1,Evening (17-21)
SJ236,SPICEJET,MAA,BOM,2026-04-20 18:03:41.704,2026-04-20 22:02:41.704,239.0,0,3h 59m,MAA to BOM,1,Evening (17-21)
6F149,INDIGO,BLR,CCU,2026-04-20 17:57:41.703,2026-04-20 20:42:41.703,165.0,0,2h 45m,BLR to CCU,0,Evening (17-21)
UK004,VISTARA,BOM,CCU,2026-04-20 17:56:41.700,2026-04-20 18:30:41.700,34.0,0,0h 34m,BOM to CCU,0,Evening (17-21)
UK010,VISTARA,MAA,HYD,2026-04-20 17:53:41.701,2026-04-20 20:40:41.701,167.0,0,2h 47m,MAA to HYD,0,Evening (17-21)
UK215,VISTARA,BOM,DEL,2026-04-20 17:38:41.704,2026-04-20 19:50:41.704,132.0,0,2h 12m,BOM to DEL,0,Evening (17-21)
SJ116,SPICEJET,HYD,CCU,2026-04-20 17:33:41.702,2026-04-20 19:02:41.702,89.0,0,1h 29m,HYD to CCU,0,Evening (17-21)
SJ023,SPICEJET,HYD,MAA,2026-04-20 17:27:41.701,2026-04-20 19:09:41.701,102.0,0,1h 42m,HYD to MAA,0,Evening (17-21)
UK152,VISTARA,BOM,CCU,2026-04-20 17:24:41.703,2026-04-20 20:13:41.703,169.0,0,2h 49m,BOM to CCU,0,Evening (17-21)
SJ202,SPICEJET,CCU,HYD,2026-04-20 17:21:41.703,2026-04-20 19:08:41.703,107.0,0,1h 47m,CCU to HYD,0,Evening (17-21)
6F043,INDIGO,BOM,HYD,2026-04-20 17:17:41.701,2026-04-20 18:43:41.701,86.0,0,1h 26m,BOM to HYD,0,Evening (17-21)
UK173,VISTARA,MAA,BLR,2026-04-20 17:06:41.703,2026-04-20 21:22:41.703,256.0,0,4h 16m,MAA to BLR,1,Evening (17-21)
SJ081,SPICEJET,BOM,BLR,2026-04-20 17:04:41.702,2026-04-20 18:53:41.702,109.0,0,1h 49m,BOM to BLR,0,Evening (17-21)
UK153,VISTARA,CCU,HYD,2026-04-20 16:52:41.703,2026-04-20 20:53:41.703,241.0,0,4h 1m,CCU to HYD,1,Afternoon (12-17)
UK187,VISTARA,BLR,BOM,2026-04-20 16:52:41.703,2026-04-20 18:42:41.703,110.0,0,1h 50m,BLR to BOM,0,Afternoon (12-17)
UK055,VISTARA,HYD,DEL,2026-04-20 16:48:41.701,2026-04-20 19:31:41.701,163.0,0,2h 43m,HYD to DEL,0,Afternoon (12-17)
UK181,VISTARA,MAA,DEL,2026-04-20 16:44:41.703,2026-04-20 19:26:41.703,162.0,0,2h 42m,MAA to DEL,0,Afternoon (12-17)
UK074,VISTARA,BOM,DEL,2026-04-20 16:44:41.702,2026-04-20 18:41:41.702,117.0,0,1h 57m,BOM to DEL,0,Afternoon (12-17)
SJ068,SPICEJET,BLR,BOM,2026-04-20 16:44:41.701,2026-04-20 18:48:41.701,124.0,0,2h 4m,BLR to BOM,0,Afternoon (12-17)
AI242,Air India,BLR,CCU,2026-04-20 16:41:41.704,2026-04-20 17:43:41.704,62.0,0,1h 2m,BLR to CCU,0,Afternoon (12-17)
SJ237,SPICEJET,BOM,CCU,2026-04-20 16:32:41.704,2026-04-20 19:00:41.704,148.0,0,2h 28m,BOM to CCU,0,Afternoon (12-17)
6F194,INDIGO,BOM,CCU,2026-04-20 16:29:41.703,2026-04-20 18:27:41.703,118.0,0,1h 58m,BOM to CCU,0,Afternoon (12-17)
UK063,VISTARA,DEL,BOM,2026-04-20 16:29:41.701,2026-04-20 17:41:41.701,72.0,0,1h 12m,DEL to BOM,0,Afternoon (12-17)
UK068,VISTARA,BLR,MAA,2026-04-20 16:28:41.701,2026-04-20 18:09:41.701,101.0,0,1h 41m,BLR to MAA,0,Afternoon (12-17)
UK077,Vistara,HYD,BOM,2026-04-20 16:22:41.702,2026-04-20 18:00:41.702,98.0,0,1h 38m,HYD to BOM,0,Afternoon (12-17)
UK207,VISTARA,MAA,CCU,2026-04-20 16:21:41.703,2026-04-20 17:36:41.703,75.0,0,1h 15m,MAA to CCU,0,Afternoon (12-17)
AI221,AIR INDIA,MAA,HYD,2026-04-20 16:18:41.703,2026-04-20 18:54:41.703,156.0,0,2h 36m,MAA to HYD,0,Afternoon (12-17)
UK109,VISTARA,BLR,BOM,2026-04-20 16:06:41.702,2026-04-20 17:06:42.000,60.0,0,1h 0m,BLR to BOM,0,Afternoon (12-17)
UK089,VISTARA,BOM,HYD,2026-04-20 15:38:41.702,2026-04-20 19:50:41.702,252.0,0,4h 12m,BOM to HYD,1,Afternoon (12-17)
AI072,AIR INDIA,BLR,CCU,2026-04-20 15:34:41.702,2026-04-20 16:32:41.702,58.0,0,0h 58m,BLR to CCU,0,Afternoon (12-17)
UK131,VISTARA,BOM,DEL,2026-04-20 15:33:41.702,2026-04-20 19:39:41.702,246.0,0,4h 6m,BOM to DEL,1,Afternoon (12-17)
SJ150,SPICEJET,BOM,HYD,2026-04-20 15:33:41.702,2026-04-20 19:03:41.702,210.0,0,3h 30m,BOM to HYD,0,Afternoon (12-17)
6F097,INDIGO,BLR,BOM,2026-04-20 15:32:41.702,2026-04-20 16:49:41.702,77.0,0,1h 17m,BLR to BOM,0,Afternoon (12-17)
6F123,INDIGO,DEL,HYD,2026-04-20 15:26:41.702,2026-04-20 17:12:41.702,106.0,0,1h 46m,DEL to HYD,0,Afternoon (12-17)
6F017,INDIGO,CCU,BOM,2026-04-20 15:25:41.701,2026-04-20 18:06:41.701,161.0,0,2h 41m,CCU to BOM,0,Afternoon (12-17)
6F245,INDIGO,CCU,BOM,2026-04-20 15:25:41.701,2026-04-20 18:06:41.701,161.0,0,2h 41m,CCU to BOM,0,Afternoon (12-17)
6F180,INDIGO,MAA,BLR,2026-04-20 15:24:41.703,2026-04-20 19:48:41.703,264.0,0,4h 24m,MAA to BLR,1,Afternoon (12-17)
6F152,INDIGO,CCU,DEL,2026-04-20 15:21:41.703,2026-04-20 17:25:41.703,124.0,0,2h 4m,CCU to DEL,0,Afternoon (12-17)
SJ034,SPICEJET,MAA,BOM,2026-04-20 15:20:41.701,2026-04-20 20:11:41.701,291.0,0,4h 51m,MAA to BOM,1,Afternoon (12-17)
SJ142,SPICEJET,CCU,BOM,2026-04-20 15:14:41.702,2026-04-20 16:56:41.702,102.0,0,1h 42m,CCU to BOM,0,Afternoon (12-17)
UK189,VISTARA,BLR,MAA,2026-04-20 15:07:41.703,2026-04-20 18:51:41.703,224.0,0,3h 44m,BLR to MAA,0,Afternoon (12-17)
SJ044,SPICEJET,DEL,CCU,2026-04-20 15:06:41.701,2026-04-20 17:43:41.701,157.0,0,2h 37m,DEL to CCU,0,Afternoon (12-17)
SJ196,SPICEJET,DEL,HYD,2026-04-20 14:58:41.703,2026-04-20 17:44:41.703,166.0,0,2h 46m,DEL to HYD,0,Afternoon (12-17)
6F188,INDIGO,DEL,HYD,2026-04-20 14:57:41.703,2026-04-20 19:39:41.703,282.0,0,4h 42m,DEL to HYD,1,Afternoon (12-17)
6F181,INDIGO,BOM,MAA,2026-04-20 14:55:41.703,2026-04-20 16:43:41.703,108.0,0,1h 48m,BOM to MAA,0,Afternoon (12-17)
6F077,INDIGO,CCU,DEL,2026-04-20 14:55:41.702,2026-04-20 19:13:41.702,258.0,0,4h 18m,CCU to DEL,1,Afternoon (12-17)
SJ154,SPICEJET,BLR,HYD,2026-04-20 14:47:41.702,2026-04-20 16:26:41.702,99.0,0,1h 39m,BLR to HYD,0,Afternoon (12-17)
AI025,AIR INDIA,HYD,DEL,2026-04-20 14:46:41.701,2026-04-20 17:11:41.701,145.0,0,2h 25m,HYD to DEL,0,Afternoon (12-17)
AI094,AIR INDIA,DEL,BLR,2026-04-20 14:44:41.702,2026-04-20 15:44:42.000,60.0,0,1h 0m,DEL to BLR,0,Afternoon (12-17)
6F191,INDIGO,BLR,DEL,2026-04-20 14:41:41.703,2026-04-20 15:11:41.703,30.0,0,0h 30m,BLR to DEL,0,Afternoon (12-17)
SJ085,SPICEJET,BLR,MAA,2026-04-20 14:41:41.702,2026-04-20 19:11:41.702,270.0,0,4h 30m,BLR to MAA,1,Afternoon (12-17)
6F129,INDIGO,DEL,CCU,2026-04-20 14:28:41.702,2026-04-20 16:47:41.702,139.0,0,2h 19m,DEL to CCU,0,Afternoon (12-17)
SJ185,SPICEJET,BOM,CCU,2026-04-20 14:21:41.703,2026-04-20 15:21:41.703,60.0,0,1h 0m,BOM to CCU,0,Afternoon (12-17)
6F030,INDIGO,BOM,DEL,2026-04-20 14:20:41.701,2026-04-20 17:10:41.701,170.0,0,2h 50m,BOM to DEL,0,Afternoon (12-17)
SJ222,SPICEJET,BOM,DEL,2026-04-20 14:15:41.703,2026-04-20 17:09:41.703,174.0,0,2h 54m,BOM to DEL,0,Afternoon (12-17)
UK083,VISTARA,DEL,HYD,2026-04-20 14:10:41.702,2026-04-20 14:59:41.702,49.0,0,0h 49m,DEL to HYD,0,Afternoon (12-17)
6F051,INDIGO,BLR,BOM,2026-04-20 13:58:41.701,2026-04-20 15:58:41.701,120.0,0,2h 0m,BLR to BOM,0,Afternoon (12-17)
SJ088,SPICEJET,CCU,MAA,2026-04-20 13:54:41.702,2026-04-20 14:26:41.702,32.0,0,0h 32m,CCU to MAA,0,Afternoon (12-17)
6F146,INDIGO,HYD,MAA,2026-04-20 13:51:41.703,2026-04-20 15:07:41.703,76.0,0,1h 16m,HYD to MAA,0,Afternoon (12-17)
6F047,INDIGO,MAA,DEL,2026-04-20 13:50:41.701,2026-04-20 15:55:41.701,125.0,0,2h 5m,MAA to DEL,0,Afternoon (12-17)
AI077,AIR INDIA,CCU,HYD,2026-04-20 13:45:41.702,2026-04-20 14:51:41.702,66.0,0,1h 6m,CCU to HYD,0,Afternoon (12-17)
UK134,VISTARA,HYD,CCU,2026-04-20 13:44:41.702,2026-04-20 17:26:41.702,222.0,0,3h 42m,HYD to CCU,1,Afternoon (12-17)
AI056,AIR INDIA,DEL,MAA,2026-04-20 13:44:41.701,2026-04-20 17:39:41.701,235.0,0,3h 55m,DEL to MAA,0,Afternoon (12-17)
AI030,AIR INDIA,CCU,HYD,2026-04-20 13:33:41.701,2026-04-20 16:52:41.701,199.0,0,3h 19m,CCU to HYD,1,Afternoon (12-17)
AI029,AIR INDIA,MAA,DEL,2026-04-20 13:29:41.701,2026-04-20 17:53:41.701,264.0,0,4h 24m,MAA to DEL,1,Afternoon (12-17)
SJ167,SPICEJET,MAA,CCU,2026-04-20 13:18:41.703,2026-04-20 14:12:41.703,54.0,0,0h 54m,MAA to CCU,0,Afternoon (12-17)
UK017,VISTARA,BLR,HYD,2026-04-20 13:14:41.701,2026-04-20 14:49:41.701,95.0,0,1h 35m,BLR to HYD,0,Afternoon (12-17)
6F229,INDIGO,MAA,DEL,2026-04-20 13:10:41.704,2026-04-20 14:30:41.704,80.0,0,1h 20m,MAA to DEL,0,Afternoon (12-17)
SJ117,SPICEJET,MAA,BLR,2026-04-20 13:10:41.702,2026-04-20 17:06:41.702,236.0,0,3h 56m,MAA to BLR,1,Afternoon (12-17)
6F184,INDIGO,MAA,BOM,2026-04-20 13:05:41.703,2026-04-20 16:04:41.703,179.0,0,2h 59m,MAA to BOM,0,Afternoon (12-17)
AI031,AIR INDIA,DEL,MAA,2026-04-20 13:05:41.701,2026-04-20 16:11:41.701,186.0,0,3h 6m,DEL to MAA,0,Afternoon (12-17)
AI178,AIR INDIA,CCU,BLR,2026-04-20 13:04:41.703,2026-04-20 14:03:41.703,59.0,0,0h 59m,CCU to BLR,0,Afternoon (12-17)
SJ089,SPICEJET,HYD,CCU,2026-04-20 12:42:41.702,2026-04-20 17:15:41.702,273.0,0,4h 33m,HYD to CCU,1,Afternoon (12-17)
UK166,VISTARA,HYD,MAA,2026-04-20 12:39:41.703,2026-04-20 17:32:41.703,293.0,0,4h 53m,HYD to MAA,1,Afternoon (12-17)
UK104,VISTARA,DEL,BOM,2026-04-20 12:30:41.702,2026-04-20 13:52:41.702,82.0,0,1h 22m,DEL to BOM,0,Afternoon (12-17)
6F168,INDIGO,HYD,DEL,2026-04-20 12:18:41.703,2026-04-20 15:58:41.703,220.0,0,3h 40m,HYD to DEL,0,Afternoon (12-17)
AI222,Air India,BOM,DEL,2026-04-20 12:10:41.703,2026-04-20 13:14:41.703,64.0,0,1h 4m,BOM to DEL,0,Afternoon (12-17)
SJ025,SPICEJET,BOM,CCU,2026-04-20 12:02:41.701,2026-04-20 15:29:41.701,207.0,0,3h 27m,BOM to CCU,0,Afternoon (12-17)
UK228,VISTARA,DEL,MAA,2026-04-20 11:58:41.704,2026-04-20 15:08:41.704,190.0,0,3h 10m,DEL to MAA,0,Morning (09-12)
6F158,INDIGO,CCU,MAA,2026-04-20 11:58:41.703,2026-04-20 16:04:41.703,246.0,0,4h 6m,CCU to MAA,1,Morning (09-12)
SJ218,SPICEJET,DEL,HYD,2026-04-20 11:58:41.703,2026-04-20 15:03:41.703,185.0,0,3h 5m,DEL to HYD,0,Morning (09-12)
6F034,INDIGO,BOM,DEL,2026-04-20 11:53:41.701,2026-04-20 12:49:41.701,56.0,0,0h 56m,BOM to DEL,0,Morning (09-12)
UK156,VISTARA,MAA,BLR,2026-04-20 11:50:41.703,2026-04-20 15:54:41.703,244.0,0,4h 4m,MAA to BLR,1,Morning (09-12)
6F105,INDIGO,BLR,BOM,2026-04-20 11:46:41.702,2026-04-20 12:58:41.702,72.0,0,1h 12m,BLR to BOM,0,Morning (09-12)
6F073,INDIGO,DEL,CCU,2026-04-20 11:38:41.702,2026-04-20 15:18:41.702,220.0,0,3h 40m,DEL to CCU,1,Morning (09-12)
SJ074,SPICEJET,DEL,CCU,2026-04-20 11:21:41.701,2026-04-20 12:02:41.701,41.0,0,0h 41m,DEL to CCU,0,Morning (09-12)
6F234,INDIGO,BOM,DEL,2026-04-20 11:20:41.704,2026-04-20 14:11:41.704,171.0,0,2h 51m,BOM to DEL,0,Morning (09-12)
6F068,INDIGO,BLR,HYD,2026-04-20 11:17:41.701,2026-04-20 15:06:41.701,229.0,0,3h 49m,BLR to HYD,1,Morning (09-12)
6F074,INDIGO,HYD,BOM,2026-04-20 11:09:41.702,2026-04-20 14:29:41.702,200.0,0,3h 20m,HYD to BOM,1,Morning (09-12)
AI038,AIR INDIA,HYD,MAA,2026-04-20 11:05:41.701,2026-04-20 15:44:41.701,279.0,0,4h 39m,HYD to MAA,1,Morning (09-12)
AI079,AIR INDIA,CCU,BLR,2026-04-20 11:04:41.702,2026-04-20 13:19:41.702,135.0,0,2h 15m,CCU to BLR,0,Morning (09-12)
SJ018,SPICEJET,BOM,CCU,2026-04-20 10:58:41.701,2026-04-20 13:31:41.701,153.0,0,2h 33m,BOM to CCU,0,Morning (09-12)
6F018,INDIGO,DEL,BLR,2026-04-20 10:57:41.701,2026-04-20 11:43:41.701,46.0,0,0h 46m,DEL to BLR,0,Morning (09-12)
AI091,AIR INDIA,CCU,MAA,2026-04-20 10:52:41.702,2026-04-20 15:15:41.702,263.0,0,4h 23m,CCU to MAA,1,Morning (09-12)
UK071,VISTARA,DEL,HYD,2026-04-20 10:50:41.701,2026-04-20 14:06:41.701,196.0,0,3h 16m,DEL to HYD,0,Morning (09-12)
AI019,AIR INDIA,BOM,CCU,2026-04-20 10:49:41.701,2026-04-20 11:51:41.701,62.0,0,1h 2m,BOM to CCU,0,Morning (09-12)
UK212,VISTARA,HYD,MAA,2026-04-20 10:46:41.704,2026-04-20 11:31:41.704,45.0,0,0h 45m,HYD to MAA,0,Morning (09-12)
AI146,AIR INDIA,BLR,DEL,2026-04-20 10:40:41.702,2026-04-20 13:46:41.702,186.0,0,3h 6m,BLR to DEL,0,Morning (09-12)
6F232,INDIGO,MAA,BLR,2026-04-20 10:39:41.704,2026-04-20 12:22:41.704,103.0,0,1h 43m,MAA to BLR,0,Morning (09-12)
6F084,INDIGO,CCU,HYD,2026-04-20 10:34:41.702,2026-04-20 11:34:42.000,60.0,0,1h 0m,CCU to HYD,0,Morning (09-12)
AI129,AIR INDIA,BOM,CCU,2026-04-20 10:29:41.702,2026-04-20 13:38:41.702,189.0,0,3h 9m,BOM to CCU,0,Morning (09-12)
AI240,AIR INDIA,MAA,DEL,2026-04-20 10:19:41.704,2026-04-20 12:46:41.704,147.0,0,2h 27m,MAA to DEL,0,Morning (09-12)
6F091,INDIGO,BLR,CCU,2026-04-20 10:10:41.702,2026-04-20 11:36:41.702,86.0,0,1h 26m,BLR to CCU,0,Morning (09-12)
UK133,VISTARA,BOM,DEL,2026-04-20 10:04:41.702,2026-04-20 13:16:41.702,192.0,0,3h 12m,BOM to DEL,0,Morning (09-12)
SJ007,SPICEJET,BOM,CCU,2026-04-20 10:03:41.701,2026-04-20 14:53:41.701,290.0,0,4h 50m,BOM to CCU,1,Morning (09-12)
SJ141,SPICEJET,CCU,DEL,2026-04-20 10:00:41.702,2026-04-20 13:37:41.702,217.0,0,3h 37m,CCU to DEL,1,Morning (09-12)
6F049,INDIGO,HYD,DEL,2026-04-20 10:00:41.701,2026-04-20 13:13:41.701,193.0,0,3h 13m,HYD to DEL,0,Morning (09-12)
SJ235,SPICEJET,BOM,DEL,2026-04-20 09:57:41.704,2026-04-20 13:45:41.704,228.0,0,3h 48m,BOM to DEL,1,Morning (09-12)
UK087,VISTARA,HYD,MAA,2026-04-20 09:49:41.702,2026-04-20 13:17:41.702,208.0,0,3h 28m,HYD to MAA,1,Morning (09-12)
UK170,VISTARA,BOM,BLR,2026-04-20 09:42:41.703,2026-04-20 11:32:41.703,110.0,0,1h 50m,BOM to BLR,0,Morning (09-12)
SJ078,SPICEJET,DEL,HYD,2026-04-20 09:41:41.701,2026-04-20 12:49:41.701,188.0,0,3h 8m,DEL to HYD,0,Morning (09-12)
SJ075,SPICEJET,MAA,BLR,2026-04-20 09:26:41.701,2026-04-20 11:03:41.701,97.0,0,1h 37m,MAA to BLR,0,Morning (09-12)
AI159,AIR INDIA,HYD,BLR,2026-04-20 09:23:41.703,2026-04-20 11:36:41.703,133.0,0,2h 13m,HYD to BLR,0,Morning (09-12)
UK120,VISTARA,HYD,DEL,2026-04-20 09:19:41.702,2026-04-20 13:30:41.702,251.0,0,4h 11m,HYD to DEL,1,Morning (09-12)
AI059,AIR INDIA,CCU,DEL,2026-04-20 09:16:41.701,2026-04-20 11:43:41.701,147.0,0,2h 27m,CCU to DEL,0,Morning (09-12)
UK040,VISTARA,HYD,CCU,2026-04-20 09:15:41.701,2026-04-20 10:32:41.701,77.0,0,1h 17m,HYD to CCU,0,Morning (09-12)
AI044,Air India,MAA,BLR,2026-04-20 09:03:41.701,2026-04-20 12:36:41.701,213.0,0,3h 33m,MAA to BLR,0,Morning (09-12)
AI078,AIR INDIA,DEL,BOM,2026-04-20 08:58:41.702,2026-04-20 13:28:41.702,270.0,0,4h 30m,DEL to BOM,1,Early Morning (05-09)
SJ226,SPICEJET,HYD,BOM,2026-04-20 08:47:41.704,2026-04-20 12:54:41.704,247.0,0,4h 7m,HYD to BOM,1,Early Morning (05-09)
6F209,INDIGO,MAA,CCU,2026-04-20 08:40:41.703,2026-04-20 13:40:41.703,300.0,0,5h 0m,MAA to CCU,1,Early Morning (05-09)
UK193,VISTARA,HYD,DEL,2026-04-20 08:39:41.703,2026-04-20 09:14:41.703,35.0,0,0h 35m,HYD to DEL,0,Early Morning (05-09)
6F092,INDIGO,MAA,BLR,2026-04-20 08:39:41.702,2026-04-20 09:15:41.702,36.0,0,0h 36m,MAA to BLR,0,Early Morning (05-09)
AI208,AIR INDIA,BLR,BOM,2026-04-20 08:38:41.703,2026-04-20 11:52:41.703,194.0,0,3h 14m,BLR to BOM,0,Early Morning (05-09)
SJ227,SPICEJET,BOM,CCU,2026-04-20 08:32:41.704,2026-04-20 12:53:41.704,261.0,0,4h 21m,BOM to CCU,1,Early Morning (05-09)
6F238,INDIGO,BOM,DEL,2026-04-20 08:31:41.704,2026-04-20 09:19:41.704,48.0,0,0h 48m,BOM to DEL,0,Early Morning (05-09)
AI084,AIR INDIA,BOM,HYD,2026-04-20 08:31:41.702,2026-04-20 09:46:41.702,75.0,0,1h 15m,BOM to HYD,0,Early Morning (05-09)
SJ228,SPICEJET,BOM,CCU,2026-04-20 08:29:41.704,2026-04-20 12:16:41.704,227.0,0,3h 47m,BOM to CCU,1,Early Morning (05-09)
UK194,VISTARA,CCU,BOM,2026-04-20 08:26:41.703,2026-04-20 09:26:42.000,60.0,0,1h 0m,CCU to BOM,0,Early Morning (05-09)
6F126,INDIGO,CCU,MAA,2026-04-20 08:21:41.702,2026-04-20 09:39:41.702,78.0,0,1h 18m,CCU to MAA,0,Early Morning (05-09)
SJ052,SPICEJET,MAA,BLR,2026-04-20 08:20:41.701,2026-04-20 09:57:41.701,97.0,0,1h 37m,MAA to BLR,0,Early Morning (05-09)
AI233,AIR INDIA,BLR,BOM,2026-04-20 08:04:41.704,2026-04-20 09:52:41.704,108.0,0,1h 48m,BLR to BOM,0,Early Morning (05-09)
AI213,AIR INDIA,HYD,CCU,2026-04-20 08:03:41.703,2026-04-20 09:14:41.703,71.0,0,1h 11m,HYD to CCU,0,Early Morning (05-09)
UK076,VISTARA,MAA,CCU,2026-04-20 08:03:41.702,2026-04-20 12:26:41.702,263.0,0,4h 23m,MAA to CCU,1,Early Morning (05-09)
SJ022,SPICEJET,DEL,BLR,2026-04-20 07:56:41.701,2026-04-20 11:07:41.701,191.0,0,3h 11m,DEL to BLR,0,Early Morning (05-09)
SJ002,SPICEJET,DEL,BOM,2026-04-20 07:54:41.701,2026-04-20 12:40:41.701,286.0,0,4h 46m,DEL to BOM,1,Early Morning (05-09)
AI163,AIR INDIA,HYD,MAA,2026-04-20 07:45:41.703,2026-04-20 08:46:41.703,61.0,0,1h 1m,HYD to MAA,0,Early Morning (05-09)
UK229,Vistara,HYD,DEL,2026-04-20 07:40:41.704,2026-04-20 11:57:41.704,257.0,0,4h 17m,HYD to DEL,1,Early Morning (05-09)
UK185,VISTARA,DEL,MAA,2026-04-20 07:31:41.703,2026-04-20 08:48:41.703,77.0,0,1h 17m,DEL to MAA,0,Early Morning (05-09)
6F029,INDIGO,BOM,BLR,2026-04-20 07:31:41.701,2026-04-20 11:45:41.701,254.0,0,4h 14m,BOM to BLR,1,Early Morning (05-09)
6F056,INDIGO,BOM,MAA,2026-04-20 07:00:41.701,2026-04-20 08:49:41.701,109.0,0,1h 49m,BOM to MAA,0,Early Morning (05-09)
AI062,AIR INDIA,MAA,DEL,2026-04-20 06:49:41.701,2026-04-20 07:25:41.701,36.0,0,0h 36m,MAA to DEL,0,Early Morning (05-09)
UK034,VISTARA,DEL,BLR,2026-04-20 06:47:41.701,2026-04-20 10:11:41.701,204.0,0,3h 24m,DEL to BLR,0,Early Morning (05-09)
UK079,VISTARA,DEL,BLR,2026-04-20 06:43:41.702,2026-04-20 10:34:41.702,231.0,0,3h 51m,DEL to BLR,1,Early Morning (05-09)
AI135,AIR INDIA,BLR,BOM,2026-04-20 06:40:41.702,2026-04-20 09:21:41.702,161.0,0,2h 41m,BLR to BOM,0,Early Morning (05-09)
SJ061,SPICEJET,MAA,BLR,2026-04-20 06:38:41.701,2026-04-20 09:35:41.701,177.0,0,2h 57m,MAA to BLR,0,Early Morning (05-09)
UK210,VISTARA,DEL,CCU,2026-04-20 06:35:41.704,2026-04-20 07:30:41.704,55.0,0,0h 55m,DEL to CCU,0,Early Morning (05-09)
AI088,Air India,MAA,DEL,2026-04-20 06:34:41.702,2026-04-20 10:10:41.702,216.0,0,3h 36m,MAA to DEL,1,Early Morning (05-09)
UK177,VISTARA,DEL,HYD,2026-04-20 06:21:41.703,2026-04-20 10:50:41.703,269.0,0,4h 29m,DEL to HYD,1,Early Morning (05-09)
AI158,AIR INDIA,CCU,DEL,2026-04-20 06:04:41.703,2026-04-20 09:01:41.703,177.0,0,2h 57m,CCU to DEL,0,Early Morning (05-09)
UK206,VISTARA,MAA,BLR,2026-04-20 06:01:41.703,2026-04-20 10:34:41.703,273.0,0,4h 33m,MAA to BLR,1,Early Morning (05-09)
AI034,AIR INDIA,DEL,BOM,2026-04-20 05:48:41.701,2026-04-20 10:31:41.701,283.0,0,4h 43m,DEL to BOM,1,Early Morning (05-09)
AI012,AIR INDIA,BOM,CCU,2026-04-20 05:44:41.701,2026-04-20 09:47:41.701,243.0,0,4h 3m,BOM to CCU,1,Early Morning (05-09)
6F083,INDIGO,BLR,DEL,2026-04-20 05:24:41.702,2026-04-20 06:03:41.702,39.0,0,0h 39m,BLR to DEL,0,Early Morning (05-09)
SJ083,SPICEJET,MAA,BLR,2026-04-20 05:13:41.702,2026-04-20 08:17:41.702,184.0,0,3h 4m,MAA to BLR,0,Early Morning (05-09)
SJ186,SPICEJET,CCU,DEL,2026-04-20 05:11:41.703,2026-04-20 07:22:41.703,131.0,0,2h 11m,CCU to DEL,0,Early Morning (05-09)
UK001,VISTARA,CCU,DEL,2026-04-20 05:06:41.700,2026-04-20 06:31:41.700,85.0,0,1h 25m,CCU to DEL,0,Early Morning (05-09)
AI217,AIR INDIA,CCU,BLR,2026-04-20 04:57:41.703,2026-04-20 07:14:41.703,137.0,0,2h 17m,CCU to BLR,0,Night (21-05)
6F178,INDIGO,BOM,CCU,2026-04-20 04:48:41.703,2026-04-20 09:11:41.703,263.0,0,4h 23m,BOM to CCU,1,Night (21-05)
UK015,VISTARA,BLR,BOM,2026-04-20 04:46:41.701,2026-04-20 06:33:41.701,107.0,0,1h 47m,BLR to BOM,0,Night (21-05)
AI112,AIR INDIA,DEL,BLR,2026-04-20 04:41:41.702,2026-04-20 08:24:41.702,223.0,0,3h 43m,DEL to BLR,1,Night (21-05)
UK100,VISTARA,CCU,BLR,2026-04-20 04:40:41.702,2026-04-20 07:12:41.702,152.0,0,2h 32m,CCU to BLR,0,Night (21-05)
6F133,INDIGO,MAA,BLR,2026-04-20 04:38:41.702,2026-04-20 06:25:41.702,107.0,0,1h 47m,MAA to BLR,0,Night (21-05)
AI227,AIR INDIA,BLR,MAA,2026-04-20 04:31:41.703,2026-04-20 08:17:41.703,226.0,0,3h 46m,BLR to MAA,0,Night (21-05)
UK093,VISTARA,HYD,CCU,2026-04-20 04:31:41.702,2026-04-20 05:21:41.702,50.0,0,0h 50m,HYD to CCU,0,Night (21-05)
UK203,VISTARA,BLR,HYD,2026-04-20 04:12:41.703,2026-04-20 05:24:41.703,72.0,0,1h 12m,BLR to HYD,0,Night (21-05)
UK154,VISTARA,MAA,HYD,2026-04-20 04:00:41.703,2026-04-20 07:57:41.703,237.0,0,3h 57m,MAA to HYD,1,Night (21-05)
UK073,VISTARA,BLR,CCU,2026-04-20 03:59:41.702,2026-04-20 08:09:41.702,250.0,0,4h 10m,BLR to CCU,1,Night (21-05)
AI164,AIR INDIA,DEL,BLR,2026-04-20 03:57:41.703,2026-04-20 05:45:41.703,108.0,0,1h 48m,DEL to BLR,0,Night (21-05)
UK008,VISTARA,CCU,BLR,2026-04-20 03:57:41.701,2026-04-20 04:34:41.701,37.0,0,0h 37m,CCU to BLR,0,Night (21-05)
UK051,VISTARA,HYD,DEL,2026-04-20 03:55:41.701,2026-04-20 06:55:41.701,180.0,0,3h 0m,HYD to DEL,0,Night (21-05)
UK208,VISTARA,DEL,CCU,2026-04-20 03:54:41.704,2026-04-20 08:51:41.704,297.0,0,4h 57m,DEL to CCU,1,Night (21-05)
AI150,AIR INDIA,BOM,DEL,2026-04-20 03:51:41.703,2026-04-20 04:38:41.703,47.0,0,0h 47m,BOM to DEL,0,Night (21-05)
AI189,AIR INDIA,CCU,DEL,2026-04-20 03:44:41.703,2026-04-20 05:32:41.703,108.0,0,1h 48m,CCU to DEL,0,Night (21-05)
6F230,INDIGO,CCU,BLR,2026-04-20 03:34:41.704,2026-04-20 06:47:41.704,193.0,0,3h 13m,CCU to BLR,0,Night (21-05)
6F169,INDIGO,BOM,DEL,2026-04-20 03:27:41.703,2026-04-20 08:06:41.703,279.0,0,4h 39m,BOM to DEL,1,Night (21-05)
AI205,AIR INDIA,BLR,BOM,2026-04-20 03:26:41.703,2026-04-20 05:14:41.703,108.0,0,1h 48m,BLR to BOM,0,Night (21-05)
AI103,AIR INDIA,BLR,BOM,2026-04-20 03:26:41.702,2026-04-20 04:04:41.702,38.0,0,0h 38m,BLR to BOM,0,Night (21-05)
6F250,IndiGo,DEL,BLR,2026-04-20 03:26:41.701,2026-04-20 07:30:41.701,244.0,0,4h 4m,DEL to BLR,1,Night (21-05)
AI246,AIR INDIA,BOM,BLR,2026-04-20 03:22:41.704,2026-04-20 06:41:41.704,199.0,0,3h 19m,BOM to BLR,0,Night (21-05)
6F187,INDIGO,BOM,MAA,2026-04-20 03:19:41.703,2026-04-20 07:37:41.703,258.0,0,4h 18m,BOM to MAA,1,Night (21-05)
AI082,AIR INDIA,DEL,CCU,2026-04-20 03:19:41.702,2026-04-20 06:01:41.702,162.0,0,2h 42m,DEL to CCU,0,Night (21-05)
UK116,VISTARA,CCU,BOM,2026-04-20 03:18:41.702,2026-04-20 07:06:41.702,228.0,0,3h 48m,CCU to BOM,1,Night (21-05)
SJ169,SPICEJET,BOM,MAA,2026-04-20 03:10:41.703,2026-04-20 07:56:41.703,286.0,0,4h 46m,BOM to MAA,1,Night (21-05)
AI175,AIR INDIA,BOM,HYD,2026-04-20 03:08:41.703,2026-04-20 06:55:41.703,227.0,0,3h 47m,BOM to HYD,0,Night (21-05)
SJ098,SPICEJET,HYD,MAA,2026-04-20 03:02:41.702,2026-04-20 03:37:41.702,35.0,0,0h 35m,HYD to MAA,0,Night (21-05)
SJ191,SPICEJET,BLR,BOM,2026-04-20 03:01:41.703,2026-04-20 04:23:41.703,82.0,0,1h 22m,BLR to BOM,0,Night (21-05)
SJ017,SPICEJET,DEL,MAA,2026-04-20 02:57:41.701,2026-04-20 05:00:41.701,123.0,0,2h 3m,DEL to MAA,0,Night (21-05)
UK188,VISTARA,MAA,BLR,2026-04-20 02:55:41.703,2026-04-20 03:44:41.703,49.0,0,0h 49m,MAA to BLR,0,Night (21-05)
AI196,AIR INDIA,MAA,HYD,2026-04-20 02:52:41.703,2026-04-20 04:25:41.703,93.0,0,1h 33m,MAA to HYD,0,Night (21-05)
AI068,AIR INDIA,BOM,BLR,2026-04-20 02:48:41.702,2026-04-20 04:48:42.000,120.0,0,2h 0m,BOM to BLR,0,Night (21-05)
SJ097,SPICEJET,BOM,CCU,2026-04-20 02:37:41.702,2026-04-20 05:27:41.702,170.0,0,2h 50m,BOM to CCU,0,Night (21-05)
SJ030,SPICEJET,DEL,HYD,2026-04-20 02:36:41.701,2026-04-20 03:19:41.701,43.0,0,0h 43m,DEL to HYD,0,Night (21-05)
6F179,INDIGO,HYD,MAA,2026-04-20 02:25:41.703,2026-04-20 06:40:41.703,255.0,0,4h 15m,HYD to MAA,1,Night (21-05)
6F156,INDIGO,MAA,BOM,2026-04-20 02:23:41.703,2026-04-20 04:57:41.703,154.0,0,2h 34m,MAA to BOM,0,Night (21-05)
SJ057,SPICEJET,BOM,CCU,2026-04-20 02:17:41.701,2026-04-20 05:29:41.701,192.0,0,3h 12m,BOM to CCU,0,Night (21-05)
6F036,INDIGO,CCU,BLR,2026-04-20 02:14:41.701,2026-04-20 06:57:41.701,283.0,0,4h 43m,CCU to BLR,1,Night (21-05)
6F201,INDIGO,CCU,BOM,2026-04-20 02:09:41.703,2026-04-20 06:49:41.703,280.0,0,4h 40m,CCU to BOM,1,Night (21-05)
6F143,INDIGO,CCU,DEL,2026-04-20 02:09:41.702,2026-04-20 06:08:41.702,239.0,0,3h 59m,CCU to DEL,1,Night (21-05)
6F177,INDIGO,HYD,MAA,2026-04-20 02:03:41.703,2026-04-20 04:25:41.703,142.0,0,2h 22m,HYD to MAA,0,Night (21-05)
6F031,INDIGO,BOM,BLR,2026-04-20 02:00:41.701,2026-04-20 06:37:41.701,277.0,0,4h 37m,BOM to BLR,1,Night (21-05)
UK165,VISTARA,DEL,BLR,2026-04-20 01:51:41.703,2026-04-20 06:04:41.703,253.0,0,4h 13m,DEL to BLR,1,Night (21-05)
6F122,INDIGO,DEL,BLR,2026-04-20 01:44:41.702,2026-04-20 05:28:41.702,224.0,0,3h 44m,DEL to BLR,1,Night (21-05)
6F046,INDIGO,DEL,BLR,2026-04-20 01:27:41.701,2026-04-20 05:08:41.701,221.0,0,3h 41m,DEL to BLR,0,Night (21-05)
AI051,AIR INDIA,MAA,BLR,2026-04-20 01:27:41.701,2026-04-20 02:22:41.701,55.0,0,0h 55m,MAA to BLR,0,Night (21-05)
UK222,VISTARA,BOM,CCU,2026-04-20 01:22:41.704,2026-04-20 02:57:41.704,95.0,0,1h 35m,BOM to CCU,0,Night (21-05)
SJ127,SPICEJET,BOM,DEL,2026-04-20 01:21:41.702,2026-04-20 03:58:41.702,157.0,0,2h 37m,BOM to DEL,0,Night (21-05)
AI216,AIR INDIA,BOM,CCU,2026-04-20 01:10:41.703,2026-04-20 02:34:41.703,84.0,0,1h 24m,BOM to CCU,0,Night (21-05)
6F058,INDIGO,BOM,CCU,2026-04-20 01:04:41.701,2026-04-20 03:33:41.701,149.0,0,2h 29m,BOM to CCU,0,Night (21-05)
SJ207,SPICEJET,DEL,CCU,2026-04-20 00:52:41.703,2026-04-20 04:05:41.703,193.0,0,3h 13m,DEL to CCU,1,Night (21-05)
SJ198,SPICEJET,CCU,BOM,2026-04-20 00:47:41.703,2026-04-20 05:28:41.703,281.0,0,4h 41m,CCU to BOM,1,Night (21-05)
SJ108,SPICEJET,BLR,HYD,2026-04-20 00:40:41.702,2026-04-20 03:16:41.702,156.0,0,2h 36m,BLR to HYD,0,Night (21-05)
SJ155,SPICEJET,DEL,CCU,2026-04-20 00:38:41.702,2026-04-20 05:38:41.702,300.0,0,5h 0m,DEL to CCU,1,Night (21-05)
6F193,INDIGO,BOM,MAA,2026-04-20 00:34:41.703,2026-04-20 02:32:41.703,118.0,0,1h 58m,BOM to MAA,0,Night (21-05)
6F019,INDIGO,BLR,BOM,2026-04-20 00:19:41.701,2026-04-20 04:14:41.701,235.0,0,3h 55m,BLR to BOM,1,Night (21-05)
AI102,AIR INDIA,CCU,BLR,2026-04-20 00:17:41.702,2026-04-20 05:08:41.702,291.0,0,4h 51m,CCU to BLR,1,Night (21-05)
6F166,INDIGO,BOM,CCU,2026-04-20 00:03:41.703,2026-04-20 04:33:41.703,270.0,0,4h 30m,BOM to CCU,1,Night (21-05)
UK175,VISTARA,BLR,BOM,2026-04-19 23:56:41.703,2026-04-20 03:18:41.703,202.0,1,3h 22m,BLR to BOM,1,Night (21-05)
6F010,INDIGO,DEL,BLR,2026-04-19 23:53:41.701,2026-04-20 03:44:41.701,231.0,1,3h 51m,DEL to BLR,1,Night (21-05)
AI234,AIR INDIA,BOM,MAA,2026-04-19 23:50:41.704,2026-04-20 01:34:41.704,104.0,1,1h 44m,BOM to MAA,0,Night (21-05)
UK135,VISTARA,HYD,DEL,2026-04-19 23:50:41.702,2026-04-20 01:43:41.702,113.0,1,1h 53m,HYD to DEL,0,Night (21-05)
AI061,AIR INDIA,BOM,CCU,2026-04-19 23:31:41.701,2026-04-20 01:02:41.701,91.0,1,1h 31m,BOM to CCU,0,Night (21-05)
6F070,INDIGO,HYD,DEL,2026-04-19 23:23:41.701,2026-04-20 02:24:41.701,181.0,1,3h 1m,HYD to DEL,0,Night (21-05)
AI015,AIR INDIA,BLR,CCU,2026-04-19 23:21:41.701,2026-04-20 01:15:41.701,114.0,1,1h 54m,BLR to CCU,0,Night (21-05)
SJ076,SPICEJET,DEL,MAA,2026-04-19 23:01:41.701,2026-04-20 02:02:41.701,181.0,1,3h 1m,DEL to MAA,0,Night (21-05)
SJ029,SpiceJet,HYD,DEL,2026-04-19 22:55:41.701,2026-04-20 00:22:41.701,87.0,1,1h 27m,HYD to DEL,0,Night (21-05)
SJ194,SPICEJET,CCU,DEL,2026-04-19 22:46:41.703,2026-04-20 02:31:41.703,225.0,1,3h 45m,CCU to DEL,1,Night (21-05)
AI235,AIR INDIA,BLR,HYD,2026-04-19 22:45:41.704,2026-04-20 02:12:41.704,207.0,1,3h 27m,BLR to HYD,1,Night (21-05)
SJ048,SPICEJET,MAA,BLR,2026-04-19 22:43:41.701,2026-04-20 00:19:41.701,96.0,1,1h 36m,MAA to BLR,0,Night (21-05)
SJ114,SPICEJET,HYD,DEL,2026-04-19 22:42:41.702,2026-04-20 02:02:41.702,200.0,1,3h 20m,HYD to DEL,0,Night (21-05)
SJ146,SPICEJET,HYD,BLR,2026-04-19 22:37:41.702,2026-04-20 00:33:41.702,116.0,1,1h 56m,HYD to BLR,0,Night (21-05)
UK041,VISTARA,HYD,MAA,2026-04-19 22:37:41.701,2026-04-19 23:44:41.701,67.0,0,1h 7m,HYD to MAA,0,Night (21-05)
6F075,INDIGO,BOM,CCU,2026-04-19 22:20:41.702,2026-04-20 03:02:41.702,282.0,1,4h 42m,BOM to CCU,1,Night (21-05)
SJ020,SPICEJET,BLR,BOM,2026-04-19 22:18:41.701,2026-04-20 02:27:41.701,249.0,1,4h 9m,BLR to BOM,1,Night (21-05)
6F078,INDIGO,BOM,CCU,2026-04-19 22:04:41.702,2026-04-19 23:37:41.702,93.0,0,1h 33m,BOM to CCU,0,Night (21-05)
UK219,VISTARA,BOM,HYD,2026-04-19 22:03:41.704,2026-04-20 02:21:41.704,258.0,1,4h 18m,BOM to HYD,1,Night (21-05)
UK223,VISTARA,CCU,DEL,2026-04-19 21:58:41.704,2026-04-19 22:30:41.704,32.0,0,0h 32m,CCU to DEL,0,Night (21-05)
UK227,VISTARA,BOM,HYD,2026-04-19 21:57:41.704,2026-04-20 01:47:41.704,230.0,1,3h 50m,BOM to HYD,0,Night (21-05)
AI096,AIR INDIA,CCU,DEL,2026-04-19 21:48:41.702,2026-04-20 02:46:41.702,298.0,1,4h 58m,CCU to DEL,1,Night (21-05)
6F022,INDIGO,MAA,BLR,2026-04-19 21:46:41.701,2026-04-20 02:05:41.701,259.0,1,4h 19m,MAA to BLR,1,Night (21-05)
6F237,INDIGO,HYD,MAA,2026-04-19 21:41:41.704,2026-04-20 00:44:41.704,183.0,1,3h 3m,HYD to MAA,0,Night (21-05)
UK146,VISTARA,BOM,MAA,2026-04-19 21:40:41.703,2026-04-20 00:08:41.703,148.0,1,2h 28m,BOM to MAA,0,Night (21-05)
SJ015,SPICEJET,BOM,CCU,2026-04-19 21:40:41.701,2026-04-19 22:52:41.701,72.0,0,1h 12m,BOM to CCU,0,Night (21-05)
AI108,AIR INDIA,BLR,CCU,2026-04-19 21:32:41.702,2026-04-20 00:17:41.702,165.0,1,2h 45m,BLR to CCU,0,Night (21-05)
UK020,VISTARA,MAA,BLR,2026-04-19 21:23:41.701,2026-04-19 22:38:41.701,75.0,0,1h 15m,MAA to BLR,0,Night (21-05)
6F113,INDIGO,BOM,CCU,2026-04-19 21:04:41.702,2026-04-20 01:30:41.702,266.0,1,4h 26m,BOM to CCU,1,Night (21-05)
6F112,INDIGO,HYD,DEL,2026-04-19 21:00:41.702,2026-04-19 23:16:41.702,136.0,0,2h 16m,HYD to DEL,0,Night (21-05)
6F246,INDIGO,HYD,DEL,2026-04-19 21:00:41.702,2026-04-19 23:16:41.702,136.0,0,2h 16m,HYD to DEL,0,Night (21-05)
UK158,VISTARA,BOM,MAA,2026-04-19 20:49:41.703,2026-04-19 21:22:41.703,33.0,0,0h 33m,BOM to MAA,0,Evening (17-21)
UK159,VISTARA,CCU,BLR,2026-04-19 20:45:41.703,2026-04-19 23:32:41.703,167.0,0,2h 47m,CCU to BLR,0,Evening (17-21)
UK084,VISTARA,MAA,DEL,2026-04-19 20:44:41.702,2026-04-20 00:20:41.702,216.0,1,3h 36m,MAA to DEL,1,Evening (17-21)
SJ206,SPICEJET,DEL,CCU,2026-04-19 20:43:41.703,2026-04-20 01:21:41.703,278.0,1,4h 38m,DEL to CCU,1,Evening (17-21)
UK044,VISTARA,BLR,BOM,2026-04-19 20:31:41.701,2026-04-19 23:29:41.701,178.0,0,2h 58m,BLR to BOM,0,Evening (17-21)
SJ036,SPICEJET,DEL,HYD,2026-04-19 20:24:41.701,2026-04-19 23:54:41.701,210.0,0,3h 30m,DEL to HYD,0,Evening (17-21)
6F176,INDIGO,CCU,DEL,2026-04-19 20:23:42.000,2026-04-19 23:23:42.000,180.0,0,3h 0m,CCU to DEL,0,Evening (17-21)
6F148,INDIGO,CCU,BOM,2026-04-19 20:23:41.703,2026-04-19 22:30:41.703,127.0,0,2h 7m,CCU to BOM,0,Evening (17-21)
6F202,INDIGO,HYD,BLR,2026-04-19 20:18:41.703,2026-04-19 23:48:41.703,210.0,0,3h 30m,HYD to BLR,0,Evening (17-21)
6F071,INDIGO,DEL,CCU,2026-04-19 20:18:41.702,2026-04-20 00:31:41.702,253.0,1,4h 13m,DEL to CCU,1,Evening (17-21)
AI105,AIR INDIA,CCU,DEL,2026-04-19 20:16:41.702,2026-04-19 22:03:41.702,107.0,0,1h 47m,CCU to DEL,0,Evening (17-21)
AI241,AIR INDIA,HYD,BLR,2026-04-19 20:11:41.704,2026-04-19 22:18:41.704,127.0,0,2h 7m,HYD to BLR,0,Evening (17-21)
SJ162,SPICEJET,DEL,HYD,2026-04-19 20:11:41.703,2026-04-19 22:30:41.703,139.0,0,2h 19m,DEL to HYD,0,Evening (17-21)
6F003,INDIGO,HYD,BOM,2026-04-19 20:06:41.700,2026-04-19 23:13:41.700,187.0,0,3h 7m,HYD to BOM,0,Evening (17-21)
6F249,INDIGO,HYD,BOM,2026-04-19 20:06:41.700,2026-04-19 23:13:41.700,187.0,0,3h 7m,HYD to BOM,0,Evening (17-21)
AI237,AIR INDIA,BOM,CCU,2026-04-19 19:58:41.704,2026-04-19 23:13:41.704,195.0,0,3h 15m,BOM to CCU,0,Evening (17-21)
SJ134,SPICEJET,BOM,CCU,2026-04-19 19:58:41.702,2026-04-20 00:15:41.702,257.0,1,4h 17m,BOM to CCU,1,Evening (17-21)
AI071,AIR INDIA,BOM,MAA,2026-04-19 19:55:41.702,2026-04-19 22:58:41.702,183.0,0,3h 3m,BOM to MAA,0,Evening (17-21)
6F118,INDIGO,CCU,HYD,2026-04-19 19:52:41.702,2026-04-19 21:01:41.702,69.0,0,1h 9m,CCU to HYD,0,Evening (17-21)
6F014,INDIGO,DEL,MAA,2026-04-19 19:42:41.701,2026-04-19 23:15:41.701,213.0,0,3h 33m,DEL to MAA,0,Evening (17-21)
6F065,INDIGO,MAA,BLR,2026-04-19 19:40:41.701,2026-04-19 22:23:41.701,163.0,0,2h 43m,MAA to BLR,0,Evening (17-21)
SJ070,SPICEJET,MAA,CCU,2026-04-19 18:55:41.701,2026-04-19 20:48:41.701,113.0,0,1h 53m,MAA to CCU,0,Evening (17-21)
6F007,INDIGO,HYD,MAA,2026-04-19 18:55:41.701,2026-04-19 19:54:41.701,59.0,0,0h 59m,HYD to MAA,0,Evening (17-21)
UK007,VISTARA,DEL,HYD,2026-04-19 18:50:41.701,2026-04-19 21:04:41.701,134.0,0,2h 14m,DEL to HYD,0,Evening (17-21)
AI097,AIR INDIA,HYD,MAA,2026-04-19 18:42:41.702,2026-04-19 23:34:41.702,292.0,0,4h 52m,HYD to MAA,1,Evening (17-21)
UK047,VISTARA,BLR,HYD,2026-04-19 18:40:41.701,2026-04-19 22:45:41.701,245.0,0,4h 5m,BLR to HYD,1,Evening (17-21)
AI024,AIR INDIA,MAA,BOM,2026-04-19 18:38:41.701,2026-04-19 19:45:41.701,67.0,0,1h 7m,MAA to BOM,0,Evening (17-21)
UK113,VISTARA,CCU,DEL,2026-04-19 18:34:41.702,2026-04-19 22:58:41.702,264.0,0,4h 24m,CCU to DEL,1,Evening (17-21)
SJ163,SPICEJET,DEL,HYD,2026-04-19 18:32:41.703,2026-04-19 23:08:41.703,276.0,0,4h 36m,DEL to HYD,1,Evening (17-21)
SJ208,SPICEJET,DEL,HYD,2026-04-19 18:32:41.703,2026-04-19 19:33:41.703,61.0,0,1h 1m,DEL to HYD,0,Evening (17-21)
SJ221,SPICEJET,MAA,HYD,2026-04-19 18:31:41.703,2026-04-19 23:17:41.703,286.0,0,4h 46m,MAA to HYD,1,Evening (17-21)
SJ084,SPICEJET,HYD,MAA,2026-04-19 18:31:41.702,2026-04-19 19:30:41.702,59.0,0,0h 59m,HYD to MAA,0,Evening (17-21)
6F127,INDIGO,HYD,BOM,2026-04-19 18:27:41.702,2026-04-19 22:28:41.702,241.0,0,4h 1m,HYD to BOM,1,Evening (17-21)
AI122,AIR INDIA,BOM,CCU,2026-04-19 18:25:41.702,2026-04-19 22:36:41.702,251.0,0,4h 11m,BOM to CCU,1,Evening (17-21)
AI139,AIR INDIA,HYD,MAA,2026-04-19 18:23:41.702,2026-04-19 19:24:41.702,61.0,0,1h 1m,HYD to MAA,0,Evening (17-21)
UK149,VISTARA,MAA,DEL,2026-04-19 18:22:41.703,2026-04-19 23:08:41.703,286.0,0,4h 46m,MAA to DEL,1,Evening (17-21)
AI149,AIR INDIA,BOM,HYD,2026-04-19 18:19:41.703,2026-04-19 21:36:41.703,197.0,0,3h 17m,BOM to HYD,0,Evening (17-21)
SJ243,SPICEJET,BLR,DEL,2026-04-19 18:17:41.704,2026-04-19 23:03:41.704,286.0,0,4h 46m,BLR to DEL,1,Evening (17-21)
AI053,AIR INDIA,CCU,DEL,2026-04-19 18:04:41.701,2026-04-19 22:19:41.701,255.0,0,4h 15m,CCU to DEL,1,Evening (17-21)
UK061,VISTARA,BLR,BOM,2026-04-19 17:58:41.701,2026-04-19 19:48:41.701,110.0,0,1h 50m,BLR to BOM,0,Evening (17-21)
SJ004,SPICEJET,MAA,DEL,2026-04-19 17:52:41.701,2026-04-19 21:01:41.701,189.0,0,3h 9m,MAA to DEL,0,Evening (17-21)
AI173,AIR INDIA,HYD,DEL,2026-04-19 17:36:41.703,2026-04-19 22:27:41.703,291.0,0,4h 51m,HYD to DEL,1,Evening (17-21)
6F085,INDIGO,HYD,MAA,2026-04-19 17:32:41.702,2026-04-19 19:32:42.000,120.0,0,2h 0m,HYD to MAA,0,Evening (17-21)
SJ109,SPICEJET,BOM,DEL,2026-04-19 17:24:41.702,2026-04-19 20:28:41.702,184.0,0,3h 4m,BOM to DEL,0,Evening (17-21)
UK123,VISTARA,BOM,DEL,2026-04-19 17:24:41.702,2026-04-19 20:18:41.702,174.0,0,2h 54m,BOM to DEL,0,Evening (17-21)
6F125,INDIGO,BOM,CCU,2026-04-19 17:09:41.702,2026-04-19 21:13:41.702,244.0,0,4h 4m,BOM to CCU,1,Evening (17-21)
UK183,VISTARA,BLR,CCU,2026-04-19 17:07:41.703,2026-04-19 18:30:41.703,83.0,0,1h 23m,BLR to CCU,0,Evening (17-21)
AI110,AIR INDIA,BOM,CCU,2026-04-19 17:07:41.702,2026-04-19 22:00:41.702,293.0,0,4h 53m,BOM to CCU,1,Evening (17-21)
UK105,VISTARA,CCU,HYD,2026-04-19 17:04:41.702,2026-04-19 18:11:41.702,67.0,0,1h 7m,CCU to HYD,0,Evening (17-21)
6F128,INDIGO,HYD,DEL,2026-04-19 16:56:41.702,2026-04-19 18:03:41.702,67.0,0,1h 7m,HYD to DEL,0,Afternoon (12-17)
6F224,INDIGO,DEL,MAA,2026-04-19 16:53:41.704,2026-04-19 18:52:41.704,119.0,0,1h 59m,DEL to MAA,0,Afternoon (12-17)
SJ130,SPICEJET,BOM,DEL,2026-04-19 16:53:41.702,2026-04-19 20:53:41.702,240.0,0,4h 0m,BOM to DEL,1,Afternoon (12-17)
AI224,AIR INDIA,DEL,HYD,2026-04-19 16:51:41.703,2026-04-19 21:36:41.703,285.0,0,4h 45m,DEL to HYD,1,Afternoon (12-17)
SJ182,SPICEJET,CCU,BOM,2026-04-19 16:48:41.703,2026-04-19 17:36:41.703,48.0,0,0h 48m,CCU to BOM,0,Afternoon (12-17)
UK164,VISTARA,BOM,HYD,2026-04-19 16:46:41.703,2026-04-19 21:10:41.703,264.0,0,4h 24m,BOM to HYD,1,Afternoon (12-17)
AI161,AIR INDIA,CCU,BOM,2026-04-19 16:40:41.703,2026-04-19 19:40:41.703,180.0,0,3h 0m,CCU to BOM,0,Afternoon (12-17)
6F206,INDIGO,DEL,BOM,2026-04-19 16:39:41.703,2026-04-19 20:59:41.703,260.0,0,4h 20m,DEL to BOM,1,Afternoon (12-17)
SJ204,SPICEJET,CCU,DEL,2026-04-19 16:34:41.703,2026-04-19 18:15:41.703,101.0,0,1h 41m,CCU to DEL,0,Afternoon (12-17)
AI206,AIR INDIA,CCU,MAA,2026-04-19 16:30:41.703,2026-04-19 20:01:41.703,211.0,0,3h 31m,CCU to MAA,0,Afternoon (12-17)
6F140,INDIGO,CCU,HYD,2026-04-19 16:30:41.702,2026-04-19 18:21:41.702,111.0,0,1h 51m,CCU to HYD,0,Afternoon (12-17)
6F253,IndiGo,MAA,BLR,2026-04-19 16:26:41.703,2026-04-19 18:24:41.703,118.0,0,1h 58m,MAA to BLR,0,Afternoon (12-17)
SJ161,SPICEJET,MAA,BLR,2026-04-19 16:22:41.703,2026-04-19 17:04:41.703,42.0,0,0h 42m,MAA to BLR,0,Afternoon (12-17)
AI098,AIR INDIA,HYD,MAA,2026-04-19 16:01:41.702,2026-04-19 18:11:41.702,130.0,0,2h 10m,HYD to MAA,0,Afternoon (12-17)
UK190,VISTARA,DEL,BLR,2026-04-19 15:49:41.703,2026-04-19 18:53:41.703,184.0,0,3h 4m,DEL to BLR,0,Afternoon (12-17)
AI085,AIR INDIA,DEL,HYD,2026-04-19 15:45:41.702,2026-04-19 20:33:41.702,288.0,0,4h 48m,DEL to HYD,1,Afternoon (12-17)
AI076,AIR INDIA,BLR,BOM,2026-04-19 15:37:41.702,2026-04-19 16:12:41.702,35.0,0,0h 35m,BLR to BOM,0,Afternoon (12-17)
UK130,VISTARA,MAA,BLR,2026-04-19 15:36:41.702,2026-04-19 19:43:41.702,247.0,0,4h 7m,MAA to BLR,1,Afternoon (12-17)
6F038,INDIGO,HYD,MAA,2026-04-19 15:36:41.701,2026-04-19 19:33:41.701,237.0,0,3h 57m,HYD to MAA,1,Afternoon (12-17)
UK110,VISTARA,HYD,DEL,2026-04-19 15:26:41.702,2026-04-19 20:13:41.702,287.0,0,4h 47m,HYD to DEL,1,Afternoon (12-17)
SJ013,SPICEJET,DEL,MAA,2026-04-19 15:25:41.701,2026-04-19 19:54:41.701,269.0,0,4h 29m,DEL to MAA,1,Afternoon (12-17)
AI039,AIR INDIA,MAA,BLR,2026-04-19 15:24:41.701,2026-04-19 18:56:41.701,212.0,0,3h 32m,MAA to BLR,0,Afternoon (12-17)
AI248,AIR INDIA,CCU,DEL,2026-04-19 15:17:41.704,2026-04-19 16:35:41.704,78.0,0,1h 18m,CCU to DEL,0,Afternoon (12-17)
6F199,INDIGO,DEL,MAA,2026-04-19 15:15:41.703,2026-04-19 17:32:41.703,137.0,0,2h 17m,DEL to MAA,0,Afternoon (12-17)
AI225,AIR INDIA,BOM,BLR,2026-04-19 15:05:41.703,2026-04-19 16:01:41.703,56.0,0,0h 56m,BOM to BLR,0,Afternoon (12-17)
SJ028,SPICEJET,CCU,BOM,2026-04-19 15:04:41.701,2026-04-19 19:32:41.701,268.0,0,4h 28m,CCU to BOM,1,Afternoon (12-17)
SJ012,SPICEJET,HYD,BLR,2026-04-19 15:01:41.701,2026-04-19 16:12:41.701,71.0,0,1h 11m,HYD to BLR,0,Afternoon (12-17)
SJ131,SPICEJET,MAA,HYD,2026-04-19 15:00:41.702,2026-04-19 16:07:41.702,67.0,0,1h 7m,MAA to HYD,0,Afternoon (12-17)
AI010,AIR INDIA,BOM,HYD,2026-04-19 15:00:41.701,2026-04-19 19:48:41.701,288.0,0,4h 48m,BOM to HYD,1,Afternoon (12-17)
6F020,INDIGO,BOM,HYD,2026-04-19 14:58:41.701,2026-04-19 16:43:41.701,105.0,0,1h 45m,BOM to HYD,0,Afternoon (12-17)
SJ038,SPICEJET,BLR,DEL,2026-04-19 14:57:41.701,2026-04-19 17:46:41.701,169.0,0,2h 49m,BLR to DEL,0,Afternoon (12-17)
UK204,VISTARA,BLR,DEL,2026-04-19 14:46:41.703,2026-04-19 16:24:41.703,98.0,0,1h 38m,BLR to DEL,0,Afternoon (12-17)
AI036,AIR INDIA,BOM,CCU,2026-04-19 14:45:41.701,2026-04-19 16:16:41.701,91.0,0,1h 31m,BOM to CCU,0,Afternoon (12-17)
AI100,Air India,CCU,BOM,2026-04-19 14:42:41.702,2026-04-19 18:22:41.702,220.0,0,3h 40m,CCU to BOM,1,Afternoon (12-17)
SJ215,SPICEJET,CCU,DEL,2026-04-19 14:37:41.703,2026-04-19 16:12:41.703,95.0,0,1h 35m,CCU to DEL,0,Afternoon (12-17)
UK155,VISTARA,MAA,HYD,2026-04-19 14:34:41.703,2026-04-19 18:37:41.703,243.0,0,4h 3m,MAA to HYD,1,Afternoon (12-17)
SJ173,SPICEJET,CCU,HYD,2026-04-19 14:27:41.703,2026-04-19 16:09:41.703,102.0,0,1h 42m,CCU to HYD,0,Afternoon (12-17)
UK179,VISTARA,DEL,HYD,2026-04-19 14:25:41.703,2026-04-19 19:15:41.703,290.0,0,4h 50m,DEL to HYD,1,Afternoon (12-17)
UK221,VISTARA,CCU,DEL,2026-04-19 14:18:41.704,2026-04-19 18:44:41.704,266.0,0,4h 26m,CCU to DEL,1,Afternoon (12-17)
UK023,VISTARA,DEL,MAA,2026-04-19 14:15:41.701,2026-04-19 19:03:41.701,288.0,0,4h 48m,DEL to MAA,1,Afternoon (12-17)
SJ107,SPICEJET,BOM,MAA,2026-04-19 14:10:41.702,2026-04-19 18:38:41.702,268.0,0,4h 28m,BOM to MAA,1,Afternoon (12-17)
AI073,AIR INDIA,BOM,BLR,2026-04-19 14:08:41.702,2026-04-19 16:10:41.702,122.0,0,2h 2m,BOM to BLR,0,Afternoon (12-17)
SJ187,SPICEJET,MAA,BLR,2026-04-19 14:07:41.703,2026-04-19 17:30:41.703,203.0,0,3h 23m,MAA to BLR,0,Afternoon (12-17)
UK058,VISTARA,MAA,BOM,2026-04-19 13:46:41.701,2026-04-19 17:04:41.701,198.0,0,3h 18m,MAA to BOM,0,Afternoon (12-17)
SJ063,SPICEJET,MAA,BOM,2026-04-19 13:38:41.701,2026-04-19 15:23:41.701,105.0,0,1h 45m,MAA to BOM,0,Afternoon (12-17)
SJ062,SPICEJET,BLR,HYD,2026-04-19 13:37:41.701,2026-04-19 17:06:41.701,209.0,0,3h 29m,BLR to HYD,1,Afternoon (12-17)
UK048,VISTARA,MAA,DEL,2026-04-19 13:36:41.701,2026-04-19 18:21:41.701,285.0,0,4h 45m,MAA to DEL,1,Afternoon (12-17)
AI181,AIR INDIA,MAA,HYD,2026-04-19 13:29:41.703,2026-04-19 16:55:41.703,206.0,0,3h 26m,MAA to HYD,0,Afternoon (12-17)
AI003,AIR INDIA,BLR,HYD,2026-04-19 13:27:41.701,2026-04-19 16:55:41.701,208.0,0,3h 28m,BLR to HYD,1,Afternoon (12-17)
6F041,INDIGO,MAA,BOM,2026-04-19 13:19:41.701,2026-04-19 16:48:41.701,209.0,0,3h 29m,MAA to BOM,0,Afternoon (12-17)
6F175,INDIGO,MAA,CCU,2026-04-19 13:18:41.703,2026-04-19 15:13:41.703,115.0,0,1h 55m,MAA to CCU,0,Afternoon (12-17)
6F013,INDIGO,BOM,CCU,2026-04-19 13:15:41.701,2026-04-19 18:05:41.701,290.0,0,4h 50m,BOM to CCU,1,Afternoon (12-17)
SJ040,SPICEJET,BOM,CCU,2026-04-19 13:12:41.701,2026-04-19 16:44:41.701,212.0,0,3h 32m,BOM to CCU,0,Afternoon (12-17)
SJ016,SPICEJET,HYD,CCU,2026-04-19 13:01:41.701,2026-04-19 16:26:41.701,205.0,0,3h 25m,HYD to CCU,0,Afternoon (12-17)
6F135,INDIGO,MAA,HYD,2026-04-19 12:59:41.702,2026-04-19 13:45:41.702,46.0,0,0h 46m,MAA to HYD,0,Afternoon (12-17)
6F150,INDIGO,HYD,MAA,2026-04-19 12:55:41.703,2026-04-19 16:53:41.703,238.0,0,3h 58m,HYD to MAA,1,Afternoon (12-17)
AI083,AIR INDIA,DEL,BOM,2026-04-19 12:54:41.702,2026-04-19 13:37:41.702,43.0,0,0h 43m,DEL to BOM,0,Afternoon (12-17)
SJ166,SPICEJET,CCU,HYD,2026-04-19 12:51:41.703,2026-04-19 16:18:41.703,207.0,0,3h 27m,CCU to HYD,1,Afternoon (12-17)
SJ027,SpiceJet,BOM,MAA,2026-04-19 12:50:41.701,2026-04-19 17:13:41.701,263.0,0,4h 23m,BOM to MAA,1,Afternoon (12-17)
6F134,INDIGO,BLR,MAA,2026-04-19 12:47:41.702,2026-04-19 14:06:41.702,79.0,0,1h 19m,BLR to MAA,0,Afternoon (12-17)
UK225,VISTARA,MAA,BLR,2026-04-19 12:46:41.704,2026-04-19 15:02:41.704,136.0,0,2h 16m,MAA to BLR,0,Afternoon (12-17)
SJ175,SPICEJET,MAA,BLR,2026-04-19 12:46:41.703,2026-04-19 16:50:41.703,244.0,0,4h 4m,MAA to BLR,1,Afternoon (12-17)
AI182,AIR INDIA,HYD,DEL,2026-04-19 12:41:41.703,2026-04-19 17:14:41.703,273.0,0,4h 33m,HYD to DEL,1,Afternoon (12-17)
AI190,AIR INDIA,BOM,CCU,2026-04-19 12:38:41.703,2026-04-19 15:56:41.703,198.0,0,3h 18m,BOM to CCU,0,Afternoon (12-17)
AI120,AIR INDIA,MAA,CCU,2026-04-19 12:12:41.702,2026-04-19 14:18:41.702,126.0,0,2h 6m,MAA to CCU,0,Afternoon (12-17)
6F132,INDIGO,MAA,BOM,2026-04-19 12:00:41.702,2026-04-19 13:00:42.000,60.0,0,1h 0m,MAA to BOM,0,Afternoon (12-17)
UK102,VISTARA,HYD,CCU,2026-04-19 11:58:41.702,2026-04-19 14:01:41.702,123.0,0,2h 3m,HYD to CCU,0,Morning (09-12)
AI045,AIR INDIA,HYD,MAA,2026-04-19 11:58:41.701,2026-04-19 14:37:41.701,159.0,0,2h 39m,HYD to MAA,0,Morning (09-12)
UK136,VISTARA,HYD,CCU,2026-04-19 11:43:41.703,2026-04-19 15:26:41.703,223.0,0,3h 43m,HYD to CCU,1,Morning (09-12)
SJ238,SPICEJET,MAA,BLR,2026-04-19 11:41:41.704,2026-04-19 15:39:41.704,238.0,0,3h 58m,MAA to BLR,1,Morning (09-12)
AI193,AIR INDIA,MAA,HYD,2026-04-19 11:33:41.703,2026-04-19 16:07:41.703,274.0,0,4h 34m,MAA to HYD,1,Morning (09-12)
6F001,INDIGO,HYD,BOM,2026-04-19 11:33:41.700,2026-04-19 13:08:41.700,95.0,0,1h 35m,HYD to BOM,0,Morning (09-12)
6F211,INDIGO,MAA,BLR,2026-04-19 11:29:41.703,2026-04-19 16:20:41.703,291.0,0,4h 51m,MAA to BLR,1,Morning (09-12)
SJ199,SPICEJET,HYD,BOM,2026-04-19 11:29:41.703,2026-04-19 13:59:41.703,150.0,0,2h 30m,HYD to BOM,0,Morning (09-12)
SJ050,SPICEJET,HYD,CCU,2026-04-19 11:24:41.701,2026-04-19 12:03:41.701,39.0,0,0h 39m,HYD to CCU,0,Morning (09-12)
UK115,VISTARA,BLR,BOM,2026-04-19 11:20:41.702,2026-04-19 13:20:42.000,120.0,0,2h 0m,BLR to BOM,0,Morning (09-12)
6F235,INDIGO,HYD,MAA,2026-04-19 11:06:41.704,2026-04-19 13:51:41.704,165.0,0,2h 45m,HYD to MAA,0,Morning (09-12)
UK111,VISTARA,MAA,BLR,2026-04-19 11:06:41.702,2026-04-19 12:20:41.702,74.0,0,1h 14m,MAA to BLR,0,Morning (09-12)
6F005,INDIGO,BOM,MAA,2026-04-19 11:04:41.701,2026-04-19 15:27:41.701,263.0,0,4h 23m,BOM to MAA,1,Morning (09-12)
AI198,AIR INDIA,CCU,MAA,2026-04-19 10:56:41.703,2026-04-19 14:19:41.703,203.0,0,3h 23m,CCU to MAA,0,Morning (09-12)
UK184,VISTARA,MAA,HYD,2026-04-19 10:49:41.703,2026-04-19 13:00:41.703,131.0,0,2h 11m,MAA to HYD,0,Morning (09-12)
6F219,INDIGO,MAA,DEL,2026-04-19 10:32:41.704,2026-04-19 14:37:41.704,245.0,0,4h 5m,MAA to DEL,1,Morning (09-12)
UK066,VISTARA,BOM,CCU,2026-04-19 10:29:41.701,2026-04-19 12:07:41.701,98.0,0,1h 38m,BOM to CCU,0,Morning (09-12)
6F220,INDIGO,HYD,BOM,2026-04-19 10:27:41.704,2026-04-19 11:25:41.704,58.0,0,0h 58m,HYD to BOM,0,Morning (09-12)
AI180,AIR INDIA,BOM,CCU,2026-04-19 10:19:41.703,2026-04-19 11:00:41.703,41.0,0,0h 41m,BOM to CCU,0,Morning (09-12)
6F098,INDIGO,BLR,MAA,2026-04-19 10:18:41.702,2026-04-19 12:49:41.702,151.0,0,2h 31m,BLR to MAA,0,Morning (09-12)
AI141,AIR INDIA,BLR,DEL,2026-04-19 10:16:41.702,2026-04-19 14:53:41.702,277.0,0,4h 37m,BLR to DEL,1,Morning (09-12)
SJ170,SPICEJET,BLR,BOM,2026-04-19 10:11:41.703,2026-04-19 11:56:41.703,105.0,0,1h 45m,BLR to BOM,0,Morning (09-12)
SJ178,SPICEJET,BOM,HYD,2026-04-19 09:58:41.703,2026-04-19 12:27:41.703,149.0,0,2h 29m,BOM to HYD,0,Morning (09-12)
6F172,INDIGO,BOM,BLR,2026-04-19 09:53:41.703,2026-04-19 14:46:41.703,293.0,0,4h 53m,BOM to BLR,1,Morning (09-12)
UK220,VISTARA,BLR,BOM,2026-04-19 09:51:41.704,2026-04-19 13:25:41.704,214.0,0,3h 34m,BLR to BOM,1,Morning (09-12)
SJ148,SPICEJET,DEL,BLR,2026-04-19 09:51:41.702,2026-04-19 13:41:41.702,230.0,0,3h 50m,DEL to BLR,1,Morning (09-12)
UK065,VISTARA,BOM,CCU,2026-04-19 09:38:41.701,2026-04-19 13:46:41.701,248.0,0,4h 8m,BOM to CCU,1,Morning (09-12)
6F243,INDIGO,BOM,HYD,2026-04-19 09:37:41.704,2026-04-19 10:33:41.704,56.0,0,0h 56m,BOM to HYD,0,Morning (09-12)
SJ193,SPICEJET,CCU,DEL,2026-04-19 09:37:41.703,2026-04-19 12:16:41.703,159.0,0,2h 39m,CCU to DEL,0,Morning (09-12)
UK056,VISTARA,HYD,MAA,2026-04-19 09:29:41.701,2026-04-19 10:15:41.701,46.0,0,0h 46m,HYD to MAA,0,Morning (09-12)
SJ073,SPICEJET,CCU,BLR,2026-04-19 09:26:41.701,2026-04-19 11:14:41.701,108.0,0,1h 48m,CCU to BLR,0,Morning (09-12)
6F052,INDIGO,BOM,CCU,2026-04-19 09:13:41.701,2026-04-19 12:02:41.701,169.0,0,2h 49m,BOM to CCU,0,Morning (09-12)
SJ201,SPICEJET,BLR,DEL,2026-04-19 09:10:41.703,2026-04-19 11:12:41.703,122.0,0,2h 2m,BLR to DEL,0,Morning (09-12)
UK028,VISTARA,HYD,MAA,2026-04-19 09:02:41.701,2026-04-19 10:37:41.701,95.0,0,1h 35m,HYD to MAA,0,Morning (09-12)
SJ119,SPICEJET,BOM,CCU,2026-04-19 08:53:41.702,2026-04-19 11:29:41.702,156.0,0,2h 36m,BOM to CCU,0,Early Morning (05-09)
AI165,AIR INDIA,DEL,CCU,2026-04-19 08:51:41.703,2026-04-19 10:31:41.703,100.0,0,1h 40m,DEL to CCU,0,Early Morning (05-09)
AI255,AIR INDIA,MAA,CCU,2026-04-19 08:45:41.704,2026-04-19 13:12:41.704,267.0,0,4h 27m,MAA to CCU,1,Early Morning (05-09)
AI202,AIR INDIA,HYD,BLR,2026-04-19 08:44:41.703,2026-04-19 10:53:41.703,129.0,0,2h 9m,HYD to BLR,0,Early Morning (05-09)
SJ039,SPICEJET,MAA,BOM,2026-04-19 08:41:41.701,2026-04-19 12:08:41.701,207.0,0,3h 27m,MAA to BOM,0,Early Morning (05-09)
UK024,VISTARA,MAA,BLR,2026-04-19 08:29:41.701,2026-04-19 13:29:41.701,300.0,0,5h 0m,MAA to BLR,1,Early Morning (05-09)
SJ006,SPICEJET,HYD,BLR,2026-04-19 08:25:41.701,2026-04-19 08:57:41.701,32.0,0,0h 32m,HYD to BLR,0,Early Morning (05-09)
AI207,AIR INDIA,BOM,MAA,2026-04-19 08:24:41.703,2026-04-19 11:23:41.703,179.0,0,2h 59m,BOM to MAA,0,Early Morning (05-09)
SJ168,SPICEJET,CCU,BOM,2026-04-19 08:17:41.703,2026-04-19 12:29:41.703,252.0,0,4h 12m,CCU to BOM,1,Early Morning (05-09)
AI028,AIR INDIA,HYD,BOM,2026-04-19 07:53:41.701,2026-04-19 08:35:41.701,42.0,0,0h 42m,HYD to BOM,0,Early Morning (05-09)
6F094,INDIGO,BLR,BOM,2026-04-19 07:37:41.702,2026-04-19 09:06:41.702,89.0,0,1h 29m,BLR to BOM,0,Early Morning (05-09)
6F024,INDIGO,BOM,DEL,2026-04-19 07:31:41.701,2026-04-19 11:17:41.701,226.0,0,3h 46m,BOM to DEL,1,Early Morning (05-09)
6F061,INDIGO,MAA,BOM,2026-04-19 07:28:41.701,2026-04-19 08:09:41.701,41.0,0,0h 41m,MAA to BOM,0,Early Morning (05-09)
AI032,AIR INDIA,MAA,BLR,2026-04-19 07:26:41.701,2026-04-19 09:26:42.000,120.0,0,2h 0m,MAA to BLR,0,Early Morning (05-09)
UK163,VISTARA,DEL,HYD,2026-04-19 07:22:41.703,2026-04-19 09:04:41.703,102.0,0,1h 42m,DEL to HYD,0,Early Morning (05-09)
SJ067,SPICEJET,MAA,BLR,2026-04-19 07:17:41.701,2026-04-19 08:16:41.701,59.0,0,0h 59m,MAA to BLR,0,Early Morning (05-09)
SJ106,SPICEJET,CCU,DEL,2026-04-19 07:16:41.702,2026-04-19 09:40:41.702,144.0,0,2h 24m,CCU to DEL,0,Early Morning (05-09)
AI086,AIR INDIA,CCU,HYD,2026-04-19 07:13:41.702,2026-04-19 10:09:41.702,176.0,0,2h 56m,CCU to HYD,0,Early Morning (05-09)
6F263,IndiGo,DEL,HYD,2026-04-19 07:07:41.703,2026-04-19 08:30:41.703,83.0,0,1h 23m,DEL to HYD,0,Early Morning (05-09)
6F163,INDIGO,MAA,BOM,2026-04-19 06:49:41.703,2026-04-19 10:46:41.703,237.0,0,3h 57m,MAA to BOM,1,Early Morning (05-09)
SJ064,SPICEJET,CCU,DEL,2026-04-19 06:29:41.701,2026-04-19 08:43:41.701,134.0,0,2h 14m,CCU to DEL,0,Early Morning (05-09)
UK118,VISTARA,HYD,BLR,2026-04-19 06:22:41.702,2026-04-19 07:22:42.000,60.0,0,1h 0m,HYD to BLR,0,Early Morning (05-09)
UK022,VISTARA,DEL,HYD,2026-04-19 06:22:41.701,2026-04-19 10:59:41.701,277.0,0,4h 37m,DEL to HYD,1,Early Morning (05-09)
UK099,VISTARA,BOM,MAA,2026-04-19 06:16:41.702,2026-04-19 10:24:41.702,248.0,0,4h 8m,BOM to MAA,1,Early Morning (05-09)
6F212,INDIGO,BLR,CCU,2026-04-19 06:10:41.703,2026-04-19 10:52:41.703,282.0,0,4h 42m,BLR to CCU,1,Early Morning (05-09)
AI023,AIR INDIA,HYD,BLR,2026-04-19 06:10:41.701,2026-04-19 09:35:41.701,205.0,0,3h 25m,HYD to BLR,0,Early Morning (05-09)
SJ245,SPICEJET,BOM,DEL,2026-04-19 06:07:41.704,2026-04-19 09:39:41.704,212.0,0,3h 32m,BOM to DEL,1,Early Morning (05-09)
6F066,INDIGO,BLR,HYD,2026-04-19 06:07:41.701,2026-04-19 07:43:41.701,96.0,0,1h 36m,BLR to HYD,0,Early Morning (05-09)
AI138,AIR INDIA,DEL,CCU,2026-04-19 05:50:41.702,2026-04-19 06:40:41.702,50.0,0,0h 50m,DEL to CCU,0,Early Morning (05-09)
SJ021,SPICEJET,HYD,BLR,2026-04-19 05:48:41.701,2026-04-19 09:46:41.701,238.0,0,3h 58m,HYD to BLR,1,Early Morning (05-09)
SJ136,SPICEJET,HYD,BLR,2026-04-19 05:45:41.702,2026-04-19 08:04:41.702,139.0,0,2h 19m,HYD to BLR,0,Early Morning (05-09)
AI148,AIR INDIA,HYD,MAA,2026-04-19 05:41:41.703,2026-04-19 08:32:41.703,171.0,0,2h 51m,HYD to MAA,0,Early Morning (05-09)
SJ014,SPICEJET,BOM,HYD,2026-04-19 05:40:41.701,2026-04-19 06:39:41.701,59.0,0,0h 59m,BOM to HYD,0,Early Morning (05-09)
6F104,INDIGO,CCU,BOM,2026-04-19 05:39:41.702,2026-04-19 06:14:41.702,35.0,0,0h 35m,CCU to BOM,0,Early Morning (05-09)
SJ121,SPICEJET,CCU,DEL,2026-04-19 05:32:41.702,2026-04-19 06:47:41.702,75.0,0,1h 15m,CCU to DEL,0,Early Morning (05-09)
UK174,VISTARA,CCU,DEL,2026-04-19 05:27:41.703,2026-04-19 07:47:41.703,140.0,0,2h 20m,CCU to DEL,0,Early Morning (05-09)
AI033,AIR INDIA,MAA,CCU,2026-04-19 05:25:41.701,2026-04-19 10:21:41.701,296.0,0,4h 56m,MAA to CCU,1,Early Morning (05-09)
SJ122,SPICEJET,CCU,BOM,2026-04-19 05:22:41.702,2026-04-19 10:09:41.702,287.0,0,4h 47m,CCU to BOM,1,Early Morning (05-09)
UK095,VISTARA,BOM,MAA,2026-04-19 05:22:41.702,2026-04-19 07:36:41.702,134.0,0,2h 14m,BOM to MAA,0,Early Morning (05-09)
SJ026,SPICEJET,CCU,MAA,2026-04-19 05:22:41.701,2026-04-19 09:40:41.701,258.0,0,4h 18m,CCU to MAA,1,Early Morning (05-09)
6F221,INDIGO,MAA,DEL,2026-04-19 05:20:41.704,2026-04-19 08:52:41.704,212.0,0,3h 32m,MAA to DEL,1,Early Morning (05-09)
SJ103,SPICEJET,MAA,BLR,2026-04-19 05:16:41.702,2026-04-19 08:56:41.702,220.0,0,3h 40m,MAA to BLR,0,Early Morning (05-09)
SJ011,SPICEJET,BOM,MAA,2026-04-19 05:14:41.701,2026-04-19 09:59:41.701,285.0,0,4h 45m,BOM to MAA,1,Early Morning (05-09)
AI002,AIR INDIA,HYD,BLR,2026-04-19 05:12:41.700,2026-04-19 07:12:41.700,120.0,0,2h 0m,HYD to BLR,0,Early Morning (05-09)
AI046,Air India,DEL,BOM,2026-04-19 05:09:41.701,2026-04-19 08:00:41.701,171.0,0,2h 51m,DEL to BOM,0,Early Morning (05-09)
SJ053,SPICEJET,CCU,DEL,2026-04-19 05:00:41.701,2026-04-19 06:38:41.701,98.0,0,1h 38m,CCU to DEL,0,Early Morning (05-09)
AI236,AIR INDIA,DEL,BOM,2026-04-19 04:52:41.704,2026-04-19 09:11:41.704,259.0,0,4h 19m,DEL to BOM,1,Night (21-05)
AI254,AIR INDIA,CCU,HYD,2026-04-19 04:46:41.704,2026-04-19 08:06:41.704,200.0,0,3h 20m,CCU to HYD,1,Night (21-05)
6F063,INDIGO,DEL,HYD,2026-04-19 04:42:41.701,2026-04-19 07:31:41.701,169.0,0,2h 49m,DEL to HYD,0,Night (21-05)
6F115,INDIGO,MAA,BLR,2026-04-19 04:41:41.702,2026-04-19 06:23:41.702,102.0,0,1h 42m,MAA to BLR,0,Night (21-05)
UK070,VISTARA,BOM,DEL,2026-04-19 04:36:41.701,2026-04-19 06:49:41.701,133.0,0,2h 13m,BOM to DEL,0,Night (21-05)
SJ147,SPICEJET,BLR,CCU,2026-04-19 04:30:41.702,2026-04-19 08:52:41.702,262.0,0,4h 22m,BLR to CCU,1,Night (21-05)
UK201,VISTARA,HYD,BOM,2026-04-19 04:29:41.703,2026-04-19 06:42:41.703,133.0,0,2h 13m,HYD to BOM,0,Night (21-05)
SJ234,SPICEJET,BLR,CCU,2026-04-19 04:20:41.704,2026-04-19 06:23:41.704,123.0,0,2h 3m,BLR to CCU,0,Night (21-05)
AI176,AIR INDIA,BLR,DEL,2026-04-19 04:20:41.703,2026-04-19 06:25:41.703,125.0,0,2h 5m,BLR to DEL,0,Night (21-05)
SJ045,SPICEJET,DEL,MAA,2026-04-19 04:16:41.701,2026-04-19 09:03:41.701,287.0,0,4h 47m,DEL to MAA,1,Night (21-05)
SJ174,SPICEJET,CCU,DEL,2026-04-19 04:09:41.703,2026-04-19 05:04:41.703,55.0,0,0h 55m,CCU to DEL,0,Night (21-05)
AI007,AIR INDIA,MAA,DEL,2026-04-19 04:01:41.701,2026-04-19 06:01:42.000,120.0,0,2h 0m,MAA to DEL,0,Night (21-05)
AI143,AIR INDIA,CCU,DEL,2026-04-19 03:58:41.702,2026-04-19 04:36:41.702,38.0,0,0h 38m,CCU to DEL,0,Night (21-05)
SJ241,SPICEJET,DEL,HYD,2026-04-19 03:57:41.704,2026-04-19 06:36:41.704,159.0,0,2h 39m,DEL to HYD,0,Night (21-05)
UK031,VISTARA,CCU,DEL,2026-04-19 03:45:41.701,2026-04-19 07:20:41.701,215.0,0,3h 35m,CCU to DEL,1,Night (21-05)
AI013,AIR INDIA,HYD,BLR,2026-04-19 03:41:41.701,2026-04-19 04:58:41.701,77.0,0,1h 17m,HYD to BLR,0,Night (21-05)
AI249,AIR INDIA,BLR,HYD,2026-04-19 03:38:41.704,2026-04-19 06:27:41.704,169.0,0,2h 49m,BLR to HYD,0,Night (21-05)
UK046,VISTARA,CCU,DEL,2026-04-19 03:37:41.701,2026-04-19 06:05:41.701,148.0,0,2h 28m,CCU to DEL,0,Night (21-05)
UK168,VISTARA,BLR,CCU,2026-04-19 03:20:41.703,2026-04-19 04:09:41.703,49.0,0,0h 49m,BLR to CCU,0,Night (21-05)
AI022,AIR INDIA,BOM,MAA,2026-04-19 03:15:41.701,2026-04-19 05:10:41.701,115.0,0,1h 55m,BOM to MAA,0,Night (21-05)
UK218,VISTARA,MAA,BLR,2026-04-19 03:12:41.704,2026-04-19 07:22:41.704,250.0,0,4h 10m,MAA to BLR,1,Night (21-05)
UK142,VISTARA,BLR,DEL,2026-04-19 03:03:41.703,2026-04-19 07:13:41.703,250.0,0,4h 10m,BLR to DEL,1,Night (21-05)
6F067,INDIGO,MAA,BLR,2026-04-19 02:59:41.701,2026-04-19 06:02:41.701,183.0,0,3h 3m,MAA to BLR,0,Night (21-05)
SJ217,SPICEJET,BOM,CCU,2026-04-19 02:57:41.703,2026-04-19 06:04:41.703,187.0,0,3h 7m,BOM to CCU,0,Night (21-05)
SJ143,SPICEJET,DEL,BOM,2026-04-19 02:55:41.702,2026-04-19 03:52:41.702,57.0,0,0h 57m,DEL to BOM,0,Night (21-05)
SJ246,SPICEJET,BOM,DEL,2026-04-19 02:47:41.704,2026-04-19 03:47:42.000,60.0,0,1h 0m,BOM to DEL,0,Night (21-05)
6F170,INDIGO,HYD,DEL,2026-04-19 02:44:41.703,2026-04-19 04:14:41.703,90.0,0,1h 30m,HYD to DEL,0,Night (21-05)
UK157,VISTARA,CCU,BOM,2026-04-19 02:41:41.703,2026-04-19 03:41:42.000,60.0,0,1h 0m,CCU to BOM,0,Night (21-05)
UK172,VISTARA,DEL,BOM,2026-04-19 02:20:41.703,2026-04-19 05:21:41.703,181.0,0,3h 1m,DEL to BOM,0,Night (21-05)
SJ139,SPICEJET,DEL,BLR,2026-04-19 02:20:41.702,2026-04-19 06:02:41.702,222.0,0,3h 42m,DEL to BLR,1,Night (21-05)
UK085,VISTARA,MAA,DEL,2026-04-19 02:15:41.702,2026-04-19 03:17:41.702,62.0,0,1h 2m,MAA to DEL,0,Night (21-05)
6F079,INDIGO,MAA,HYD,2026-04-19 02:14:41.702,2026-04-19 06:18:41.702,244.0,0,4h 4m,MAA to HYD,1,Night (21-05)
SJ032,SPICEJET,MAA,BOM,2026-04-19 02:11:41.701,2026-04-19 04:33:41.701,142.0,0,2h 22m,MAA to BOM,0,Night (21-05)
6F182,INDIGO,BOM,CCU,2026-04-19 02:10:41.703,2026-04-19 04:18:41.703,128.0,0,2h 8m,BOM to CCU,0,Night (21-05)
AI106,AIR INDIA,HYD,BLR,2026-04-19 02:07:41.702,2026-04-19 03:20:41.702,73.0,0,1h 13m,HYD to BLR,0,Night (21-05)
AI200,AIR INDIA,HYD,MAA,2026-04-19 02:05:41.703,2026-04-19 05:29:41.703,204.0,0,3h 24m,HYD to MAA,1,Night (21-05)
6F142,INDIGO,CCU,MAA,2026-04-19 02:05:41.702,2026-04-19 06:04:41.702,239.0,0,3h 59m,CCU to MAA,1,Night (21-05)
SJ079,SPICEJET,HYD,DEL,2026-04-19 01:58:41.702,2026-04-19 05:02:41.702,184.0,0,3h 4m,HYD to DEL,0,Night (21-05)
SJ082,SPICEJET,BOM,DEL,2026-04-19 01:54:41.702,2026-04-19 02:33:41.702,39.0,0,0h 39m,BOM to DEL,0,Night (21-05)
SJ110,SPICEJET,CCU,DEL,2026-04-19 01:47:41.702,2026-04-19 02:20:41.702,33.0,0,0h 33m,CCU to DEL,0,Night (21-05)
6F262,IndiGo,MAA,DEL,2026-04-19 01:44:41.702,2026-04-19 02:47:41.702,63.0,0,1h 3m,MAA to DEL,0,Night (21-05)
UK143,VISTARA,BLR,BOM,2026-04-19 01:34:41.703,2026-04-19 02:48:41.703,74.0,0,1h 14m,BLR to BOM,0,Night (21-05)
6F269,IndiGo,HYD,MAA,2026-04-19 01:30:41.702,2026-04-19 02:52:41.702,82.0,0,1h 22m,HYD to MAA,0,Night (21-05)
6F214,INDIGO,BOM,CCU,2026-04-19 01:21:41.703,2026-04-19 05:20:41.703,239.0,0,3h 59m,BOM to CCU,1,Night (21-05)
SJ213,SPICEJET,BOM,CCU,2026-04-19 01:19:41.703,2026-04-19 04:48:41.703,209.0,0,3h 29m,BOM to CCU,0,Night (21-05)
SJ072,SPICEJET,DEL,HYD,2026-04-19 01:18:41.701,2026-04-19 04:08:41.701,170.0,0,2h 50m,DEL to HYD,0,Night (21-05)
6F059,INDIGO,BOM,DEL,2026-04-19 01:12:41.701,2026-04-19 06:02:41.701,290.0,0,4h 50m,BOM to DEL,1,Night (21-05)
UK202,VISTARA,DEL,HYD,2026-04-19 01:11:41.703,2026-04-19 05:37:41.703,266.0,0,4h 26m,DEL to HYD,1,Night (21-05)
UK037,VISTARA,BLR,BOM,2026-04-19 01:10:41.701,2026-04-19 05:12:41.701,242.0,0,4h 2m,BLR to BOM,1,Night (21-05)
UK069,VISTARA,CCU,DEL,2026-04-19 01:10:41.701,2026-04-19 03:23:41.701,133.0,0,2h 13m,CCU to DEL,0,Night (21-05)
SJ118,SPICEJET,DEL,BOM,2026-04-19 01:08:41.702,2026-04-19 02:33:41.702,85.0,0,1h 25m,DEL to BOM,0,Night (21-05)
6F145,INDIGO,CCU,DEL,2026-04-19 01:02:41.703,2026-04-19 02:18:41.703,76.0,0,1h 16m,CCU to DEL,0,Night (21-05)
UK097,VISTARA,HYD,BOM,2026-04-19 00:49:41.702,2026-04-19 05:00:41.702,251.0,0,4h 11m,HYD to BOM,1,Night (21-05)
6F117,INDIGO,CCU,DEL,2026-04-19 00:46:41.702,2026-04-19 01:51:41.702,65.0,0,1h 5m,CCU to DEL,0,Night (21-05)
6F226,INDIGO,DEL,BOM,2026-04-19 00:38:41.704,2026-04-19 02:55:41.704,137.0,0,2h 17m,DEL to BOM,0,Night (21-05)
6F050,INDIGO,DEL,BOM,2026-04-19 00:35:41.701,2026-04-19 04:32:41.701,237.0,0,3h 57m,DEL to BOM,1,Night (21-05)
UK196,VISTARA,BOM,HYD,2026-04-19 00:32:41.703,2026-04-19 04:49:41.703,257.0,0,4h 17m,BOM to HYD,1,Night (21-05)
SJ086,SPICEJET,CCU,DEL,2026-04-19 00:32:41.702,2026-04-19 04:17:41.702,225.0,0,3h 45m,CCU to DEL,1,Night (21-05)
AI134,AIR INDIA,HYD,BOM,2026-04-19 00:28:41.702,2026-04-19 04:23:41.702,235.0,0,3h 55m,HYD to BOM,1,Night (21-05)
AI043,AIR INDIA,CCU,DEL,2026-04-19 00:28:41.701,2026-04-19 04:37:41.701,249.0,0,4h 9m,CCU to DEL,1,Night (21-05)
UK119,VISTARA,BOM,CCU,2026-04-19 00:21:41.702,2026-04-19 04:38:41.702,257.0,0,4h 17m,BOM to CCU,1,Night (21-05)
SJ181,SPICEJET,BOM,BLR,2026-04-19 00:20:41.703,2026-04-19 01:49:41.703,89.0,0,1h 29m,BOM to BLR,0,Night (21-05)
AI070,AIR INDIA,CCU,DEL,2026-04-19 00:05:41.702,2026-04-19 01:44:41.702,99.0,0,1h 39m,CCU to DEL,0,Night (21-05)
6F233,INDIGO,BLR,BOM,2026-04-18 23:56:41.704,2026-04-19 03:53:41.704,237.0,1,3h 57m,BLR to BOM,1,Night (21-05)
UK013,VISTARA,BOM,MAA,2026-04-18 23:52:41.701,2026-04-19 02:52:41.701,180.0,1,3h 0m,BOM to MAA,0,Night (21-05)
6F015,INDIGO,BOM,CCU,2026-04-18 23:39:41.701,2026-04-19 02:27:41.701,168.0,1,2h 48m,BOM to CCU,0,Night (21-05)
SJ247,SPICEJET,DEL,BOM,2026-04-18 23:38:41.704,2026-04-19 03:43:41.704,245.0,1,4h 5m,DEL to BOM,1,Night (21-05)
AI067,AIR INDIA,HYD,DEL,2026-04-18 23:36:41.701,2026-04-19 03:09:41.701,213.0,1,3h 33m,HYD to DEL,0,Night (21-05)
AI211,AIR INDIA,DEL,CCU,2026-04-18 23:34:41.703,2026-04-19 01:21:41.703,107.0,1,1h 47m,DEL to CCU,0,Night (21-05)
UK029,VISTARA,DEL,BOM,2026-04-18 23:26:41.701,2026-04-19 02:15:41.701,169.0,1,2h 49m,DEL to BOM,0,Night (21-05)
SJ200,SPICEJET,BOM,DEL,2026-04-18 23:24:41.703,2026-04-19 02:11:41.703,167.0,1,2h 47m,BOM to DEL,0,Night (21-05)
6F087,INDIGO,DEL,HYD,2026-04-18 23:24:41.702,2026-04-19 03:10:41.702,226.0,1,3h 46m,DEL to HYD,0,Night (21-05)
SJ210,SPICEJET,HYD,CCU,2026-04-18 23:21:41.703,2026-04-19 02:54:41.703,213.0,1,3h 33m,HYD to CCU,0,Night (21-05)
AI101,AIR INDIA,DEL,BLR,2026-04-18 23:20:41.702,2026-04-19 02:23:41.702,183.0,1,3h 3m,DEL to BLR,0,Night (21-05)
UK075,VISTARA,MAA,CCU,2026-04-18 23:15:41.702,2026-04-19 03:54:41.702,279.0,1,4h 39m,MAA to CCU,1,Night (21-05)
SJ091,SPICEJET,BLR,CCU,2026-04-18 23:10:41.702,2026-04-19 00:47:41.702,97.0,1,1h 37m,BLR to CCU,0,Night (21-05)
AI251,AIR INDIA,MAA,DEL,2026-04-18 22:40:41.704,2026-04-18 23:24:41.704,44.0,0,0h 44m,MAA to DEL,0,Night (21-05)
SJ042,SPICEJET,HYD,CCU,2026-04-18 22:38:41.701,2026-04-19 02:20:41.701,222.0,1,3h 42m,HYD to CCU,1,Night (21-05)
UK126,VISTARA,CCU,DEL,2026-04-18 22:37:41.702,2026-04-19 00:03:41.702,86.0,1,1h 26m,CCU to DEL,0,Night (21-05)
6F042,INDIGO,HYD,DEL,2026-04-18 22:35:41.701,2026-04-19 02:41:41.701,246.0,1,4h 6m,HYD to DEL,1,Night (21-05)
AI116,AIR INDIA,CCU,BOM,2026-04-18 22:30:41.702,2026-04-19 01:57:41.702,207.0,1,3h 27m,CCU to BOM,0,Night (21-05)
SJ209,SPICEJET,BLR,BOM,2026-04-18 22:22:41.703,2026-04-19 02:03:41.703,221.0,1,3h 41m,BLR to BOM,1,Night (21-05)
AI123,AIR INDIA,MAA,BOM,2026-04-18 22:19:41.702,2026-04-19 00:45:41.702,146.0,1,2h 26m,MAA to BOM,0,Night (21-05)
6F016,INDIGO,HYD,BOM,2026-04-18 22:18:41.701,2026-04-18 22:54:41.701,36.0,0,0h 36m,HYD to BOM,0,Night (21-05)
UK012,VISTARA,MAA,BOM,2026-04-18 22:16:41.701,2026-04-19 00:25:41.701,129.0,1,2h 9m,MAA to BOM,0,Night (21-05)
SJ188,SPICEJET,BLR,BOM,2026-04-18 22:15:41.703,2026-04-18 22:55:41.703,40.0,0,0h 40m,BLR to BOM,0,Night (21-05)
UK096,VISTARA,BLR,HYD,2026-04-18 22:11:41.702,2026-04-19 00:06:41.702,115.0,1,1h 55m,BLR to HYD,0,Night (21-05)
SJ046,SPICEJET,BOM,MAA,2026-04-18 22:01:41.701,2026-04-19 01:25:41.701,204.0,1,3h 24m,BOM to MAA,0,Night (21-05)
UK191,VISTARA,MAA,BLR,2026-04-18 21:51:41.703,2026-04-18 22:57:41.703,66.0,0,1h 6m,MAA to BLR,0,Night (21-05)
6F064,INDIGO,CCU,DEL,2026-04-18 21:45:41.701,2026-04-18 22:50:41.701,65.0,0,1h 5m,CCU to DEL,0,Night (21-05)
AI005,AIR INDIA,DEL,CCU,2026-04-18 21:24:41.701,2026-04-18 22:11:41.701,47.0,0,0h 47m,DEL to CCU,0,Night (21-05)
6F021,INDIGO,BLR,MAA,2026-04-18 21:23:41.701,2026-04-19 01:25:41.701,242.0,1,4h 2m,BLR to MAA,1,Night (21-05)
AI169,AIR INDIA,CCU,DEL,2026-04-18 21:21:41.703,2026-04-19 01:34:41.703,253.0,1,4h 13m,CCU to DEL,1,Night (21-05)
UK035,VISTARA,HYD,BOM,2026-04-18 21:08:41.701,2026-04-18 22:24:41.701,76.0,0,1h 16m,HYD to BOM,0,Night (21-05)
AI040,AIR INDIA,HYD,BLR,2026-04-18 21:01:41.701,2026-04-18 22:42:41.701,101.0,0,1h 41m,HYD to BLR,0,Night (21-05)
UK042,VISTARA,MAA,BOM,2026-04-18 20:59:41.701,2026-04-19 01:38:41.701,279.0,1,4h 39m,MAA to BOM,1,Evening (17-21)
SJ171,SPICEJET,DEL,HYD,2026-04-18 20:52:41.703,2026-04-18 23:52:41.703,180.0,0,3h 0m,DEL to HYD,0,Evening (17-21)
AI250,Air India,BOM,CCU,2026-04-18 20:48:41.704,2026-04-19 00:12:41.704,204.0,1,3h 24m,BOM to CCU,0,Evening (17-21)
SJ195,SPICEJET,BOM,CCU,2026-04-18 20:41:41.703,2026-04-18 23:54:41.703,193.0,0,3h 13m,BOM to CCU,0,Evening (17-21)
UK211,VISTARA,MAA,CCU,2026-04-18 20:39:41.704,2026-04-18 22:02:41.704,83.0,0,1h 23m,MAA to CCU,0,Evening (17-21)
UK122,VISTARA,HYD,CCU,2026-04-18 20:29:42.000,2026-04-18 23:29:42.000,180.0,0,3h 0m,HYD to CCU,0,Evening (17-21)
AI136,AIR INDIA,BLR,DEL,2026-04-18 20:29:41.702,2026-04-18 23:48:41.702,199.0,0,3h 19m,BLR to DEL,0,Evening (17-21)
6F141,INDIGO,BOM,CCU,2026-04-18 20:26:41.702,2026-04-18 22:28:41.702,122.0,0,2h 2m,BOM to CCU,0,Evening (17-21)
6F053,INDIGO,DEL,HYD,2026-04-18 20:26:41.701,2026-04-19 00:39:41.701,253.0,1,4h 13m,DEL to HYD,1,Evening (17-21)
6F136,INDIGO,CCU,DEL,2026-04-18 20:24:41.702,2026-04-18 21:01:41.702,37.0,0,0h 37m,CCU to DEL,0,Evening (17-21)
6F009,INDIGO,BLR,CCU,2026-04-18 20:21:41.701,2026-04-18 23:36:41.701,195.0,0,3h 15m,BLR to CCU,1,Evening (17-21)
6F023,INDIGO,MAA,BLR,2026-04-18 20:18:41.701,2026-04-19 00:14:41.701,236.0,1,3h 56m,MAA to BLR,1,Evening (17-21)
UK006,VISTARA,MAA,CCU,2026-04-18 20:16:41.701,2026-04-18 21:55:41.701,99.0,0,1h 39m,MAA to CCU,0,Evening (17-21)
SJ165,SPICEJET,CCU,BOM,2026-04-18 20:08:41.703,2026-04-18 23:18:41.703,190.0,0,3h 10m,CCU to BOM,0,Evening (17-21)
6F189,INDIGO,MAA,BLR,2026-04-18 20:08:41.703,2026-04-18 21:51:41.703,103.0,0,1h 43m,MAA to BLR,0,Evening (17-21)
AI131,AIR INDIA,MAA,BOM,2026-04-18 19:55:41.702,2026-04-18 22:35:41.702,160.0,0,2h 40m,MAA to BOM,0,Evening (17-21)
6F004,INDIGO,BOM,CCU,2026-04-18 19:53:41.701,2026-04-18 23:33:41.701,220.0,0,3h 40m,BOM to CCU,0,Evening (17-21)
AI027,AIR INDIA,BOM,MAA,2026-04-18 19:41:41.701,2026-04-18 23:23:41.701,222.0,0,3h 42m,BOM to MAA,0,Evening (17-21)
AI238,AIR INDIA,CCU,MAA,2026-04-18 19:25:41.704,2026-04-19 00:07:41.704,282.0,1,4h 42m,CCU to MAA,1,Evening (17-21)
SJ105,SPICEJET,BOM,HYD,2026-04-18 19:22:41.702,2026-04-18 22:48:41.702,206.0,0,3h 26m,BOM to HYD,0,Evening (17-21)
6F035,INDIGO,CCU,HYD,2026-04-18 19:16:41.701,2026-04-18 23:40:41.701,264.0,0,4h 24m,CCU to HYD,1,Evening (17-21)
AI133,AIR INDIA,DEL,CCU,2026-04-18 19:12:41.702,2026-04-18 21:32:41.702,140.0,0,2h 20m,DEL to CCU,0,Evening (17-21)
AI001,AIR INDIA,DEL,HYD,2026-04-18 19:00:41.700,2026-04-18 22:03:41.700,183.0,0,3h 3m,DEL to HYD,0,Evening (17-21)
SJ133,SPICEJET,BOM,CCU,2026-04-18 18:50:41.702,2026-04-18 21:29:41.702,159.0,0,2h 39m,BOM to CCU,0,Evening (17-21)
SJ216,SPICEJET,BOM,CCU,2026-04-18 18:35:41.703,2026-04-18 21:31:41.703,176.0,0,2h 56m,BOM to CCU,0,Evening (17-21)
AI147,AIR INDIA,HYD,CCU,2026-04-18 18:14:41.703,2026-04-18 20:10:41.703,116.0,0,1h 56m,HYD to CCU,0,Evening (17-21)
SJ054,SPICEJET,MAA,BLR,2026-04-18 18:13:41.701,2026-04-18 22:46:41.701,273.0,0,4h 33m,MAA to BLR,1,Evening (17-21)
6F197,INDIGO,BOM,BLR,2026-04-18 17:59:41.703,2026-04-18 22:44:41.703,285.0,0,4h 45m,BOM to BLR,1,Evening (17-21)
SJ066,SPICEJET,HYD,CCU,2026-04-18 17:47:41.701,2026-04-18 19:03:41.701,76.0,0,1h 16m,HYD to CCU,0,Evening (17-21)
SJ183,SPICEJET,CCU,DEL,2026-04-18 17:44:41.703,2026-04-18 19:40:41.703,116.0,0,1h 56m,CCU to DEL,0,Evening (17-21)
SJ151,SPICEJET,BOM,CCU,2026-04-18 17:44:41.702,2026-04-18 19:16:41.702,92.0,0,1h 32m,BOM to CCU,0,Evening (17-21)
SJ071,SPICEJET,CCU,MAA,2026-04-18 17:43:41.701,2026-04-18 19:32:41.701,109.0,0,1h 49m,CCU to MAA,0,Evening (17-21)
SJ102,SPICEJET,MAA,CCU,2026-04-18 17:26:41.702,2026-04-18 18:58:41.702,92.0,0,1h 32m,MAA to CCU,0,Evening (17-21)
AI209,AIR INDIA,BLR,CCU,2026-04-18 17:25:41.703,2026-04-18 18:37:41.703,72.0,0,1h 12m,BLR to CCU,0,Evening (17-21)
6F111,INDIGO,HYD,DEL,2026-04-18 17:09:41.702,2026-04-18 20:02:41.702,173.0,0,2h 53m,HYD to DEL,0,Evening (17-21)
AI050,AIR INDIA,BLR,BOM,2026-04-18 17:07:41.701,2026-04-18 19:42:41.701,155.0,0,2h 35m,BLR to BOM,0,Evening (17-21)
SJ189,SPICEJET,HYD,BLR,2026-04-18 17:05:41.703,2026-04-18 22:01:41.703,296.0,0,4h 56m,HYD to BLR,1,Evening (17-21)
UK112,Vistara,CCU,DEL,2026-04-18 17:05:41.702,2026-04-18 19:47:41.702,162.0,0,2h 42m,CCU to DEL,0,Evening (17-21)
6F171,INDIGO,DEL,BLR,2026-04-18 17:03:41.703,2026-04-18 18:12:41.703,69.0,0,1h 9m,DEL to BLR,0,Evening (17-21)
AI011,AIR INDIA,CCU,BOM,2026-04-18 16:58:41.701,2026-04-18 21:01:41.701,243.0,0,4h 3m,CCU to BOM,1,Afternoon (12-17)
6F027,INDIGO,BLR,DEL,2026-04-18 16:52:41.701,2026-04-18 18:21:41.701,89.0,0,1h 29m,BLR to DEL,0,Afternoon (12-17)
UK082,VISTARA,DEL,BOM,2026-04-18 16:50:41.702,2026-04-18 21:21:41.702,271.0,0,4h 31m,DEL to BOM,1,Afternoon (12-17)
UK138,VISTARA,DEL,BLR,2026-04-18 16:47:41.703,2026-04-18 19:36:41.703,169.0,0,2h 49m,DEL to BLR,0,Afternoon (12-17)
UK198,VISTARA,DEL,BLR,2026-04-18 16:43:41.703,2026-04-18 18:18:41.703,95.0,0,1h 35m,DEL to BLR,0,Afternoon (12-17)
6F039,INDIGO,MAA,CCU,2026-04-18 16:43:41.701,2026-04-18 21:01:41.701,258.0,0,4h 18m,MAA to CCU,1,Afternoon (12-17)
6F157,INDIGO,MAA,CCU,2026-04-18 16:37:41.703,2026-04-18 18:04:41.703,87.0,0,1h 27m,MAA to CCU,0,Afternoon (12-17)
SJ024,SPICEJET,DEL,MAA,2026-04-18 16:29:41.701,2026-04-18 20:21:41.701,232.0,0,3h 52m,DEL to MAA,0,Afternoon (12-17)
6F167,INDIGO,BLR,BOM,2026-04-18 16:26:41.703,2026-04-18 17:50:41.703,84.0,0,1h 24m,BLR to BOM,0,Afternoon (12-17)
AI197,AIR INDIA,BOM,CCU,2026-04-18 16:25:41.703,2026-04-18 20:00:41.703,215.0,0,3h 35m,BOM to CCU,0,Afternoon (12-17)
SJ211,SPICEJET,MAA,BOM,2026-04-18 16:22:41.703,2026-04-18 18:34:41.703,132.0,0,2h 12m,MAA to BOM,0,Afternoon (12-17)
6F055,INDIGO,DEL,CCU,2026-04-18 16:21:41.701,2026-04-18 18:49:41.701,148.0,0,2h 28m,DEL to CCU,0,Afternoon (12-17)
AI253,AIR INDIA,BLR,BOM,2026-04-18 16:13:41.704,2026-04-18 19:51:41.704,218.0,0,3h 38m,BLR to BOM,1,Afternoon (12-17)
UK060,VISTARA,BLR,CCU,2026-04-18 16:09:41.701,2026-04-18 19:42:41.701,213.0,0,3h 33m,BLR to CCU,1,Afternoon (12-17)
6F257,IndiGo,MAA,CCU,2026-04-18 16:04:41.704,2026-04-18 19:55:41.704,231.0,0,3h 51m,MAA to CCU,1,Afternoon (12-17)
SJ135,SPICEJET,MAA,CCU,2026-04-18 16:03:41.702,2026-04-18 19:48:41.702,225.0,0,3h 45m,MAA to CCU,1,Afternoon (12-17)
AI247,AIR INDIA,BOM,CCU,2026-04-18 15:58:41.704,2026-04-18 19:02:41.704,184.0,0,3h 4m,BOM to CCU,0,Afternoon (12-17)
UK127,VISTARA,BOM,HYD,2026-04-18 15:56:41.702,2026-04-18 20:00:41.702,244.0,0,4h 4m,BOM to HYD,1,Afternoon (12-17)
AI109,AIR INDIA,BLR,BOM,2026-04-18 15:53:41.702,2026-04-18 20:14:41.702,261.0,0,4h 21m,BLR to BOM,1,Afternoon (12-17)
AI057,AIR INDIA,BOM,CCU,2026-04-18 15:53:41.701,2026-04-18 19:22:41.701,209.0,0,3h 29m,BOM to CCU,0,Afternoon (12-17)
6F103,INDIGO,CCU,MAA,2026-04-18 15:37:41.702,2026-04-18 18:32:41.702,175.0,0,2h 55m,CCU to MAA,0,Afternoon (12-17)
SJ144,SPICEJET,BLR,BOM,2026-04-18 15:35:41.702,2026-04-18 19:12:41.702,217.0,0,3h 37m,BLR to BOM,1,Afternoon (12-17)
6F076,INDIGO,CCU,HYD,2026-04-18 15:35:41.702,2026-04-18 16:20:41.702,45.0,0,0h 45m,CCU to HYD,0,Afternoon (12-17)
6F240,INDIGO,DEL,HYD,2026-04-18 15:31:41.704,2026-04-18 19:56:41.704,265.0,0,4h 25m,DEL to HYD,1,Afternoon (12-17)
UK057,VISTARA,CCU,DEL,2026-04-18 15:25:41.701,2026-04-18 20:04:41.701,279.0,0,4h 39m,CCU to DEL,1,Afternoon (12-17)
AI201,AIR INDIA,BLR,CCU,2026-04-18 15:19:41.703,2026-04-18 16:40:41.703,81.0,0,1h 21m,BLR to CCU,0,Afternoon (12-17)
SJ242,SPICEJET,BLR,HYD,2026-04-18 14:55:41.704,2026-04-18 17:42:41.704,167.0,0,2h 47m,BLR to HYD,0,Afternoon (12-17)
6F037,INDIGO,BOM,MAA,2026-04-18 14:51:41.701,2026-04-18 17:23:41.701,152.0,0,2h 32m,BOM to MAA,0,Afternoon (12-17)
SJ132,SPICEJET,MAA,DEL,2026-04-18 14:44:41.702,2026-04-18 15:36:41.702,52.0,0,0h 52m,MAA to DEL,0,Afternoon (12-17)
AI055,AIR INDIA,CCU,BOM,2026-04-18 14:39:41.701,2026-04-18 16:18:41.701,99.0,0,1h 39m,CCU to BOM,0,Afternoon (12-17)
6F252,IndiGo,MAA,BLR,2026-04-18 14:25:41.701,2026-04-18 18:52:41.701,267.0,0,4h 27m,MAA to BLR,1,Afternoon (12-17)
AI183,AIR INDIA,DEL,CCU,2026-04-18 14:24:41.703,2026-04-18 16:06:41.703,102.0,0,1h 42m,DEL to CCU,0,Afternoon (12-17)
SJ125,SPICEJET,DEL,BLR,2026-04-18 14:21:41.702,2026-04-18 16:55:41.702,154.0,0,2h 34m,DEL to BLR,0,Afternoon (12-17)
SJ087,SPICEJET,BOM,DEL,2026-04-18 14:20:41.702,2026-04-18 19:09:41.702,289.0,0,4h 49m,BOM to DEL,1,Afternoon (12-17)
UK182,VISTARA,HYD,CCU,2026-04-18 14:19:41.703,2026-04-18 18:25:41.703,246.0,0,4h 6m,HYD to CCU,1,Afternoon (12-17)
AI016,AIR INDIA,BOM,CCU,2026-04-18 14:15:41.701,2026-04-18 18:38:41.701,263.0,0,4h 23m,BOM to CCU,1,Afternoon (12-17)
6F107,INDIGO,CCU,BLR,2026-04-18 14:14:41.702,2026-04-18 17:14:42.000,180.0,0,3h 0m,CCU to BLR,0,Afternoon (12-17)
AI026,AIR INDIA,DEL,BOM,2026-04-18 14:14:41.701,2026-04-18 15:13:41.701,59.0,0,0h 59m,DEL to BOM,0,Afternoon (12-17)
AI177,AIR INDIA,CCU,HYD,2026-04-18 14:11:41.703,2026-04-18 16:26:41.703,135.0,0,2h 15m,CCU to HYD,0,Afternoon (12-17)
AI041,AIR INDIA,BOM,BLR,2026-04-18 14:08:41.701,2026-04-18 15:59:41.701,111.0,0,1h 51m,BOM to BLR,0,Afternoon (12-17)
6F222,INDIGO,HYD,MAA,2026-04-18 14:01:41.704,2026-04-18 16:11:41.704,130.0,0,2h 10m,HYD to MAA,0,Afternoon (12-17)
AI004,AIR INDIA,HYD,MAA,2026-04-18 13:58:41.701,2026-04-18 18:12:41.701,254.0,0,4h 14m,HYD to MAA,1,Afternoon (12-17)
SJ126,SPICEJET,DEL,BLR,2026-04-18 13:47:41.702,2026-04-18 16:31:41.702,164.0,0,2h 44m,DEL to BLR,0,Afternoon (12-17)
SJ220,SPICEJET,BOM,CCU,2026-04-18 13:45:41.703,2026-04-18 15:21:41.703,96.0,0,1h 36m,BOM to CCU,0,Afternoon (12-17)
AI204,AIR INDIA,CCU,MAA,2026-04-18 13:40:41.703,2026-04-18 18:38:41.703,298.0,0,4h 58m,CCU to MAA,1,Afternoon (12-17)
UK098,VISTARA,CCU,DEL,2026-04-18 13:38:41.702,2026-04-18 17:54:41.702,256.0,0,4h 16m,CCU to DEL,1,Afternoon (12-17)
AI090,AIR INDIA,MAA,CCU,2026-04-18 13:37:41.702,2026-04-18 16:11:41.702,154.0,0,2h 34m,MAA to CCU,0,Afternoon (12-17)
AI092,AIR INDIA,CCU,BOM,2026-04-18 13:36:41.702,2026-04-18 16:20:41.702,164.0,0,2h 44m,CCU to BOM,0,Afternoon (12-17)
AI049,AIR INDIA,CCU,MAA,2026-04-18 13:35:41.701,2026-04-18 15:48:41.701,133.0,0,2h 13m,CCU to MAA,0,Afternoon (12-17)
UK117,VISTARA,BLR,BOM,2026-04-18 13:17:41.702,2026-04-18 16:54:41.702,217.0,0,3h 37m,BLR to BOM,1,Afternoon (12-17)
6F227,INDIGO,MAA,BOM,2026-04-18 13:16:41.704,2026-04-18 17:41:41.704,265.0,0,4h 25m,MAA to BOM,1,Afternoon (12-17)
AI228,AIR INDIA,BLR,BOM,2026-04-18 13:16:41.703,2026-04-18 17:44:41.703,268.0,0,4h 28m,BLR to BOM,1,Afternoon (12-17)
SJ164,SPICEJET,CCU,MAA,2026-04-18 13:14:41.703,2026-04-18 15:14:42.000,120.0,0,2h 0m,CCU to MAA,0,Afternoon (12-17)
AI018,AIR INDIA,BOM,CCU,2026-04-18 13:12:41.701,2026-04-18 18:04:41.701,292.0,0,4h 52m,BOM to CCU,1,Afternoon (12-17)
UK192,VISTARA,HYD,DEL,2026-04-18 12:54:41.703,2026-04-18 13:54:42.000,60.0,0,1h 0m,HYD to DEL,0,Afternoon (12-17)
SJ224,SPICEJET,DEL,MAA,2026-04-18 12:41:41.703,2026-04-18 15:33:41.703,172.0,0,2h 52m,DEL to MAA,0,Afternoon (12-17)
UK050,VISTARA,BOM,DEL,2026-04-18 12:39:41.701,2026-04-18 13:18:41.701,39.0,0,0h 39m,BOM to DEL,0,Afternoon (12-17)
SJ159,SPICEJET,CCU,DEL,2026-04-18 12:22:41.703,2026-04-18 14:05:41.703,103.0,0,1h 43m,CCU to DEL,0,Afternoon (12-17)
UK038,VISTARA,MAA,CCU,2026-04-18 12:22:41.701,2026-04-18 15:31:41.701,189.0,0,3h 9m,MAA to CCU,0,Afternoon (12-17)
6F192,INDIGO,CCU,BLR,2026-04-18 12:20:41.703,2026-04-18 16:45:41.703,265.0,0,4h 25m,CCU to BLR,1,Afternoon (12-17)
6F173,INDIGO,BOM,CCU,2026-04-18 12:19:41.703,2026-04-18 13:08:41.703,49.0,0,0h 49m,BOM to CCU,0,Afternoon (12-17)
AI185,AIR INDIA,CCU,BOM,2026-04-18 12:16:41.703,2026-04-18 16:18:41.703,242.0,0,4h 2m,CCU to BOM,1,Afternoon (12-17)
SJ152,SPICEJET,BOM,DEL,2026-04-18 12:09:41.702,2026-04-18 13:50:41.702,101.0,0,1h 41m,BOM to DEL,0,Afternoon (12-17)
AI215,AIR INDIA,BLR,DEL,2026-04-18 12:07:41.703,2026-04-18 13:43:41.703,96.0,0,1h 36m,BLR to DEL,0,Afternoon (12-17)
AI074,AIR INDIA,CCU,BOM,2026-04-18 12:03:41.702,2026-04-18 12:50:41.702,47.0,0,0h 47m,CCU to BOM,0,Afternoon (12-17)
6F109,INDIGO,BLR,BOM,2026-04-18 12:00:41.702,2026-04-18 12:51:41.702,51.0,0,0h 51m,BLR to BOM,0,Afternoon (12-17)
6F144,INDIGO,HYD,BOM,2026-04-18 11:56:41.702,2026-04-18 15:11:41.702,195.0,0,3h 15m,HYD to BOM,1,Morning (09-12)
6F210,INDIGO,HYD,DEL,2026-04-18 11:51:41.703,2026-04-18 15:58:41.703,247.0,0,4h 7m,HYD to DEL,1,Morning (09-12)
SJ111,SPICEJET,DEL,MAA,2026-04-18 11:47:41.702,2026-04-18 12:59:41.702,72.0,0,1h 12m,DEL to MAA,0,Morning (09-12)
UK092,VISTARA,MAA,BLR,2026-04-18 11:42:41.702,2026-04-18 13:17:41.702,95.0,0,1h 35m,MAA to BLR,0,Morning (09-12)
UK009,VISTARA,BOM,DEL,2026-04-18 11:34:41.701,2026-04-18 13:41:41.701,127.0,0,2h 7m,BOM to DEL,0,Morning (09-12)
AI170,AIR INDIA,HYD,DEL,2026-04-18 11:27:41.703,2026-04-18 15:50:41.703,263.0,0,4h 23m,HYD to DEL,1,Morning (09-12)
6F154,INDIGO,CCU,DEL,2026-04-18 11:26:41.703,2026-04-18 12:23:41.703,57.0,0,0h 57m,CCU to DEL,0,Morning (09-12)
6F161,INDIGO,MAA,DEL,2026-04-18 11:24:41.703,2026-04-18 12:21:41.703,57.0,0,0h 57m,MAA to DEL,0,Morning (09-12)
UK128,VISTARA,BOM,CCU,2026-04-18 11:22:41.702,2026-04-18 14:11:41.702,169.0,0,2h 49m,BOM to CCU,0,Morning (09-12)
AI186,AIR INDIA,DEL,BOM,2026-04-18 11:11:41.703,2026-04-18 13:05:41.703,114.0,0,1h 54m,DEL to BOM,0,Morning (09-12)
AI099,AIR INDIA,BLR,BOM,2026-04-18 11:07:41.702,2026-04-18 13:29:41.702,142.0,0,2h 22m,BLR to BOM,0,Morning (09-12)
6F203,INDIGO,BLR,HYD,2026-04-18 11:05:41.703,2026-04-18 12:56:41.703,111.0,0,1h 51m,BLR to HYD,0,Morning (09-12)
SJ008,SPICEJET,HYD,BLR,2026-04-18 10:53:41.701,2026-04-18 15:48:41.701,295.0,0,4h 55m,HYD to BLR,1,Morning (09-12)
AI171,AIR INDIA,MAA,BLR,2026-04-18 10:51:41.703,2026-04-18 13:34:41.703,163.0,0,2h 43m,MAA to BLR,0,Morning (09-12)
6F124,INDIGO,BLR,BOM,2026-04-18 10:47:41.702,2026-04-18 15:21:41.702,274.0,0,4h 34m,BLR to BOM,1,Morning (09-12)
6F137,INDIGO,CCU,DEL,2026-04-18 10:45:41.702,2026-04-18 15:01:41.702,256.0,0,4h 16m,CCU to DEL,1,Morning (09-12)
AI008,AIR INDIA,BOM,CCU,2026-04-18 10:43:41.701,2026-04-18 12:43:42.000,120.0,0,2h 0m,BOM to CCU,0,Morning (09-12)
SJ140,SpiceJet,HYD,DEL,2026-04-18 10:42:41.702,2026-04-18 14:30:41.702,228.0,0,3h 48m,HYD to DEL,0,Morning (09-12)
UK016,VISTARA,DEL,CCU,2026-04-18 10:42:41.701,2026-04-18 11:22:41.701,40.0,0,0h 40m,DEL to CCU,0,Morning (09-12)
AI127,AIR INDIA,DEL,HYD,2026-04-18 10:37:41.702,2026-04-18 13:45:41.702,188.0,0,3h 8m,DEL to HYD,0,Morning (09-12)
SJ096,SpiceJet,DEL,HYD,2026-04-18 10:29:41.702,2026-04-18 13:45:41.702,196.0,0,3h 16m,DEL to HYD,0,Morning (09-12)
6F048,INDIGO,HYD,DEL,2026-04-18 10:27:41.701,2026-04-18 11:18:41.701,51.0,0,0h 51m,HYD to DEL,0,Morning (09-12)
SJ090,SPICEJET,HYD,MAA,2026-04-18 10:24:41.702,2026-04-18 13:11:41.702,167.0,0,2h 47m,HYD to MAA,0,Morning (09-12)
AI014,AIR INDIA,HYD,MAA,2026-04-18 10:24:41.701,2026-04-18 13:51:41.701,207.0,0,3h 27m,HYD to MAA,1,Morning (09-12)
6F131,INDIGO,BLR,HYD,2026-04-18 10:22:41.702,2026-04-18 14:20:41.702,238.0,0,3h 58m,BLR to HYD,1,Morning (09-12)
AI130,AIR INDIA,BOM,BLR,2026-04-18 10:18:41.702,2026-04-18 12:59:41.702,161.0,0,2h 41m,BOM to BLR,0,Morning (09-12)
6F165,INDIGO,BLR,BOM,2026-04-18 10:11:41.703,2026-04-18 11:09:41.703,58.0,0,0h 58m,BLR to BOM,0,Morning (09-12)
UK161,VISTARA,BLR,BOM,2026-04-18 10:05:41.703,2026-04-18 12:48:41.703,163.0,0,2h 43m,BLR to BOM,0,Morning (09-12)
AI107,AIR INDIA,HYD,CCU,2026-04-18 10:03:41.702,2026-04-18 10:49:41.702,46.0,0,0h 46m,HYD to CCU,0,Morning (09-12)
SJ104,SPICEJET,HYD,DEL,2026-04-18 10:00:41.702,2026-04-18 11:00:42.000,60.0,0,1h 0m,HYD to DEL,0,Morning (09-12)
AI042,AIR INDIA,CCU,DEL,2026-04-18 09:53:41.701,2026-04-18 10:57:41.701,64.0,0,1h 4m,CCU to DEL,0,Morning (09-12)
6F266,IndiGo,CCU,MAA,2026-04-18 09:49:41.703,2026-04-18 11:17:41.703,88.0,0,1h 28m,CCU to MAA,0,Morning (09-12)
6F138,INDIGO,HYD,BLR,2026-04-18 09:49:41.702,2026-04-18 12:53:41.702,184.0,0,3h 4m,HYD to BLR,0,Morning (09-12)
SJ219,SPICEJET,BOM,DEL,2026-04-18 09:32:41.703,2026-04-18 14:09:41.703,277.0,0,4h 37m,BOM to DEL,1,Morning (09-12)
UK197,VISTARA,BLR,HYD,2026-04-18 09:22:41.703,2026-04-18 10:54:41.703,92.0,0,1h 32m,BLR to HYD,0,Morning (09-12)
6F119,INDIGO,DEL,BOM,2026-04-18 09:19:41.702,2026-04-18 11:33:41.702,134.0,0,2h 14m,DEL to BOM,0,Morning (09-12)
SJ058,SPICEJET,DEL,HYD,2026-04-18 08:58:41.701,2026-04-18 13:14:41.701,256.0,0,4h 16m,DEL to HYD,1,Early Morning (05-09)
AI218,AIR INDIA,BOM,CCU,2026-04-18 08:55:41.703,2026-04-18 11:55:41.703,180.0,0,3h 0m,BOM to CCU,0,Early Morning (05-09)
SJ060,SPICEJET,HYD,CCU,2026-04-18 08:51:41.701,2026-04-18 13:46:41.701,295.0,0,4h 55m,HYD to CCU,1,Early Morning (05-09)
UK121,VISTARA,BLR,BOM,2026-04-18 08:36:41.702,2026-04-18 12:36:41.702,240.0,0,4h 0m,BLR to BOM,1,Early Morning (05-09)
6F208,INDIGO,CCU,BOM,2026-04-18 08:27:41.703,2026-04-18 11:34:41.703,187.0,0,3h 7m,CCU to BOM,0,Early Morning (05-09)
6F153,INDIGO,CCU,BLR,2026-04-18 08:23:41.703,2026-04-18 12:20:41.703,237.0,0,3h 57m,CCU to BLR,1,Early Morning (05-09)
AI117,AIR INDIA,HYD,BLR,2026-04-18 08:18:41.702,2026-04-18 10:09:41.702,111.0,0,1h 51m,HYD to BLR,0,Early Morning (05-09)
SJ113,SPICEJET,BLR,BOM,2026-04-18 08:10:41.702,2026-04-18 10:10:42.000,120.0,0,2h 0m,BLR to BOM,0,Early Morning (05-09)
AI191,AIR INDIA,BLR,MAA,2026-04-18 07:57:41.703,2026-04-18 11:58:41.703,241.0,0,4h 1m,BLR to MAA,1,Early Morning (05-09)
6F267,IndiGo,DEL,MAA,2026-04-18 07:56:41.703,2026-04-18 11:49:41.703,233.0,0,3h 53m,DEL to MAA,0,Early Morning (05-09)
6F185,INDIGO,CCU,DEL,2026-04-18 07:49:41.703,2026-04-18 10:08:41.703,139.0,0,2h 19m,CCU to DEL,0,Early Morning (05-09)
AI114,AIR INDIA,CCU,DEL,2026-04-18 07:48:41.702,2026-04-18 09:03:41.702,75.0,0,1h 15m,CCU to DEL,0,Early Morning (05-09)
6F155,INDIGO,DEL,BLR,2026-04-18 07:47:41.703,2026-04-18 08:20:41.703,33.0,0,0h 33m,DEL to BLR,0,Early Morning (05-09)
UK045,VISTARA,MAA,HYD,2026-04-18 07:43:41.701,2026-04-18 09:28:41.701,105.0,0,1h 45m,MAA to HYD,0,Early Morning (05-09)
AI111,AIR INDIA,MAA,CCU,2026-04-18 07:40:41.702,2026-04-18 10:39:41.702,179.0,0,2h 59m,MAA to CCU,0,Early Morning (05-09)
AI156,AIR INDIA,CCU,BOM,2026-04-18 07:39:41.703,2026-04-18 09:22:41.703,103.0,0,1h 43m,CCU to BOM,0,Early Morning (05-09)
SJ128,SPICEJET,CCU,BLR,2026-04-18 07:39:41.702,2026-04-18 10:42:41.702,183.0,0,3h 3m,CCU to BLR,0,Early Morning (05-09)
AI104,AIR INDIA,MAA,HYD,2026-04-18 07:35:41.702,2026-04-18 09:20:41.702,105.0,0,1h 45m,MAA to HYD,0,Early Morning (05-09)
6F225,INDIGO,HYD,CCU,2026-04-18 07:33:41.704,2026-04-18 12:12:41.704,279.0,0,4h 39m,HYD to CCU,1,Early Morning (05-09)
6F033,INDIGO,DEL,HYD,2026-04-18 07:08:41.701,2026-04-18 09:08:41.701,120.0,0,2h 0m,DEL to HYD,0,Early Morning (05-09)
6F244,INDIGO,MAA,CCU,2026-04-18 07:07:41.704,2026-04-18 08:31:41.704,84.0,0,1h 24m,MAA to CCU,0,Early Morning (05-09)
UK137,VISTARA,BOM,MAA,2026-04-18 07:04:41.703,2026-04-18 09:14:41.703,130.0,0,2h 10m,BOM to MAA,0,Early Morning (05-09)
AI063,AIR INDIA,HYD,BLR,2026-04-18 07:03:41.701,2026-04-18 11:26:41.701,263.0,0,4h 23m,HYD to BLR,1,Early Morning (05-09)
SJ156,SPICEJET,BOM,DEL,2026-04-18 06:59:41.703,2026-04-18 07:34:41.703,35.0,0,0h 35m,BOM to DEL,0,Early Morning (05-09)
UK125,VISTARA,HYD,BOM,2026-04-18 06:58:41.702,2026-04-18 11:44:41.702,286.0,0,4h 46m,HYD to BOM,1,Early Morning (05-09)
AI232,AIR INDIA,DEL,BLR,2026-04-18 06:43:41.704,2026-04-18 10:13:41.704,210.0,0,3h 30m,DEL to BLR,0,Early Morning (05-09)
AI167,AIR INDIA,BLR,DEL,2026-04-18 06:43:41.703,2026-04-18 11:10:41.703,267.0,0,4h 27m,BLR to DEL,1,Early Morning (05-09)
UK160,VISTARA,BLR,BOM,2026-04-18 06:42:41.703,2026-04-18 10:58:41.703,256.0,0,4h 16m,BLR to BOM,1,Early Morning (05-09)
UK129,VISTARA,HYD,MAA,2026-04-18 06:29:41.702,2026-04-18 07:29:42.000,60.0,0,1h 0m,HYD to MAA,0,Early Morning (05-09)
SJ230,SPICEJET,BOM,CCU,2026-04-18 06:22:41.704,2026-04-18 10:57:41.704,275.0,0,4h 35m,BOM to CCU,1,Early Morning (05-09)
SJ056,SPICEJET,HYD,DEL,2026-04-18 06:11:41.701,2026-04-18 07:10:41.701,59.0,0,0h 59m,HYD to DEL,0,Early Morning (05-09)
SJ137,SPICEJET,CCU,DEL,2026-04-18 06:08:41.702,2026-04-18 10:14:41.702,246.0,0,4h 6m,CCU to DEL,1,Early Morning (05-09)
6F081,INDIGO,MAA,BLR,2026-04-18 06:04:41.702,2026-04-18 07:43:41.702,99.0,0,1h 39m,MAA to BLR,0,Early Morning (05-09)
6F088,INDIGO,CCU,BLR,2026-04-18 05:51:41.702,2026-04-18 08:22:41.702,151.0,0,2h 31m,CCU to BLR,0,Early Morning (05-09)
6F121,INDIGO,HYD,MAA,2026-04-18 05:44:41.702,2026-04-18 10:42:41.702,298.0,0,4h 58m,HYD to MAA,1,Early Morning (05-09)
UK214,VISTARA,HYD,DEL,2026-04-18 05:30:41.704,2026-04-18 09:10:41.704,220.0,0,3h 40m,HYD to DEL,0,Early Morning (05-09)
6F060,INDIGO,DEL,BLR,2026-04-18 05:29:41.701,2026-04-18 07:29:42.000,120.0,0,2h 0m,DEL to BLR,0,Early Morning (05-09)
SJ101,SPICEJET,CCU,DEL,2026-04-18 05:17:41.702,2026-04-18 06:57:41.702,100.0,0,1h 40m,CCU to DEL,0,Early Morning (05-09)
AI017,AIR INDIA,CCU,BOM,2026-04-18 05:15:41.701,2026-04-18 08:48:41.701,213.0,0,3h 33m,CCU to BOM,0,Early Morning (05-09)
6F120,INDIGO,BLR,BOM,2026-04-18 05:14:41.702,2026-04-18 06:14:41.702,60.0,0,1h 0m,BLR to BOM,0,Early Morning (05-09)
6F217,INDIGO,BLR,BOM,2026-04-18 05:13:41.704,2026-04-18 08:01:41.704,168.0,0,2h 48m,BLR to BOM,0,Early Morning (05-09)
AI194,AIR INDIA,MAA,BLR,2026-04-18 05:09:41.703,2026-04-18 09:38:41.703,269.0,0,4h 29m,MAA to BLR,1,Early Morning (05-09)
AI095,AIR INDIA,DEL,MAA,2026-04-18 05:00:41.702,2026-04-18 08:18:41.702,198.0,0,3h 18m,DEL to MAA,0,Early Morning (05-09)
SJ190,SPICEJET,BOM,CCU,2026-04-18 04:57:41.703,2026-04-18 09:25:41.703,268.0,0,4h 28m,BOM to CCU,1,Night (21-05)
6F139,INDIGO,HYD,MAA,2026-04-18 04:55:41.702,2026-04-18 08:17:41.702,202.0,0,3h 22m,HYD to MAA,0,Night (21-05)
6F062,INDIGO,CCU,DEL,2026-04-18 04:55:41.701,2026-04-18 06:22:41.701,87.0,0,1h 27m,CCU to DEL,0,Night (21-05)
UK011,VISTARA,CCU,DEL,2026-04-18 04:41:41.701,2026-04-18 06:25:41.701,104.0,0,1h 44m,CCU to DEL,0,Night (21-05)
6F100,INDIGO,BOM,BLR,2026-04-18 04:40:41.702,2026-04-18 07:49:41.702,189.0,0,3h 9m,BOM to BLR,0,Night (21-05)
6F228,INDIGO,HYD,MAA,2026-04-18 04:36:41.704,2026-04-18 09:27:41.704,291.0,0,4h 51m,HYD to MAA,1,Night (21-05)
UK033,VISTARA,HYD,DEL,2026-04-18 04:34:41.701,2026-04-18 09:18:41.701,284.0,0,4h 44m,HYD to DEL,1,Night (21-05)
SJ231,SPICEJET,DEL,BLR,2026-04-18 04:23:41.704,2026-04-18 05:48:41.704,85.0,0,1h 25m,DEL to BLR,0,Night (21-05)
AI166,AIR INDIA,BOM,CCU,2026-04-18 04:20:41.703,2026-04-18 07:23:41.703,183.0,0,3h 3m,BOM to CCU,0,Night (21-05)
SJ176,SPICEJET,DEL,BOM,2026-04-18 04:15:41.703,2026-04-18 06:17:41.703,122.0,0,2h 2m,DEL to BOM,0,Night (21-05)
SJ065,SPICEJET,MAA,BLR,2026-04-18 04:10:41.701,2026-04-18 06:54:41.701,164.0,0,2h 44m,MAA to BLR,0,Night (21-05)
6F160,INDIGO,MAA,BLR,2026-04-18 04:09:41.703,2026-04-18 08:26:41.703,257.0,0,4h 17m,MAA to BLR,1,Night (21-05)
AI089,AIR INDIA,CCU,BOM,2026-04-18 04:05:41.702,2026-04-18 04:47:41.702,42.0,0,0h 42m,CCU to BOM,0,Night (21-05)
UK226,VISTARA,MAA,HYD,2026-04-18 03:58:41.704,2026-04-18 05:01:41.704,63.0,0,1h 3m,MAA to HYD,0,Night (21-05)
SJ123,SPICEJET,BOM,CCU,2026-04-18 03:57:41.702,2026-04-18 05:25:41.702,88.0,0,1h 28m,BOM to CCU,0,Night (21-05)
AI054,AIR INDIA,HYD,CCU,2026-04-18 03:44:41.701,2026-04-18 08:10:41.701,266.0,0,4h 26m,HYD to CCU,1,Night (21-05)
UK019,VISTARA,BOM,HYD,2026-04-18 03:41:41.701,2026-04-18 04:35:41.701,54.0,0,0h 54m,BOM to HYD,0,Night (21-05)
UK032,VISTARA,BLR,BOM,2026-04-18 03:31:41.701,2026-04-18 07:28:41.701,237.0,0,3h 57m,BLR to BOM,1,Night (21-05)
SJ100,SPICEJET,MAA,BLR,2026-04-18 03:28:41.702,2026-04-18 06:50:41.702,202.0,0,3h 22m,MAA to BLR,0,Night (21-05)
SJ094,SPICEJET,MAA,HYD,2026-04-18 03:23:41.702,2026-04-18 08:07:41.702,284.0,0,4h 44m,MAA to HYD,1,Night (21-05)
6F101,INDIGO,BOM,MAA,2026-04-18 03:18:41.702,2026-04-18 08:15:41.702,297.0,0,4h 57m,BOM to MAA,1,Night (21-05)
6F006,INDIGO,BOM,BLR,2026-04-18 03:06:41.701,2026-04-18 05:06:42.000,120.0,0,2h 0m,BOM to BLR,0,Night (21-05)
AI006,AIR INDIA,BOM,BLR,2026-04-18 03:04:41.701,2026-04-18 05:54:41.701,170.0,0,2h 50m,BOM to BLR,0,Night (21-05)
AI195,AIR INDIA,CCU,MAA,2026-04-18 02:58:41.703,2026-04-18 04:57:41.703,119.0,0,1h 59m,CCU to MAA,0,Night (21-05)
UK072,VISTARA,BOM,BLR,2026-04-18 02:55:41.702,2026-04-18 05:55:42.000,180.0,0,3h 0m,BOM to BLR,0,Night (21-05)
AI244,AIR INDIA,BLR,BOM,2026-04-18 02:50:41.704,2026-04-18 03:25:41.704,35.0,0,0h 35m,BLR to BOM,0,Night (21-05)
SJ059,SPICEJET,CCU,DEL,2026-04-18 02:50:41.701,2026-04-18 04:06:41.701,76.0,0,1h 16m,CCU to DEL,0,Night (21-05)
SJ009,SPICEJET,CCU,BLR,2026-04-18 02:48:41.701,2026-04-18 04:23:41.701,95.0,0,1h 35m,CCU to BLR,0,Night (21-05)
AI121,AIR INDIA,HYD,MAA,2026-04-18 02:42:41.702,2026-04-18 06:11:41.702,209.0,0,3h 29m,HYD to MAA,1,Night (21-05)
6F110,INDIGO,HYD,DEL,2026-04-18 02:27:41.702,2026-04-18 05:48:41.702,201.0,0,3h 21m,HYD to DEL,0,Night (21-05)
UK018,VISTARA,BOM,CCU,2026-04-18 02:15:41.701,2026-04-18 04:08:41.701,113.0,0,1h 53m,BOM to CCU,0,Night (21-05)
6F072,INDIGO,BLR,CCU,2026-04-18 02:14:41.702,2026-04-18 03:11:41.702,57.0,0,0h 57m,BLR to CCU,0,Night (21-05)
6F159,INDIGO,CCU,BOM,2026-04-18 02:08:41.703,2026-04-18 02:43:41.703,35.0,0,0h 35m,CCU to BOM,0,Night (21-05)
6F095,INDIGO,BLR,MAA,2026-04-18 01:53:41.702,2026-04-18 05:34:41.702,221.0,0,3h 41m,BLR to MAA,0,Night (21-05)
SJ129,SPICEJET,CCU,BOM,2026-04-18 01:48:41.702,2026-04-18 05:48:41.702,240.0,0,4h 0m,CCU to BOM,1,Night (21-05)
UK039,VISTARA,HYD,BOM,2026-04-18 01:40:41.701,2026-04-18 02:53:41.701,73.0,0,1h 13m,HYD to BOM,0,Night (21-05)
6F130,INDIGO,DEL,HYD,2026-04-18 01:27:41.702,2026-04-18 02:45:41.702,78.0,0,1h 18m,DEL to HYD,0,Night (21-05)
6F247,INDIGO,DEL,HYD,2026-04-18 01:27:41.702,2026-04-18 02:45:41.702,78.0,0,1h 18m,DEL to HYD,0,Night (21-05)
SJ233,SPICEJET,DEL,HYD,2026-04-18 01:18:41.704,2026-04-18 02:56:41.704,98.0,0,1h 38m,DEL to HYD,0,Night (21-05)
6F231,INDIGO,HYD,MAA,2026-04-18 01:16:41.704,2026-04-18 05:43:41.704,267.0,0,4h 27m,HYD to MAA,1,Night (21-05)
6F102,INDIGO,HYD,MAA,2026-04-18 01:10:41.702,2026-04-18 02:24:41.702,74.0,0,1h 14m,HYD to MAA,0,Night (21-05)
UK078,VISTARA,BOM,HYD,2026-04-18 01:03:41.702,2026-04-18 04:32:41.702,209.0,0,3h 29m,BOM to HYD,0,Night (21-05)
AI144,AIR INDIA,MAA,BOM,2026-04-18 00:43:41.702,2026-04-18 03:36:41.702,173.0,0,2h 53m,MAA to BOM,0,Night (21-05)
UK054,VISTARA,BLR,BOM,2026-04-18 00:37:41.701,2026-04-18 05:30:41.701,293.0,0,4h 53m,BLR to BOM,1,Night (21-05)
UK108,VISTARA,DEL,BLR,2026-04-18 00:28:41.702,2026-04-18 03:46:41.702,198.0,0,3h 18m,DEL to BLR,0,Night (21-05)
6F008,INDIGO,DEL,BOM,2026-04-18 00:14:41.701,2026-04-18 04:59:41.701,285.0,0,4h 45m,DEL to BOM,1,Night (21-05)
6F106,INDIGO,BOM,CCU,2026-04-18 00:10:41.702,2026-04-18 01:52:41.702,102.0,0,1h 42m,BOM to CCU,0,Night (21-05)
AI203,AIR INDIA,BOM,CCU,2026-04-18 00:09:41.703,2026-04-18 02:56:41.703,167.0,0,2h 47m,BOM to CCU,0,Night (21-05)
UK053,VISTARA,BLR,BOM,2026-04-17 23:56:41.701,2026-04-18 02:46:41.701,170.0,1,2h 50m,BLR to BOM,0,Night (21-05)
UK086,VISTARA,CCU,BLR,2026-04-17 23:55:41.702,2026-04-18 02:27:41.702,152.0,1,2h 32m,CCU to BLR,0,Night (21-05)
SJ223,SPICEJET,HYD,MAA,2026-04-17 23:54:41.703,2026-04-18 01:08:41.703,74.0,1,1h 14m,HYD to MAA,0,Night (21-05)
6F069,INDIGO,MAA,BLR,2026-04-17 23:44:41.701,2026-04-18 03:17:41.701,213.0,1,3h 33m,MAA to BLR,0,Night (21-05)
6F032,INDIGO,DEL,BOM,2026-04-17 23:43:41.701,2026-04-18 02:22:41.701,159.0,1,2h 39m,DEL to BOM,0,Night (21-05)
UK178,VISTARA,DEL,BLR,2026-04-17 23:41:41.703,2026-04-18 04:09:41.703,268.0,1,4h 28m,DEL to BLR,1,Night (21-05)
6F108,INDIGO,DEL,HYD,2026-04-17 23:41:41.702,2026-04-18 03:23:41.702,222.0,1,3h 42m,DEL to HYD,0,Night (21-05)
UK147,VISTARA,CCU,DEL,2026-04-17 23:35:41.703,2026-04-18 02:55:41.703,200.0,1,3h 20m,CCU to DEL,1,Night (21-05)
AI187,AIR INDIA,BLR,HYD,2026-04-17 23:32:41.703,2026-04-18 01:16:41.703,104.0,1,1h 44m,BLR to HYD,0,Night (21-05)
UK213,VISTARA,BOM,CCU,2026-04-17 23:21:41.704,2026-04-18 01:01:41.704,100.0,1,1h 40m,BOM to CCU,0,Night (21-05)
AI035,AIR INDIA,DEL,MAA,2026-04-17 23:17:41.701,2026-04-18 00:48:41.701,91.0,1,1h 31m,DEL to MAA,0,Night (21-05)
UK186,VISTARA,BOM,BLR,2026-04-17 23:05:41.703,2026-04-18 02:22:41.703,197.0,1,3h 17m,BOM to BLR,0,Night (21-05)
6F045,INDIGO,BOM,HYD,2026-04-17 23:04:41.701,2026-04-18 03:38:41.701,274.0,1,4h 34m,BOM to HYD,1,Night (21-05)
UK025,VISTARA,DEL,BOM,2026-04-17 22:55:41.701,2026-04-18 02:47:41.701,232.0,1,3h 52m,DEL to BOM,1,Night (21-05)
UK162,VISTARA,BOM,CCU,2026-04-17 22:47:41.703,2026-04-18 00:21:41.703,94.0,1,1h 34m,BOM to CCU,0,Night (21-05)
AI157,AIR INDIA,BLR,CCU,2026-04-17 22:45:41.703,2026-04-18 01:33:41.703,168.0,1,2h 48m,BLR to CCU,1,Night (21-05)
6F096,INDIGO,MAA,BLR,2026-04-17 22:45:41.702,2026-04-18 02:58:41.702,253.0,1,4h 13m,MAA to BLR,1,Night (21-05)
SJ229,SPICEJET,CCU,DEL,2026-04-17 22:25:41.704,2026-04-18 00:27:41.704,122.0,1,2h 2m,CCU to DEL,0,Night (21-05)
AI214,AIR INDIA,CCU,DEL,2026-04-17 22:23:41.703,2026-04-18 02:49:41.703,266.0,1,4h 26m,CCU to DEL,1,Night (21-05)
6F205,INDIGO,HYD,BOM,2026-04-17 22:16:41.703,2026-04-18 00:02:41.703,106.0,1,1h 46m,HYD to BOM,0,Night (21-05)
SJ157,SPICEJET,DEL,HYD,2026-04-17 22:11:41.703,2026-04-18 01:05:41.703,174.0,1,2h 54m,DEL to HYD,0,Night (21-05)
UK114,VISTARA,HYD,CCU,2026-04-17 22:10:41.702,2026-04-17 23:58:41.702,108.0,0,1h 48m,HYD to CCU,0,Night (21-05)
6F054,INDIGO,HYD,BLR,2026-04-17 22:00:41.701,2026-04-18 01:25:41.701,205.0,1,3h 25m,HYD to BLR,0,Night (21-05)
6F216,INDIGO,BLR,DEL,2026-04-17 21:58:41.704,2026-04-18 02:51:41.704,293.0,1,4h 53m,BLR to DEL,1,Night (21-05)
AI231,AIR INDIA,DEL,HYD,2026-04-17 21:52:41.704,2026-04-17 23:51:41.704,119.0,0,1h 59m,DEL to HYD,0,Night (21-05)
UK103,VISTARA,MAA,DEL,2026-04-17 21:52:41.702,2026-04-18 01:06:41.702,194.0,1,3h 14m,MAA to DEL,0,Night (21-05)
AI066,AIR INDIA,HYD,MAA,2026-04-17 21:51:41.701,2026-04-18 00:11:41.701,140.0,1,2h 20m,HYD to MAA,0,Night (21-05)
6F186,INDIGO,HYD,BOM,2026-04-17 21:48:41.703,2026-04-18 02:02:41.703,254.0,1,4h 14m,HYD to BOM,1,Night (21-05)
AI021,AIR INDIA,DEL,HYD,2026-04-17 21:39:41.701,2026-04-18 01:38:41.701,239.0,1,3h 59m,DEL to HYD,1,Night (21-05)
AI113,AIR INDIA,CCU,HYD,2026-04-17 21:21:41.702,2026-04-17 23:51:41.702,150.0,0,2h 30m,CCU to HYD,0,Night (21-05)
SJ031,SPICEJET,DEL,BOM,2026-04-17 21:20:41.701,2026-04-17 22:29:41.701,69.0,0,1h 9m,DEL to BOM,0,Night (21-05)
UK217,VISTARA,MAA,CCU,2026-04-17 21:19:41.704,2026-04-17 22:14:41.704,55.0,0,0h 55m,MAA to CCU,0,Night (21-05)
SJ120,SPICEJET,MAA,BLR,2026-04-17 21:19:41.702,2026-04-18 00:56:41.702,217.0,1,3h 37m,MAA to BLR,0,Night (21-05)
UK180,VISTARA,CCU,MAA,2026-04-17 21:18:41.703,2026-04-17 23:29:41.703,131.0,0,2h 11m,CCU to MAA,0,Night (21-05)
6F242,INDIGO,BLR,MAA,2026-04-17 21:10:41.704,2026-04-18 01:04:41.704,234.0,1,3h 54m,BLR to MAA,0,Night (21-05)
UK080,VISTARA,BLR,MAA,2026-04-17 21:09:41.702,2026-04-17 22:29:41.702,80.0,0,1h 20m,BLR to MAA,0,Night (21-05)
SJ124,SPICEJET,HYD,DEL,2026-04-17 21:05:41.702,2026-04-18 01:12:41.702,247.0,1,4h 7m,HYD to DEL,1,Night (21-05)
SJ115,SPICEJET,BOM,HYD,2026-04-17 21:05:41.702,2026-04-17 23:10:41.702,125.0,0,2h 5m,BOM to HYD,0,Night (21-05)
AI081,AIR INDIA,CCU,BOM,2026-04-17 21:03:41.702,2026-04-17 22:51:41.702,108.0,0,1h 48m,CCU to BOM,0,Night (21-05)
AI142,AIR INDIA,BOM,DEL,2026-04-17 20:49:41.702,2026-04-17 23:03:41.702,134.0,0,2h 14m,BOM to DEL,0,Evening (17-21)
UK052,VISTARA,BLR,CCU,2026-04-17 20:48:41.701,2026-04-17 21:40:41.701,52.0,0,0h 52m,BLR to CCU,0,Evening (17-21)
UK014,VISTARA,HYD,MAA,2026-04-17 20:41:41.701,2026-04-17 22:06:41.701,85.0,0,1h 25m,HYD to MAA,0,Evening (17-21)
AI124,AIR INDIA,CCU,HYD,2026-04-17 20:28:41.702,2026-04-18 00:00:41.702,212.0,1,3h 32m,CCU to HYD,1,Evening (17-21)
6F082,INDIGO,BOM,BLR,2026-04-17 20:26:41.702,2026-04-17 22:26:41.702,120.0,0,2h 0m,BOM to BLR,0,Evening (17-21)
SJ035,SPICEJET,CCU,DEL,2026-04-17 20:15:41.701,2026-04-17 21:15:42.000,60.0,0,1h 0m,CCU to DEL,0,Evening (17-21)
SJ095,SPICEJET,DEL,MAA,2026-04-17 20:09:41.702,2026-04-17 23:13:41.702,184.0,0,3h 4m,DEL to MAA,0,Evening (17-21)
UK230,VISTARA,BLR,BOM,2026-04-17 20:02:41.704,2026-04-17 21:35:41.704,93.0,0,1h 33m,BLR to BOM,0,Evening (17-21)
UK171,VISTARA,HYD,CCU,2026-04-17 19:59:41.703,2026-04-17 22:53:41.703,174.0,0,2h 54m,HYD to CCU,0,Evening (17-21)
6F147,INDIGO,HYD,MAA,2026-04-17 19:57:41.703,2026-04-18 00:31:41.703,274.0,1,4h 34m,HYD to MAA,1,Evening (17-21)
SJ212,SpiceJet,MAA,BLR,2026-04-17 19:49:41.703,2026-04-17 21:44:41.703,115.0,0,1h 55m,MAA to BLR,0,Evening (17-21)
6F080,INDIGO,HYD,MAA,2026-04-17 19:47:41.702,2026-04-17 23:13:41.702,206.0,0,3h 26m,HYD to MAA,1,Evening (17-21)
UK049,VISTARA,HYD,BOM,2026-04-17 19:47:41.701,2026-04-17 20:32:41.701,45.0,0,0h 45m,HYD to BOM,0,Evening (17-21)
AI152,AIR INDIA,BLR,CCU,2026-04-17 19:21:41.703,2026-04-17 20:26:41.703,65.0,0,1h 5m,BLR to CCU,0,Evening (17-21)
AI162,AIR INDIA,MAA,DEL,2026-04-17 19:20:41.703,2026-04-17 22:40:41.703,200.0,0,3h 20m,MAA to DEL,0,Evening (17-21)
SJ037,SPICEJET,BLR,BOM,2026-04-17 19:14:41.701,2026-04-17 22:31:41.701,197.0,0,3h 17m,BLR to BOM,1,Evening (17-21)
AI172,AIR INDIA,BOM,CCU,2026-04-17 19:08:41.703,2026-04-17 19:53:41.703,45.0,0,0h 45m,BOM to CCU,0,Evening (17-21)
UK205,VISTARA,HYD,MAA,2026-04-17 18:57:41.703,2026-04-17 21:46:41.703,169.0,0,2h 49m,HYD to MAA,0,Evening (17-21)
AI199,AIR INDIA,HYD,DEL,2026-04-17 18:47:41.703,2026-04-17 22:26:41.703,219.0,0,3h 39m,HYD to DEL,0,Evening (17-21)
6F241,INDIGO,DEL,HYD,2026-04-17 18:27:41.704,2026-04-17 19:02:41.704,35.0,0,0h 35m,DEL to HYD,0,Evening (17-21)
SJ041,SPICEJET,CCU,HYD,2026-04-17 18:24:41.701,2026-04-17 22:59:41.701,275.0,0,4h 35m,CCU to HYD,1,Evening (17-21)
AI064,AIR INDIA,BLR,MAA,2026-04-17 18:24:41.701,2026-04-17 20:07:41.701,103.0,0,1h 43m,BLR to MAA,0,Evening (17-21)
UK169,VISTARA,HYD,DEL,2026-04-17 18:12:41.703,2026-04-17 23:01:41.703,289.0,0,4h 49m,HYD to DEL,1,Evening (17-21)
UK144,VISTARA,BOM,CCU,2026-04-17 18:07:41.703,2026-04-17 20:59:41.703,172.0,0,2h 52m,BOM to CCU,0,Evening (17-21)
AI118,AIR INDIA,HYD,MAA,2026-04-17 17:50:41.702,2026-04-17 19:59:41.702,129.0,0,2h 9m,HYD to MAA,0,Evening (17-21)
SJ145,SPICEJET,BLR,HYD,2026-04-17 17:41:41.702,2026-04-17 20:38:41.702,177.0,0,2h 57m,BLR to HYD,0,Evening (17-21)
SJ077,SPICEJET,BLR,MAA,2026-04-17 17:32:41.701,2026-04-17 19:40:41.701,128.0,0,2h 8m,BLR to MAA,0,Evening (17-21)
AI126,AIR INDIA,MAA,HYD,2026-04-17 17:26:41.702,2026-04-17 20:48:41.702,202.0,0,3h 22m,MAA to HYD,0,Evening (17-21)
SJ033,SPICEJET,HYD,DEL,2026-04-17 17:26:41.701,2026-04-17 18:51:41.701,85.0,0,1h 25m,HYD to DEL,0,Evening (17-21)
SJ180,SPICEJET,HYD,CCU,2026-04-17 17:12:41.703,2026-04-17 22:00:41.703,288.0,0,4h 48m,HYD to CCU,1,Evening (17-21)
6F183,INDIGO,MAA,HYD,2026-04-17 17:08:41.703,2026-04-17 19:52:41.703,164.0,0,2h 44m,MAA to HYD,0,Evening (17-21)
6F089,INDIGO,DEL,HYD,2026-04-17 17:06:41.702,2026-04-17 19:10:41.702,124.0,0,2h 4m,DEL to HYD,0,Evening (17-21)
6F207,INDIGO,BOM,HYD,2026-04-17 16:59:41.703,2026-04-17 21:00:41.703,241.0,0,4h 1m,BOM to HYD,1,Afternoon (12-17)
AI229,AIR INDIA,HYD,MAA,2026-04-17 16:48:41.703,2026-04-17 18:40:41.703,112.0,0,1h 52m,HYD to MAA,0,Afternoon (12-17)
6F223,INDIGO,MAA,BLR,2026-04-17 16:47:41.704,2026-04-17 17:21:41.704,34.0,0,0h 34m,MAA to BLR,0,Afternoon (12-17)
6F116,INDIGO,MAA,CCU,2026-04-17 16:43:41.702,2026-04-17 19:02:41.702,139.0,0,2h 19m,MAA to CCU,0,Afternoon (12-17)
SJ240,SPICEJET,BOM,HYD,2026-04-17 16:42:41.704,2026-04-17 20:21:41.704,219.0,0,3h 39m,BOM to HYD,0,Afternoon (12-17)
SJ184,SPICEJET,CCU,DEL,2026-04-17 16:32:41.703,2026-04-17 21:00:41.703,268.0,0,4h 28m,CCU to DEL,1,Afternoon (12-17)
AI087,AIR INDIA,MAA,DEL,2026-04-17 16:32:41.702,2026-04-17 20:30:41.702,238.0,0,3h 58m,MAA to DEL,1,Afternoon (12-17)
UK148,VISTARA,HYD,BOM,2026-04-17 16:31:41.703,2026-04-17 18:43:41.703,132.0,0,2h 12m,HYD to BOM,0,Afternoon (12-17)
AI210,AIR INDIA,BLR,BOM,2026-04-17 16:13:41.703,2026-04-17 18:50:41.703,157.0,0,2h 37m,BLR to BOM,0,Afternoon (12-17)
6F093,INDIGO,CCU,DEL,2026-04-17 16:09:41.702,2026-04-17 20:00:41.702,231.0,0,3h 51m,CCU to DEL,1,Afternoon (12-17)
SJ080,SPICEJET,CCU,MAA,2026-04-17 16:04:41.702,2026-04-17 17:59:41.702,115.0,0,1h 55m,CCU to MAA,0,Afternoon (12-17)
SJ005,SPICEJET,DEL,MAA,2026-04-17 16:03:41.701,2026-04-17 17:24:41.701,81.0,0,1h 21m,DEL to MAA,0,Afternoon (12-17)
6F040,INDIGO,HYD,CCU,2026-04-17 15:52:41.701,2026-04-17 20:33:41.701,281.0,0,4h 41m,HYD to CCU,1,Afternoon (12-17)
AI212,AIR INDIA,DEL,CCU,2026-04-17 15:31:41.703,2026-04-17 20:13:41.703,282.0,0,4h 42m,DEL to CCU,1,Afternoon (12-17)
AI154,AIR INDIA,HYD,MAA,2026-04-17 15:25:41.703,2026-04-17 19:16:41.703,231.0,0,3h 51m,HYD to MAA,1,Afternoon (12-17)
6F239,INDIGO,CCU,BOM,2026-04-17 15:24:41.704,2026-04-17 17:37:41.704,133.0,0,2h 13m,CCU to BOM,0,Afternoon (12-17)
UK199,VISTARA,BOM,CCU,2026-04-17 15:24:41.703,2026-04-17 18:55:41.703,211.0,0,3h 31m,BOM to CCU,0,Afternoon (12-17)
6F218,INDIGO,BLR,BOM,2026-04-17 15:16:41.704,2026-04-17 19:03:41.704,227.0,0,3h 47m,BLR to BOM,1,Afternoon (12-17)
6F011,INDIGO,MAA,BLR,2026-04-17 15:16:41.701,2026-04-17 17:16:42.000,120.0,0,2h 0m,MAA to BLR,0,Afternoon (12-17)
UK106,VISTARA,BOM,CCU,2026-04-17 15:12:41.702,2026-04-17 17:23:41.702,131.0,0,2h 11m,BOM to CCU,0,Afternoon (12-17)
UK030,VISTARA,CCU,DEL,2026-04-17 15:11:41.701,2026-04-17 19:38:41.701,267.0,0,4h 27m,CCU to DEL,1,Afternoon (12-17)
6F090,INDIGO,HYD,BLR,2026-04-17 15:10:41.702,2026-04-17 19:22:41.702,252.0,0,4h 12m,HYD to BLR,1,Afternoon (12-17)
AI184,AIR INDIA,BOM,CCU,2026-04-17 15:03:41.703,2026-04-17 17:03:42.000,120.0,0,2h 0m,BOM to CCU,0,Afternoon (12-17)
SJ232,SPICEJET,MAA,BLR,2026-04-17 15:02:41.704,2026-04-17 19:22:41.704,260.0,0,4h 20m,MAA to BLR,1,Afternoon (12-17)
AI153,AIR INDIA,BOM,CCU,2026-04-17 15:02:41.703,2026-04-17 16:30:41.703,88.0,0,1h 28m,BOM to CCU,0,Afternoon (12-17)
UK101,VISTARA,DEL,HYD,2026-04-17 15:00:41.702,2026-04-17 17:43:41.702,163.0,0,2h 43m,DEL to HYD,0,Afternoon (12-17)
6F200,INDIGO,HYD,DEL,2026-04-17 14:54:41.703,2026-04-17 19:41:41.703,287.0,0,4h 47m,HYD to DEL,1,Afternoon (12-17)
6F162,INDIGO,CCU,BOM,2026-04-17 14:50:41.703,2026-04-17 17:44:41.703,174.0,0,2h 54m,CCU to BOM,0,Afternoon (12-17)
SJ197,SPICEJET,HYD,BLR,2026-04-17 14:49:41.703,2026-04-17 17:33:41.703,164.0,0,2h 44m,HYD to BLR,0,Afternoon (12-17)
AI174,AIR INDIA,DEL,CCU,2026-04-17 14:45:41.703,2026-04-17 17:01:41.703,136.0,0,2h 16m,DEL to CCU,0,Afternoon (12-17)
UK090,VISTARA,HYD,MAA,2026-04-17 14:44:41.702,2026-04-17 17:24:41.702,160.0,0,2h 40m,HYD to MAA,0,Afternoon (12-17)
UK124,VISTARA,MAA,BLR,2026-04-17 14:35:41.702,2026-04-17 17:09:41.702,154.0,0,2h 34m,MAA to BLR,0,Afternoon (12-17)
AI239,AIR INDIA,BOM,HYD,2026-04-17 14:33:41.704,2026-04-17 17:47:41.704,194.0,0,3h 14m,BOM to HYD,0,Afternoon (12-17)
UK002,VISTARA,CCU,MAA,2026-04-17 14:28:41.700,2026-04-17 19:20:41.700,292.0,0,4h 52m,CCU to MAA,1,Afternoon (12-17)
SJ055,SPICEJET,HYD,MAA,2026-04-17 14:17:41.701,2026-04-17 17:56:41.701,219.0,0,3h 39m,HYD to MAA,1,Afternoon (12-17)
UK132,VISTARA,BOM,DEL,2026-04-17 14:12:41.702,2026-04-17 16:19:41.702,127.0,0,2h 7m,BOM to DEL,0,Afternoon (12-17)
6F002,INDIGO,BLR,MAA,2026-04-17 14:11:41.700,2026-04-17 17:34:41.700,203.0,0,3h 23m,BLR to MAA,0,Afternoon (12-17)
UK005,VISTARA,BOM,MAA,2026-04-17 14:02:41.701,2026-04-17 18:14:41.701,252.0,0,4h 12m,BOM to MAA,1,Afternoon (12-17)
6F258,IndiGo,BOM,DEL,2026-04-17 13:54:41.703,2026-04-17 16:49:41.703,175.0,0,2h 55m,BOM to DEL,0,Afternoon (12-17)
SJ244,SPICEJET,BLR,DEL,2026-04-17 13:51:41.704,2026-04-17 15:39:41.704,108.0,0,1h 48m,BLR to DEL,0,Afternoon (12-17)
AI075,AIR INDIA,CCU,DEL,2026-04-17 13:51:41.702,2026-04-17 16:49:41.702,178.0,0,2h 58m,CCU to DEL,0,Afternoon (12-17)
AI160,AIR INDIA,MAA,DEL,2026-04-17 13:41:41.703,2026-04-17 17:01:41.703,200.0,0,3h 20m,MAA to DEL,0,Afternoon (12-17)
UK091,VISTARA,CCU,BOM,2026-04-17 13:37:41.702,2026-04-17 17:31:41.702,234.0,0,3h 54m,CCU to BOM,1,Afternoon (12-17)
UK195,VISTARA,HYD,BOM,2026-04-17 13:35:41.703,2026-04-17 16:35:41.703,180.0,0,3h 0m,HYD to BOM,0,Afternoon (12-17)
6F044,INDIGO,DEL,HYD,2026-04-17 13:25:41.701,2026-04-17 17:36:41.701,251.0,0,4h 11m,DEL to HYD,1,Afternoon (12-17)
6F248,INDIGO,DEL,HYD,2026-04-17 13:25:41.701,2026-04-17 17:36:41.701,251.0,0,4h 11m,DEL to HYD,1,Afternoon (12-17)
6F204,INDIGO,DEL,CCU,2026-04-17 13:23:41.703,2026-04-17 16:04:41.703,161.0,0,2h 41m,DEL to CCU,0,Afternoon (12-17)
SJ092,SPICEJET,BLR,MAA,2026-04-17 13:19:41.702,2026-04-17 17:56:41.702,277.0,0,4h 37m,BLR to MAA,1,Afternoon (12-17)
AI119,AIR INDIA,MAA,BLR,2026-04-17 13:15:41.702,2026-04-17 15:57:41.702,162.0,0,2h 42m,MAA to BLR,0,Afternoon (12-17)
AI151,AIR INDIA,MAA,HYD,2026-04-17 13:14:41.703,2026-04-17 14:10:41.703,56.0,0,0h 56m,MAA to HYD,0,Afternoon (12-17)
UK107,VISTARA,HYD,BOM,2026-04-17 13:09:41.702,2026-04-17 14:25:41.702,76.0,0,1h 16m,HYD to BOM,0,Afternoon (12-17)
SJ019,SPICEJET,BLR,DEL,2026-04-17 13:07:41.701,2026-04-17 15:56:41.701,169.0,0,2h 49m,BLR to DEL,0,Afternoon (12-17)
AI052,AIR INDIA,CCU,MAA,2026-04-17 13:06:41.701,2026-04-17 15:42:41.701,156.0,0,2h 36m,CCU to MAA,0,Afternoon (12-17)
SJ177,SPICEJET,BOM,CCU,2026-04-17 13:04:41.703,2026-04-17 17:37:41.703,273.0,0,4h 33m,BOM to CCU,1,Afternoon (12-17)
6F215,INDIGO,DEL,BLR,2026-04-17 13:00:41.703,2026-04-17 17:30:41.703,270.0,0,4h 30m,DEL to BLR,1,Afternoon (12-17)
AI223,AIR INDIA,BOM,CCU,2026-04-17 12:53:41.703,2026-04-17 14:42:41.703,109.0,0,1h 49m,BOM to CCU,0,Afternoon (12-17)
SJ069,SPICEJET,HYD,BLR,2026-04-17 12:53:41.701,2026-04-17 14:17:41.701,84.0,0,1h 24m,HYD to BLR,0,Afternoon (12-17)
6F198,INDIGO,HYD,BLR,2026-04-17 12:40:41.703,2026-04-17 17:39:41.703,299.0,0,4h 59m,HYD to BLR,1,Afternoon (12-17)
AI093,AIR INDIA,BOM,BLR,2026-04-17 12:35:41.702,2026-04-17 17:28:41.702,293.0,0,4h 53m,BOM to BLR,1,Afternoon (12-17)
UK062,VISTARA,HYD,DEL,2026-04-17 12:33:41.701,2026-04-17 15:35:41.701,182.0,0,3h 2m,HYD to DEL,0,Afternoon (12-17)
6F057,INDIGO,MAA,DEL,2026-04-17 12:32:41.701,2026-04-17 15:50:41.701,198.0,0,3h 18m,MAA to DEL,0,Afternoon (12-17)
UK064,VISTARA,BOM,DEL,2026-04-17 12:25:41.701,2026-04-17 14:55:41.701,150.0,0,2h 30m,BOM to DEL,0,Afternoon (12-17)
