passenger_id,first_name,last_name,age,gender,email,phone,aadhaar_id,birth_year,age_group
P1000,V***,C***,52,F,65ae81a807666a29e68a51aa0727f43f42efd473f695f57becfa9c905a758b6f,a3a62c43c9268c0f368a7a8fe09f18c537d61bac6a8e01e8fe6e3b20054d2b2e,920e5f1c732082d4a3617e38896f56390965033ba9c91fa952300df0dcbccd1d,1974,46-60
P1001,K***,R***,15,M,0708dd0219143d9f727f4b54d3ba1d13fa6f428decabf636c3ed5950be01ecc4,32d02f79e5a195bb89aee47e6fd852b360f57cbcef1b24b87398b2576a5efedc,343162321b287e64647490e946df3693a6dd4419ca2445d51e9f795e616e8541,2011,Under 18
P1002,M***,N***,72,M,2a3fca3853b78c866f1037a1162e9297271aefb41ad7378aad80d8e9c16a5e92,ae49726dfb021559d6fc284db65dc0227c1fedb87766eb8adc3d2bc04c9371c9,aab10773bd36b0a07f9a78992e065256592cd2aee62168506fd808dd6c0d9742,1954,60+
P1003,M***,M***,61,F,59154497ee3d0f4258841e3ee14312d5216430eae726108ad66c0076b3b5d286,340fd0aa55a2bf30f0325930d37f10acc6e3ff5d7104e9f0b0f97dab152de95d,71f828923dfcfea0ee758e5fab72c534c5482d7650f95f8046e517e21026aa4f,1965,60+
P1004,S***,B***,21,M,098ce6a4d58e54f75d0c3bae4bff5dcc3fc52538b273f475c07f4d4dcb7122c8,282fdd4293a2e844b8b723e952e079718a55d253999eae4c1e9cbcdbd2f23d14,2673af3bef0d9db9f6e203b78bef1fc4d05ab7a70f15ee2cd68be6ae111776e7,2005,18-30
P1005,R***,J***,83,M,d714ce1e82fdbaf9f8bb9771b0faa031ffcd8336993aeafb8fc3878dbfbd1368,5e3b7680b105ae4615d604c5d8cc00b4b3ebbbc7ef95cda0ba0fa1854d06e955,6f5b93fec218bdc434aab78a41c222c60199c20fab1fae5046ab342706fd984e,1943,60+
P1006,K***,N***,87,M,caa0337c3bc0831c40409a1e585f812b7b28c8f337eeb1bf1d84fe11f0954432,4dff76afca877c6d9121b7bc6b68ce1799e0ddf4bb13a7de2bc19a98dbad806f,a59e51b35df39d8b9a399f4181df34105b285fb7895b93d59c8aff8db0eb8e22,1939,60+
P1007,S***,J***,75,M,8167d956d4fce0770b90f908019cd5eb05ec8640fa1211c85194543b8f6a9746,00bacaecb34804b49df99739b30c8ed096a77baf95feba1bac2c430e55b0cabc,296a681b29093a6f9dbc375ea692a919958696a3b4a85bf05a8af5842764ecec,1951,60+
P1008,K***,P***,75,M,93882c7e609324590cc5967ec6f8bc19ed7f31f4d2418beb7e0fef4ec91f6ec1,388bd24d14266e547a1844f4690103fa719785af46323ad103fad81c3495f3c0,e1fa729d78a177b24f9addb110a6983ce1555c4654089c7b777f7efa7bdd6e04,1951,60+
P1009,S***,K***,88,M,ae9b2720770eb818ad86149b95b6892068abfcbd9e627b3f1ca219724ae01d8c,2e8ece4bd9d6a6eca527e915b783026c29bd074d591370b852d9541632d1f702,0eff25802ac401cdf5c700f5fc551a20ab5b7b6d611eecb88d24bceeede15719,1938,60+
P1010,S***,A***,24,M,2725e78b726c390d47c708b4583be2c47d6e6276d05fe47f68d120d97f3755f8,93775345a7657afffccaa4ff40d4eea5ec1ec47022e7478679ec4251761a6c37,843fc1bf1a213ff9fd07270d87641bc3b92d4a7f09dbd7aacb552f00be071f3c,2002,18-30
P1011,S***,N***,3,M,4fccfdb94aeaf5c9e0da78b5a010523d22ac00c3d662052d537d277119f20bc4,fb4e91ee4ab55371933f3339153de12d603179ecad70d8db741ff5839a0651e7,a134805c8c08bef84c6c248ef1cf8be80debe23fcf5cb6cd0e223711d725ca68,2023,Under 18
P1012,A***,P***,22,M,96f9ac5092fe73a1dd3d3357705a69b6038574ac66ddd4100b0b63e4a7e88a18,a0e91a101abafd200cd9d03fe2a80a62f696571e2db56876abada56ff44a2c28,9bd6bd4fb05d8d5c0d9e9999e2ec3de1883ada8ad0fbc73488d459faf4ee144f,2004,18-30
P1013,S***,I***,53,M,f5ba3229c9c6f0e76cd8fa06c9e203316e51fc5d7f0b130905432ad4073015fb,f6a547140bbd911aeddf5295903f3f15939f1c8859c2951a94104b2e64f408a4,1c2c19c45440afa5aa5122f167003ff3cf6fca5915c6d7d6825a824d315084b3,1973,46-60
P1014,A***,B***,2,F,ad9eb6da76f22cac2b710edb0aaf0022a7587554674fe4a3be969281d9c26670,5779d0ca8d722937dd251a984083c33cbc4e346f0f73859801d52b29d40de19b,a9b72a579878b292d72d5d649f906d4918e2339ebda7122862a2ad5d336dd214,2024,Under 18
P1015,A***,V***,88,F,9e2393f1c5e02a3bed8234487e24f7523a74bb459fbb798220931704ca30c02e,5cae479a8eb22461dab21049defbe8c813961e1f50d0f844bcd79d0df555b7a5,77e0fb3979d92898004f96d0b0afd4e46ab1bdfb9160721d39ef4e50a943bf18,1938,60+
P1016,V***,N***,30,M,b6d0c4dab6d10bfdc9339f495d2038a6a85b4cd83e61d5ccb4cfa2ea0e5bba08,22619b4d369a9c12db2637abedbe87f6a2cf398253f58543e33f7d9cea5cbda0,fd718846651152739b45dfbdffc14d9b30d90c26f8fd0323717f70ee32133bc5,1996,18-30
P1017,R***,C***,38,F,c40543614c83014bd3907a5fd4f1b6603b366c12ac27b89b4f4d5a666711d184,a7a64ac7f62525645985d3cc238793adad59cb23fcd8ac2f0a2bc48cdc42f5a8,976d585280c25807ade148c6c4ef6d15df5fc5fe893cd71a873deff7b2440d26,1988,31-45
P1018,I***,G***,2,F,0c9ab335cc9de0790311b458485c77843f32090eea11215cdf3132b653c555ad,91796be84b6349903d2ff2d2c8d1cfa48da94dfed7ffb562a7ba4234b78872f3,e224745c2e192e654f636fd41a215c60ec417259ac89e254e0e30d16498f5935,2024,Under 18
P1019,D***,P***,64,M,179e2c4b777af512f5510f73a1c0ef3700b294f159134c43c0bd84d956d84dd3,cbc1e50558356214658ca7d515598c76b928dad87ac4c99fe018e61bfe483832,d7ff93ead5d932b5ee23b5c362274b6a66d020eecdd6769fb96aa671d9d94b48,1962,60+
P1020,A***,K***,60,M,777ec89ec413ad4408f0bfc86a578b630844d61ae754719411abf3db6c8602cc,6aa3c0344f570a4f42b511b1c015f41a8275ffe7e1816e7a788db41e94738e4f,ae88e91bb22cda8617317bcdbff0b94dcf4f075d4ce27e02d223aaa7220a7d3f,1966,46-60
P1021,K***,N***,21,M,3888c85cded460b358502f19d4ce707914f6b566d0d00df3b9506b0a38ffa88f,331fa5771ee969a25b4228ae336878bda8291dd6f78bac79c41726a2dbb7cf35,3d44e073d140513eb62efc58c796f50f4ffba240c369e63a7443a67f5ff05b9e,2005,18-30
P1022,S***,J***,33,F,879f2993aa2deb349507e0bd5b6946eee84ea5be0a3227ae247b7c1243b49882,180ba7461ba93ce71681f6a48f25fadd1d58c83c6a87ec8520bf3428919e4254,b3f3613aaaab5272bc049a9cdc050a2811aa89018c7765e3f55d5d6f14ebfd1a,1993,31-45
P1023,A***,P***,76,F,75d09b37055991ff4c9016647e4a6ca05bbe3fc7bf9027de19b81e2060eb8938,650610c22ed32f193df5d2c271769300097684488dc56e1e6850e8853fb0efde,6efde26313f6742b4a1e7fb3f06b0eff4fa6a9d4f0ed5a118f7ff17d9c6cfd48,1950,60+
P1024,V***,S***,58,M,b50c9dbec80884c306128c41535ff997195231c778c6c85be1c88c3155bb3dfb,2286eb29ad4b5d7465a90e7ea6caee054f8d37c7aa47a4c53528b912173353f7,d89a2e6b4bd093a6dd5e17ebddd15fa8d59cb73eab02ed1a4bb5df898934c07a,1968,46-60
P1025,A***,C***,22,M,615c16a97cb9cf74e903d27a3fe7a52cc3493cfdb18e606be58be775acbd363c,a9fd6a97952bbeef25fd3886271f5d4e1569bd1fc3261e884feacc9b811bf46d,23d96f7358bce2e924ea964d4e2f9878c70b5e7a3a6eac9099eb4f8c0b0eac1c,2004,18-30
P1026,I***,G***,89,M,02954c0a0f6047d56b7aa63d08294a4c2689fc66e72262cf020ffcf94ffec28c,97e8e942ebc806dce695b91740363942ac4f7052517789cc4af7b2cf0780e77f,62ef0a7ed4be0e28258d1a239b1955a9b7072454fd1a63e70d26ebf7926f35ce,1937,60+
P1027,R***,B***,49,F,29cf9f6183fb39aea0dfd4f6909d85ecc8930f299fcbd504f7133e8596fced04,79d0203da3fccdab9483c47ccc7edb806af1dd77500618a0da5358af2ae9c156,a5c9f1f549c48bbd02ef116f0887fde0e99073068591ea64c7fbccc17c390f9e,1977,46-60
P1028,A***,M***,59,F,f82624ccbd9f4a0cc1c10d475e13550ab4dc8dbe599d54f1b16246ead78b7ae6,612dc5f81af2f6e0f62b51e98f53a5e375725cd8a3e972cafbec5d32a56bd55b,f69736d9679573a6968b9e6abb5eb6247cd528489ea99d52817976d08a25b907,1967,46-60
P1029,D***,G***,42,F,aae19d4141bb61b5d9b2478085c8c511570b442342fbe560160d427456a23793,5b24b33e3fa44715250f27a3222e742c63597dafe4a8ef2eb3bf1ed544360158,23df2a89b63bf61a89a89a7c2b33693389f6446ee0c186117899aa068a2b2b6c,1984,31-45
P1030,A***,K***,60,F,8928a2489a38c68ab1a0b8cb10c024489efa8acd44bdfd0e23a1b3382019fd9f,783f2555c269a3b2b976eaa8359bc46073449c9a07ad9ec9dc5dab36b3c207aa,b3911346db9be4346044e0aaf7bd8067a00ee4c89e5844b5df92f170d8967ae7,1966,46-60
P1031,S***,P***,80,M,d179f110f5b9f5e3533a1d833609c15fc5bd98ff7b35035cd95a834499d76557,254078210a33d8106341094dae2d99c6b4268b5a64e1e29b31056be2d7a0d424,d1672fb14afc1da15fa63c748f85ba09cb1865dd2e961ca518cfbbb7a3627c55,1946,60+
P1032,K***,G***,15,M,5c53f60bf0793ba86bcdf4b063eb27983bfb8486b1fd457a6c4808c876675e6b,0e485b13eb44b27a494be72912f6701843821273fb998ccede4eb298a2084ead,86905bab0372bc17960eea58429f19247e96bee3c5b83d1b75d429c7605ac945,2011,Under 18
P1033,A***,K***,62,M,725d5671ffdbf8dccce8817aa9e069379e4f946af1478d97b1ab300d4fabd8af,81b22f994f1735b6636fbf01e797b11413382921f94895c86a06c76cd3a54c38,05ac3b5b72a57a55c0827669f23f30e7c10e307745f8ea08a36a85c1ede39226,1964,60+
P1034,I***,I***,62,M,f3409a439d199963bd52535a6150c87befb4a95648d5ac8c489e320aa2c9b3e6,138e99bf1cecfe07b2e34e197928d17ffc4905dbce10da2f6b837a9fa22267b2,f623b86f6bd7a07469c99067b3857572813fbca1994c26b916e8fd7556835a0b,1964,60+
P1035,V***,G***,47,F,499283462b8f7121ee7cd0156ddbe0bc732c63b7399b66f3a3e47a6a6368babd,2e04a6bba59de3098a384843e9794132bc7efe64d8c25660c47966aedc960b8b,67e3dfd66696f300c593533fb74836f2d1640333278669a9cec8dbd71c5c816a,1979,46-60
P1036,R***,R***,62,F,062f911ffa6730b4e6371d3d37065512424b11315dab817091d6e3b834ab3df6,7a9fbfc39584ca3d358d7cb9f8c893c28009f41ff413cd951fb4fb3042bda093,ba8f13ce2ef530cf75127a0fd58fe29e106e1c14b1a83fcc1f6658ed6c7df196,1964,60+
P1037,M***,G***,51,M,807af7a0db1b4cb013562bb4550ed766284bee1b10aed7367bf2d4dae3627511,fad246be5f948b6b0a20facab9bb6110afddf32f377da293bd9889ec28bb1268,630981cb909f1c7bb8c6e4da983ca082269b1dcb4989d4050c0b7a77fcb39079,1975,46-60
P1038,I***,P***,55,M,e44ff917409de7a029fab2209d72c1f172ef248a8fedec2bef284159283fc5e0,4878f2d021efd0af0566baf27352ee1cd30a0920a37804e4790aa9d6d807d5c0,612ed01c5f9a4785b2668b40bb9730c439a6dca1c2cb9e8e7fd0a95d747fbe9e,1971,46-60
P1039,S***,A***,64,F,94c816e75ac273e701c0e8cbbbeebd382376b3980c0a38acd8dd4d6edd58b95c,255cb1a4733d84f4720bf50413f0122673cdeba9876e3d31cb0c7bded768354d,45bd0cb31ad0c71d3d119fe4949e5a6668f87c75dcf65b719764a99941d695a3,1962,60+
P1040,M***,J***,3,M,62e2b775bb60c285113c1331e25c648a42c86a44e72ff08ff5d1da299ad14521,ec6d010f65b335011e44e2e6676cf7f1a4e9e929c45b18f1d60b82950f0d0731,ef4a34796630886791ecb8188d48f88df0947d9e2ad2e4a28b72b5613c518aeb,2023,Under 18
P1041,S***,G***,51,F,e3ada1d2dd6a985fbae48b0e9baadd5e5b9d45a50e3117f9520603f4d7252d73,f8f3b4dd0d627a12c53e2f66d6d4ff8ebed8ab956489b42fcea406252f175f9d,613aa113c51035a048bb76fa35f62c87915d6b0b9c8a00215ebad38913b0948a,1975,46-60
P1042,A***,K***,7,M,7d717b3736200efc296c4772bf78735a6f12c0503dd30c8fd69c754b173d794e,d19e24600332992fc15b2682194c2c8254296012064e6159410f36ce0f07322b,5516087eec8777bf70b3aa4046b778dcf20ee5365e5bac802fa16345b3861b3a,2019,Under 18
P1043,A***,R***,21,M,07deaf6b8774b601aa31bb7d3bc064769f274c858ddb968aa94dd11498726b61,2980db37d79a6440e3c931cdf4770a056fb6ad47ce6ca48102f2a83b64d01eac,586e960652acc23656a9059f78a16f3f13c159bcb59be75e7e3e269143d31856,2005,18-30
P1044,S***,I***,73,M,08928db53d38561f5edd74c2f18a1269d76ddd00bebee7d108b744990a9bf7a0,9e18d17f0464d41a4673a0b95cac45955244dd2acbff7bfa8c1cbe38b7dd87c1,d800d8b912cb714ee9efe13c298f92cdcd1d1410ff6a5c31184d9800f23744e8,1953,60+
P1045,K***,R***,39,M,87337d73d970bef28796536d28e4bc9361f008da771239ab854537cd59e03fdf,21b3091b0e572125f22c8a04e0e7b180bde94423876d7f3924e114569107263e,63c6217cc4de2dffd5446e43ec16aee3192cf318078fdd17e88fe8e43e4a516e,1987,31-45
P1046,S***,S***,18,M,b281de2f2a9e5ea2428f523c9a9279fae373d9d720d1bcbc42aef4213a9c53fd,35768336c1f198587c6545fccb47056d75571f1c205447231c9ffaf94e7a0032,774efc9541b88925b7d872a5252aed4d8d6fcb6a3124b9e145e94fac2ad29bb7,2008,18-30
P1047,I***,C***,4,M,73a44f19b2800f9f1b8977997261894f138a562b5010cb1bf5129d748d59e4fd,a870bb832887ab9b687a305e9a5c61aa6962cb7a8080f7856906a5b253bb27ff,49282d60d17291e63ebc41bf6ad60b04f03bd830891c5125b489609f3c06e54c,2022,Under 18
P1048,S***,M***,89,M,b0058379e93fc39174c7ceab2d9a19398a7de7393f9b0f61162c4f72edd288e6,b0ce574143369be611b555c737e4605c1899ce17166df73a78c576b0ce876fc4,0c801fc036ffad5d474408dc5e02aa554346edcb2710fbe0ed88c2e19b039c90,1937,60+
P1049,A***,J***,60,F,ce07483e5d06f65c250b0ea02b69885f5f0e960c3756a3af3f71942802814282,ef739b2a8e4349bd7447ef51ec058d63153a575cd75d47f55b99a778b1ef3e5e,2e8673f9d284373bb774f918551fbfbc8e15756ceecf7d4145c10b6e195d73c9,1966,46-60
P1050,A***,D***,14,F,6a376aa23d0439aed404b5b8d1a47dcf9cde98ee507a2235ee09c735fd13c8dc,5ebdd73ab52f0bb3b4c7e0eb80133097234506ea0c5580e915bd9cce651a67cb,366a85d13044cab841f655642a02fe64dfa44f58f1644d34d2b4f80b83e4539f,2012,Under 18
P1051,A***,C***,9,F,737c63d58976541c56595e65af2254fbd946f89cc9649846892f51c16bf7a02f,4eb294cca7fe06c3ecf7e42c48250d53dbb2a9a6ac5cf340c956556829edbf88,898cf69c3d31c70118c8880815639e839e429c948e5e0452b0d91daf8fee777f,2017,Under 18
P1052,S***,K***,53,F,e740cccb79bacaf9eab7368956f0bb794fd1d78f942ebf98246d0eeb85dd13d8,98b1810e699ef2782407f2be092d277bf488042549fd313b2b8aa6445f37a9bb,fa0bc5528fb52757e8c166c7e26f36509bd9580831e544cbc85a0ad9f1f6a141,1973,46-60
P1053,M***,B***,2,F,d6c4be82ee33d04f52a0622fbcd8720c9a5ee6bd58e6a60c305c9a5fea717c2d,d5f233da4730aabb0f7b00ce947ec2b6bf4e6b63ed9ebda817ef7389a95991e1,d2a864bb8042fb276c3291a0b4814264b29211061d7e1b327cefaac4fabb8d6d,2024,Under 18
P1054,M***,P***,84,M,df054e1b238ab754bcc38dda18ad73a6fd790bb4e1b313e4ae2accb9fdb9e880,dc1ab95b75e8ab4a83ff33a4c85a18ff8abf1f6c34ea95075fd14113f0c136ba,c43d25f305cbef417a76a5686cdfcff43b6afdaca0a51016fc812fa2baba5a6f,1942,60+
P1055,I***,C***,60,M,b71d50ddaa324bb46fc0577a18b78244111e56db2105bac3ee946137f18c0b38,e87e3bf73b44993be1c72fe7d1031f29c798e675befd19d16970b676d5a07980,410598445cd91aa5d0017fbcf55813da1f6fe76a6f7b7a51bfcbee8e8a8700bb,1966,46-60
P1056,S***,D***,71,F,e4a6d0af6caad421565cc413828e21f75dcbddbd631c0dd2c728a003efa87576,3ca08db51fc889c804b277eb8bd66c07d89f311396898974a4669c36928d43b6,ddd74dd6423d4e04aa7548260875a62e738b502dec2bbd14dbddf78152ad5719,1955,60+
P1057,I***,G***,44,M,803cc99c634c069d888c6b5075c1e83e45fe8288fee103b7e6012766e9e6229c,3e41711dc51583ca9f558b94d55f59278a113445af6629384214cc8f62b0cdda,36d511f831ae94dd51d85ae476cbc025a494599468632ea9bf73604eeaff8e52,1982,31-45
P1058,D***,M***,8,F,b7b1979ad28f6fe6129ee207ef157f2c5a826dd8442ce24b2cb27a3dc1060c13,e70ef83409f78fbc8c13b4b6271239e9c4638e7d8981343132fe96c728d8d3b6,9d3c3f1cd9f4aa099c9aeba75ebc72a171ce61c3d2421136b5232274d60d8eff,2018,Under 18
P1059,I***,B***,47,F,481aedb5d9a7f2b3f0e2c82b4751684f6afbf9108f7fc64bd43605c9f8a83fa1,3ffc9d5f43254bbaa987ec53fcce71e126f2c54cc7c3efed74fe6ed30240992d,91bcd8b1e020040095a7ae9a855819746d71e3dd4707ada60ba03da738c934ec,1979,46-60
P1060,R***,S***,35,M,726287c17940433a3f995445be926b966a28d586a79269453f6fa83cb92d878e,46a7c805aad4d3186c9fd1d489e006ef07a684db9f8256f3e4890d57066f8e43,9568ed2ef04d2996dedf0a0516f17d6bf4d9f481ceb5d04718679f610f2140bf,1991,31-45
P1061,S***,G***,78,M,dde8380c72ddee1a35f415849392bdd036662190b905d5200f508038d45832cc,e5f52423d4e12a0e4ac8d19fc0d42dc52810a294bd43479cbfa378881694fe79,4fceaa55f5ce2b5833a9a252703c6e7be812aec3b3d316a9c7fbe30b114b9e6f,1948,60+
P1062,A***,S***,81,M,435a13059df9754bf44bba7e2bd8d3112fca697bea55ebabdc04d6a8d9456385,37010b43666d242d9dab82d22a05611e1db337317a9f6adacaa8c599c11542c8,79e4faceb1158b610284afc797c2aafb0b8128efd60c32861d09080048f13dc1,1945,60+
P1063,S***,M***,36,F,544c7d6ae0c21f1e92741d98efeabf714d0591a89690ab607ae96df940e7f8da,ca989c417cdf5f4c08db60dc77aa2656f6230f0a94baccbd3a56339a1d5eacfa,626fc17017d1827b6a7f01246b2408000f9da90c19312aa40ab93102ab54d078,1990,31-45
P1064,K***,K***,50,M,97582c54ff312db80fa1bf10aa2a40654d664963cd6ddc3afd5d44871c81c042,58830699b9edf5ea466987d2500a8b249780cb7fc30048750753c8b1388779cd,a267345ff8ab094345c80da5ab17964e811503088dc84ec3ee8c33a5fe0841a1,1976,46-60
P1065,I***,K***,4,F,355fdeecd49d09da0e711a6295c3d0b376bebbbf14cb160e8745344130c463da,368d6c9208ab905485c32f1ef20555a3522d94f3cd73968365cd3509b6e8b943,3a0dbec9b863bf7525dad9e1da7c5441f500174d41b2ce9d6187b3394847fc87,2022,Under 18
P1066,R***,S***,2,F,e07da25013d1f5d1460b00439d02137992ec2d5ddfdc647e03bb497e0423d6cd,f2edf37e1810056b6060d7904ebde10bd66040fa7731b8fc92c264d4aecacfb6,decbe14c658b8b8b412eaa86baee6a7e01947baf179b1e0a7d97825a5d6b8b3a,2024,Under 18
P1067,R***,P***,6,F,ff0db06d3a72c195bd7a1185f30f040b8556c8c8473a27ae01899c17636253dc,de31770865e93e9af6b336c281927d0d709ee075d7e85bd515e1ded843c4420c,f4c2d4a8eb3360b7a1dab5dbc28aba9b33c3d6c9329a5c83fbe92d2a97db7074,2020,Under 18
P1068,S***,B***,54,M,71ad586126a17205644997b2223423053064a0525344306fbe177bbb938dfee4,dd822cabdf3f63ffe1b1ad918d18ab8874da349a94c54f31c4175539c15d31cf,08a78c93bfeed0aaeccad8de101623f5284388abe9a216eca29afe115d3926a3,1972,46-60
P1069,K***,N***,4,M,8134d38585957924393a56596845381d43faf3e3dfe0bf883c762a80140aa40c,8328ebd1be9e7659861c5266fc237bd04728d7ea48065ad56eab1a700d475aaa,e0402e636d6d7e59c15e19f48a9c0f63a240c67fac4fa6c09811b11a56fa68a0,2022,Under 18
P1070,I***,S***,54,F,39ab1fa224bb15b47802cc9c538db77ad3b6b928023d271561cee25fa42fdd54,878a3707f4c274897b8b855e8ab23284be2a932d8684665c4755984da91826af,3e462e11eaf64a1dab36ed5a8f745b2b36f3270a2f6aca62db8d48e9098f8f2f,1972,46-60
P1071,S***,G***,63,M,81559178a652434e7213f2b978eab441ef96be7b12198906f549a36fb101c89f,af7e99e82698896a0aaf8db12fe0d169af8763744ff73ba1afefb94e2d313603,b17b58a6b3240cb964a9c76636a9ae1dbda225952e42dd9e6dfab6a8065549ae,1963,60+
P1072,K***,B***,18,M,fb0f5d57cf0dce35eb0952abc5113124ab6d3441eb7ab9399e3fecb1ae6fe869,889109eff36e2c0c90ac9884baa68460187fbad521185bc1248566733d54d9ce,12f0eead84c73b2f0b11678a715b0a474abc7ea5080679aba34e129446d3a9f5,2008,18-30
P1073,A***,P***,44,M,ce1bd41afabcdf7995148b9a84a2390bfbf5db61332d9fa99f12db6789ae093c,6fe363442ba0a3087f2fd0200a856b0a7abb8836fee6ff56c17a43ce0910b3b0,92f97f6f81c2cc9cc645979daf771004e2da615c2a0fd607e0cafefe90aaa2f3,1982,31-45
P1074,R***,P***,34,F,9ad106485c75ec680f8f8390be85eef287aa3f97dd1c20ef5b7192759d45857a,93f51f6e89d9384ececb448c149c02a72a6839d3255c7164a01ac8ef9e1a0350,256e564b40eaa39a9c34099e551572a7d808539ee2478777acd19241a28846e2,1992,31-45
P1075,K***,K***,74,F,1e324a4f91fae4335611dea454c1e4ecdabb2917f181ab5cc4c7764d0c2e95e6,4f4afd5e791bf0dcd7aa4787984e181bb6db106063cb56d4a2062a1aea81fd46,b6f84546955ac2a2cc7f74671c6d5ed011e5460bbda2081665066c61cecb2237,1952,60+
P1076,K***,J***,62,M,c2f7607649a519d0da31a898ba79a246e49a38e77688878d0bf7055367132bda,a0597408fecb657ffd0b588c58aef076d619857bed342e2b6e7c6fe824095fab,320b4c54f3abf8c6fe6b9f256ee9cb8b222f9c632396154258cfb357f18eaf07,1964,60+
P1077,M***,S***,14,F,2ac1bb0d099917b50a65ea67d5011a7341c0c8255abe3f2ca3320aa7668cfb6e,a07d191d294b57125a318f3854b73d1784e5c6f4dc1db6fc2011f51aabc6243c,9dedc63890efda26cac792ef62eb90dfdbe64d8f86c5eea8c2f9f8017d3f1f3b,2012,Under 18
P1078,R***,R***,48,M,cc56c8d439fa752be2f73c96af9eb9572f8be79b6b17ce3bf475d761a1cdd15a,f42844f0cec95c3f16d1a15e5df8d6290bfde5538e8addd45cae6e14733d3571,232fda99864d17f35f218fb5b0fea38403e9e59c94eed3c213e57cd2d29c50a2,1978,46-60
P1079,D***,M***,15,M,846bad51de554a364f8765ec2cd12c7fbfea7480698f9a9eccb1f100cb564431,8bc98bf4b61bc42baea88b57d1fad481ca9d1297c40256c3259eccf650c6de94,4270fb0d0c40f1707dfe5d9577bd1cd642540ce31f5579f8d5de58b7de702d8e,2011,Under 18
P1080,S***,C***,72,M,a896e6e9e58016a9d2a5c8e305fe421cf8dc55ffd5bad119136a9b635f4140a8,61c250df661fc57950cafc327a39d951d03a104e7789c486cea776ab3986354f,14d60e6c02baca47e00d66f029c68052bd295e7fa16cb50c70f91022ae8e0be7,1954,60+
P1081,K***,G***,78,M,86bb84c82eceb3c8f5f083984fcd778b7842ed5c4328570da9682b7be3a2f505,2fe8cde76e7c6fbba913f01cf4f92666f1d70cfa558b723617bd775660bd9778,54d922e1c1d4a0add0ffcfb7b01eaffa6a0fcb217e37eded83ced743476d9f18,1948,60+
P1082,S***,J***,87,F,3323610d795130b95a3706a7e19cdfb567b30cec7398e018a6e5391a87719ef1,884e208b058db994549a1d5225536342a9b063f14293c969cdbd5e34a5d8b999,3e884c8d7775643b18a3a8dbdfa4ebfd2037371fd1a0b1785a3ff5a6955d531b,1939,60+
P1083,A***,B***,62,F,cb1356a6248d32b446eadafa2711116fc3b27ec8e325b4b906a830d77e4278c2,4c001d5be77e7b89e65d3a739c1a3cb0315c82026a6a3792ee35c7949db2d0af,7616151e313fd647fa10f7061f6c30d5d9b2f458a839480354a0cf05cf164cae,1964,60+
P1084,A***,P***,40,F,c3d7aad7144318da2971f36c0683e509f19d121013fc28f695b4f88429ae000f,79538a9db28e19f6d3f274ac2a36ae234cd65a28b7791bfd8922c240c7b47db1,4f7e7189e2a6bb5700742686e98fe3049f1e0511434e75f7d151f8d3a85d0066,1986,31-45
P1085,D***,N***,85,M,5bda4f3dc42822e821d84bfc4fdcdc3571df6fd6c60fe89cef88d715e5c56c9b,802013726acfee6ce41eb2d0464f3c621225663afc6006d38ba5109ac5d75e05,349ea9a04c559498c44d9e10b8b0b7fe0c2810b892801af9b96809070da0a151,1941,60+
P1086,V***,C***,80,M,ec6f81185153fb5077219e16944807ea8762560ac61140018914bf17730bab7d,d9c332b99344d398dc26446d1f9404dd25bee7f9d8b13ff5f44f4595a1dcb8aa,7d8330f18b576447a1ca1fcb83a7c07303af88e40eef0b645e85b2b100aca84d,1946,60+
P1087,V***,S***,82,M,3dcfd5a6ce69f0b969c1afc6529e90455169ebf5dd9274dbf624a216daed227b,0f1fe9ae87a5e06632c325023c32112ddc6a09b37f5e4a6b0d7e8a608cdeda51,4f4393565cfbf7455e59290d525d9713089dae5c4e04abcee3943ab63315b467,1944,60+
P1088,I***,C***,53,F,c69d589fc709668b04825d9290d5dc7c7b23192e0891a045a91cac68d2f286fb,a104c7493cdf5a07e28e8de495eab7808a01ae751fec325aaa9017ceaab6d843,3a04352c21918435750ed9063bc58cd079479fd92e13f6669140ac35dece32ef,1973,46-60
P1089,I***,M***,24,M,fdbef6a3ed394143a84acb672256e8b18349f40b4d2f37ec1856b726e7b88265,3e8db69f891d9f9ff30aa59dcc6950977de8c20c70bdc1f3754d5e22dd05349e,bf7448ddac8f4612e4e564fcbd363d2af45fe64a20b00f2008fdf4c0902e8979,2002,18-30
P1090,V***,R***,26,F,9abe47261441ab6232a256fdc0e7bd030fbe8871aa769758268c37dde68dc791,9a278d9142fd13a75a5708b0d84455f9b12b3d1d3446f255230a1aae0400db4e,ce848d09932aea147c0ca414222ceae5e6f960569fe5c37cb259a2024fe0d9fc,2000,18-30
P1091,I***,S***,89,F,a47d991d3074767c60cdda4ed1a6f612f483c14955e1e1954cf125e599d2de04,e6d10f831533fa8e1a5b5dfc61095e101ca159526d29f22fd7b88e3437715bff,ba3a82e72124a2001df8a5abd435b889a657f5986b8f51558da61d029d3bc60c,1937,60+
P1092,R***,V***,60,F,d6324abcb968475283b9919d4695d70b0cf46cd9e0327e79552a46f5674579f7,a5ec23a2313d8e5b1e271544f6d81ddcbca75d6133256bf09e0ca0a74c274208,68649f4f01ca794006975b16b5354608d2f1c110c8063303974bce5a3cee5381,1966,46-60
P1093,A***,P***,41,F,3bbfd7dbba96adbca6f05c28bad35c8517bdd980e3d900b13c156b9c25eb5a65,de4cdc650b4b556171e54a77644bff6dd6b10c6ecd8beaaff152d0404110a5bc,04fd50cafe3c22ed0d4bc16784eefbc0819e381ae0014d6b7b432769cede714e,1985,31-45
P1094,K***,A***,29,F,a6f8e93ab58a10e4040ee478c8113796824563285d9bc29056e84ef8d4a5d8c6,89b19fe3d119c6b1cb261febcf2eb9a0a022210548fd11ca9ff326959fbc2993,9aa65220e7b76b7a3a2f11663a318a14e54318bc33a53767ff10fbd3e1583541,1997,18-30
P1095,A***,V***,15,F,382ce2deaef081d0e179372e2d38d0abc90c7b012ec0c82a98b0c1a87616a6be,4b6c0c9e9f81d76baf8c0ec33d6a0839eae904207b330c3fb6a736f628e401b8,3f4177d2347a0046c15732d868fa242bfd09b1d876e3fe02c59675fadcefb5da,2011,Under 18
P1096,M***,A***,45,M,9c8a9144cd1f37bb74c701c1d37ed4bd80d8857248aacea2cae7ae2e5cb4b0ec,4836ec37c5320dd2a548ea1b094b837339798c154a734c610b82d44b60acba99,cb3e7768852b49bcc17f276fbdc6ea07b99fe6da39ae5e7be32fc1a922afa76f,1981,31-45
P1097,S***,M***,65,M,c27b5c80d620c234ebd8136dd75e6f01331181fa0116353f20b5e1ed512d2522,496a8296953bc2d70d331fd849af6fac1a0df36aa70048f2a7ba30a8e3889e42,f862de93e66c27316b1694c4005d0880a9bf9706cf4e4c6414d2788edec0bdfc,1961,60+
P1098,R***,C***,89,F,743e6f2c2c2a4e7cc7325ebaef7a622ac84357f8a6b5097ea74b84f0b6403c25,d06de79963667cee59568565a95b12da35d7fc295300367ba914afccd1d94179,44be8b203b2d1b35ad2a703578dc869589c13f83ce6c553ad32c2c871eed15ca,1937,60+
P1099,V***,A***,71,F,bb7912ac4a90a91b2f5e981d5a4825a437f4fe769ca6727ec3be659464571b8f,cac0f390a76329a48a5f0f7f81c0a1762326bda8b935179ff464a74be4344f9e,0360ab21c71bfee3ca2e79a070e1eeb51ab8c06dcddeb960583c70a7441179f9,1955,60+
P1100,M***,J***,9,M,1ea82d46844429a7ca0b85908b36156d075dc4bb715ccd7497418d8df7efe9cb,fa1aee74846a079c8da6c25d3606a425230120f110c9b9f6e25b6803725576a2,85958412621331dc110ea95eb22e0282704c017d9788bee7899021cfdab53149,2017,Under 18
P1101,S***,A***,88,F,c31c4c879f0330fa15c8c7776422eb48fcbddc13c7076d338a9bbf8a677c369d,c04fa7f1c2ed6b875347f6bf4f5bac788b6fa2aee93de5943d0413124f6c35c1,cb0c68172b437f30c7360895abadb7dc32d857e1db18999e8b1487a70889e162,1938,60+
P1102,M***,K***,1,F,abfd6af24ed352938f815089ced114e2fa3edb50148c56307c1658b84064f37e,96e9c069083353ce78bef24b31cb0402a81d9e7f87d4012c14976bdfd0aef29e,74fb9800e3dab2b729c095a6e8cadbf666b13c7023870f82e8c9fbbf4d0be8d4,2025,Under 18
P1103,I***,B***,8,M,66193c5f67492428bb455cef3aab3d75c0d1593625c97491587e43fa2e37a5c2,ed496455cd4aef45431c92c0f1e278b9207880e5e15175fdfe862b866ac4984a,c47714b592224c36385faf0e0fd84c05dc8964ab5b43ebde9d0b8ed99ffb0a7e,2018,Under 18
P1104,V***,V***,88,F,34cad18d2fa9c2a620685da3019c3dc72c2763a5758e595edb5d94db86edde69,807ec21c61c576bf454adae50606d1579640d4ef337bd04a1070f538f56e845b,d65f91571e4d87545914c44694383d324f490c9d445d61255715cd067337f44d,1938,60+
P1105,M***,S***,63,F,4a87adac8d7c00da612684a87411d7b9fd7f558e5d21d06d560963e3d51e6c1e,8a6d2b017c41469c258314b150a754dc3147e43021d882bcdf2bb99dea93c299,2c3626c22f157cf5b7e50ff78263804b252df7a2f439d6423413972d8b0a7022,1963,60+
P1106,S***,N***,11,F,122735fd2f710fd1fb64b0d101cd8861515220e667c8f39c8889d81e04deb72d,c9ea274b02688c42b565cd80126c9ed2e0ec56075ce1bccdede29b4151eba94a,fda3f140daff7268db05853136e9e7779e26588d52709a284cf1f917a0666049,2015,Under 18
P1107,A***,J***,81,M,6eba2bb52b341b6e7a22f1e10930c543d1bcf7e5adf6f040e396415731ef233d,62263bf9210f0ded65f6710750c7beb9a5c50610aadfdc8fa7c7528df0d6aaec,5f5b1e4d892b89eec12ba4616d6c5db3e9ae3804f16eee072a3545b3b316c172,1945,60+
P1108,I***,K***,8,M,efd6fb010483b531ebf992ce086da40a0d2f2b008da4965929a8ce1f4bd35f46,83183ced432f13a70d5f130f6d0efc446395d640cae20c152e0e84763ca8e313,b26c393d5921a8d7975d487b56b4578b70b7f721418cb3a49974d6bf0b184670,2018,Under 18
P1109,V***,C***,35,M,a64823bfec5a5a015dd19e33bb0ec10d3c2204241f3423478bae5cfe55bd62fd,1e0a3e7b2e67f599b85501a34381ad15a1aa3d751df39b85bad12bd2508bc0f3,bd429ce2fd73816d49720e776a1c3bddb0ec0c3540cd022b1a33ab73ceeb9d16,1991,31-45
P1110,I***,K***,35,F,c76d3aae8656a160c298cfa3212b93fcc53cc912ed75f1207e72a74e8aa9f103,ed8e71b4d50d15f5a74392c1059ad7ddf19d29bfb06069410baabd09f1cadb8b,2007388fc019e33daacc01bed173e554cf062e6671e02bfad5624f5099672dd2,1991,31-45
P1111,K***,S***,33,F,8eb8884fadf9c9ea635d92a15e706fb97dab5d896361ce793c2cce055e0b1447,c532e8b855fefc68b031803cdd47537e3c7234d8ff5a8eb36c62406b5e676d14,5445e0455f7b6b2e40b489d5539317b44b0e98298b9bcef5aadd9d45e34854f9,1993,31-45
P1112,S***,M***,5,M,1fad16b4594082ffbdca026eba2512d5e0e5a1f47b6525d15447243d0be171fb,8ab778ca46feb681625d23404b397c0c021a53ffeb07e3fdfec704df327d1576,141c84a3f4dce55f02bf7bd62cc0ad0c84b90bd884b8f0f174581f1c826328c3,2021,Under 18
P1113,A***,P***,41,F,207fa73dd262cb40a4b2f4426ba5c1a4dd99151913127520994a011e3b159485,561bffdd5e94cd31c791c3889a2b1807dc522bb259a69b0cace4251c7d17a4b9,f491368c2ca3a4cb656de162a8d721da9446974833f4f2aad8b4248382546d7b,1985,31-45
P1114,A***,S***,28,F,1a6a940d0b3b898cab74e14f97fc33d951964b43da0add7215c4e376f3dbf3a7,c7e79a65160c54f1a84a90829e1cf63e6ba06ef3bc33e0f658e0a1283fbe4e51,bab35f32e45f5ca5681b77ede4300f0c7279864225c363ac655c2713fb669326,1998,18-30
P1115,S***,S***,7,F,4f34909ef8cca246834424185b926fd578dd559764cd193e92a1ca9db42fb214,5268933e1fc2efe0151b35478f1792400adf81b3c8b47c2510e45937c4264223,cb474183d7e611a36c90c1ee0fefd98d744d3dc5cbc4fd62f657fd5bcd6234f0,2019,Under 18
P1116,V***,G***,73,F,1f2916efc42443c156f0d0aaf0776ba982e9691b1dd69a8a233c452d3b0259f8,84721c96c6a16c16f089c507993cfdae3192070540752ba29935123f2080734b,9b71238e995398d96c2d5a6259e80cf9843e4aca29866cd47bd979610c21bc2c,1953,60+
P1117,A***,P***,72,F,18f8fbdd1533a27cf64c5df1736b2ccb43daf06a3cda80f6a1dfe8b8bb148714,cb809abf1109fbe72b76cee9fc2c54ecc10cc80e7e89b95f4423a8a8d0ef1cc2,d5e3deb11226fa0696599bd676d47c76905885685ed22230ffd66c8d427740be,1954,60+
P1118,V***,R***,12,M,79c78df1016b1fefa239df43f825488e1aa995d3af895421adb0e2da87191090,09d62746c9887a50dc33cf0a59823fc28900600ce695ccd8e80a350b063b6628,853b4a5bf8533a878e43c3b3eafc6fd88ebd0e5754ed74452c3dae6157eb1b72,2014,Under 18
P1119,A***,J***,34,F,f051a2d9343b282d40c9ed8e1efac1cfdaf2d7c137a7203a6707cf42d42bfbde,a63cd59fc8d33e3a8660d7f70b653272dd71cb49c33d1d46897697cc1eda39ce,460ede1577cf5492c7ce3e12b1018bdcaa0b29a31b4c3ead71130a8b90f2f684,1992,31-45
P1120,A***,G***,33,M,a5273c5146af7a51f0d16ada85a2025d2b9cc42575571aeff6511cc77688f644,4509ea4ddbc6ce0f364ee0213e5c8373bd5dc3d3e9343b2aba9cfd37310f8269,bacf40c713669e8f1267e7efc0dc2a9a77b2fcb04579afb00ea4b05b60a2cbee,1993,31-45
P1121,R***,G***,48,F,8c5a4af041303d941f26d165dd12d1346fe4c53253470d0abb9680baa53d7e9b,59359e63546fdf7c4c0618e2c878770eeca6f1b3d5a19f6e7340e6cec56ebc39,d6fc1bee138599be76a42221769562dea660088d47a7e6bc4384db12e011e0e4,1978,46-60
P1122,A***,V***,23,M,b98e2d334e0b49e491ff16a539b7ac923b1250bcebe811fe33b482b46f344839,09e75a8a3f0d74c64ae9fef91c58b85b632a5a43744a36aa0d362e78788cfc22,ffa7a7d0d36c3787d648dcdecd97305d97e7a6c66a89eca640e0e25753fb332c,2003,18-30
P1123,S***,K***,62,F,fbcff71ef11f771f1d38e0f8ae18bbd50cede43f00fe71820e080ff947320c5a,dbce377d752f3621c859b98619dc49831d2ceb5f597cb378e5ae6ce9740b38b6,144d7873539ee50f99e687b55b8629dc1a3d0288b33993bf9f5080d8eee2af97,1964,60+
P1124,M***,V***,88,M,14cb840a2aa0d9d11f8795cb93b00920b1f464ff9df9543987cfcf895a3d3ca3,d99fdd7badd9dbbec73265fdc1ff78d49e9b2a0738bbda60b59e4239a3103b81,e8a2c262907349e6c8a7882bc592f32c353318d4ebaee4337384256ac00b4e84,1938,60+
P1125,R***,R***,37,F,8ef8003963a99118fe4750fef75e930ceb4c396a5c47304cfc09ad1682047d2c,759ad9c699726c568039a95d3f559a08f1afa161c1e2f54a0ea60a4f120ac6e0,19c74060117702dafef382d7e5e657f9081408e12d29abdef469167eb7d4b603,1989,31-45
P1126,I***,G***,44,M,6bae446684b1f2d98ab4c3d3ffc75964baf63b3bdfdf23891c28c5cf6aaa56d1,54b2c1585203b31e6b3cf94d984223f5ad97d6480506d848c08cdc9cd9084638,ac0c85743ff3bb656fded78a769df66b8e3c066a69993acaadafbb2c87274599,1982,31-45
P1127,M***,S***,86,F,3d12378621e88d90ae0a3eaf7beb4e2bd4f57d265f4914c7342f9a80773b4cbe,66f6135fb935320d79a4094786e3a637dfe07fe39193c24f0ddafe9c2300ebcf,4ba031cc61f56634086104fcfb364d59da616b4036ebe665c3cf0701725ce388,1940,60+
P1128,D***,P***,35,M,0d870c598f96dd91073c1479d5538a9dbab374b16c94fbb2e86af97dfa431354,cc2d10b15f48249e17d8968fded9ce6a6fd015ebf65c73ebdc8525134ca5ee47,28ffa28f95085a43738a6955cdf234b4be4f57ad5c9ec9f70b3977ff0e1ac78c,1991,31-45
P1129,V***,J***,65,F,e3d378a3ae5b03158af1eea60386f274f48a52c159ea45d0cf50f11489c6cbf1,db27d2cff298e14c7a0f079d49366601b40ebe1239e2fd77543466229472ce8b,a45be8793a1216179a0c1e8f83da5127f4bf55a8ea2744502b3f4b52fd475458,1961,60+
P1130,S***,S***,47,M,83bed0208f21ba96a175dc4160b42e3d027694c165f0770de988639084396aa6,c597e6b6471cf08ad8658829c875a8cd9a3e470c6e0d24ff097a30a270950cb5,b9371d31a3e6265148efd8185f4dc47ad46e80a224fa91960bbb03c3a786359f,1979,46-60
P1131,S***,B***,78,M,c2a8583e6434e7dff2ae93c61f12a64fe10a74a15447707c7edfea8f4d8536bf,645aec5b0a0c193a4e61fd9559614b68ebaf8d36cc924ef5204bfc18ecd57361,7ea9f6d8a0d9d0842ca375345e877d616886f93f4e414fe2f0a5b6c3714444f2,1948,60+
P1132,I***,B***,3,F,30fe659f747210f92de8d8f3ad41435195dd7cc090e0fa8523e6ee84b64f4afa,c33439acb11cee09acadf2cb623650e66d3dab2479004c24956d3eec50e0733e,0b5f3b347b705c9af60fa4b382151e537ba585153b8d033587846225303554ad,2023,Under 18
P1133,S***,B***,1,F,01feb38939ff92cb0c3365ad1f251bf93b906288a2f64071f2390edcfe577f3a,1d1a0746bb2582818fe82332197bab0d7371067d61c386027b1e820a51c9ecf0,9042a58e0f008a16dbf003a25382731ea148df4074a638ab2589ea98e822f16c,2025,Under 18
P1134,I***,V***,5,M,3527709a1312b9b17f9bb5835dc3ba5bcf2102234164e4dfe4539d20f1d700f1,862f3a297d056cd659cc86956d653dfb7ace864830c5841abe7045bbae42f5d7,6cebc051d39b99203024ac4ea0599e598aa1201c559fd970b4195aac048cb138,2021,Under 18
P1135,S***,B***,14,F,95d70635358428f4ac75836dd81cdab24c7374319eff0bea7677356201a1e9e3,94acc0f0a2cf8e6838c5fc9ad51681830443ff50373310f04eeb5d8ca951afba,ecdd71510d6aaaf20bb983c96dc9d464d3e6ccef67eed27ea38036258ae33ae8,2012,Under 18
P1136,A***,V***,27,M,bb2c988a598c5877477c5b9de08387e96ec0bd6ec057ff8a392964ca3c1124fd,2e11a25304d2c58b0a39175287d27b58b8f3b493bdd901d12b2cb9db9d3b81d6,f0a1c87d4ed81e4e4a893b47ee97951f5b94605cacbfc450ef215bd6910c5ec9,1999,18-30
P1137,A***,I***,9,M,69084a866aa89418d3c73646ec61229449be83f64766bcb74d85a35bbef8bba4,2d67013a3788341d8503e9d4054dbc1d6c1ee2826fad01177ea5ef9c1fa84a74,361345a2704292aaa9a0e8d716e967f158c760ca54e2c5fad3b11404bc7f798d,2017,Under 18
P1138,S***,M***,79,M,bef59be8aafc66916aed292edd2aab3239c08ab65f2d663c509a7ffe1ed47d9a,cc9c8929d5e3fa67064f42c99149df3189c78f4dc3c3f2f7f3de9aaca404788e,24074357267bbd792c1e3f9d21afd4efe38344fbbdd051d0b66aef085b29642a,1947,60+
P1139,A***,A***,15,F,7261624b7f903d83a914d1ae2c695e258788fe3abc7988cf04d22099ed88961b,5d4af37c1a1f432400a29fe1b092703262c78ce462062520a64402403be38a74,71369d835cd91191c3695ca93b1228a3a75e9c1ed1eee9ecb518c2b2dd20566a,2011,Under 18
P1140,S***,S***,42,M,4dd70ff43ecddea3efc7133fa34193f2b528b7f2860c8fc32037bd0dc6eb0232,488489b87204db04314431185bc60bdb608ef536ebbd8b77c7f84b9ded9c5068,787961a352473fadfb2396acc162c8c015cf4633bb107891f0c56a7346e26c1f,1984,31-45
P1141,S***,K***,77,M,b4324a71bfd78582db6a5e781b28ac0eadb3ba99f5cc9a4163baaf205a2ca5a8,0d40a89d0ef9cc525debb418a5b05a6c9c059a1df45450106727035111055b37,66a622cbae3a29646adec3ba44729040e60adaafd494f3607d1603a9b695a59e,1949,60+
P1142,S***,N***,51,F,ebac3fe642825cf967820a20d750e717d30b3eb6baeeec5b4385c029c2f380ff,2e1926cbedd156a1e2b0813ddf41f51b0fcf6f7446a30a3512378a0f3013ab63,1b8197d13065957128933533de71d31e89b9e908e8a7fd2cf2679ceb95721f27,1975,46-60
P1143,A***,N***,63,F,994490b8a51fc525621d9e2e0df536003edc265e5011c0b46e647a6bf7e26b84,cea19c229eb4e631d6d9a7ca38c5a30ce436f3b300ef05ffa7327731231cc789,2fd9d96bb6e1f43cc930f4e0aff59bcb761cf0571dff1b72f885601b075b22f2,1963,60+
P1144,A***,M***,52,F,27177793e55927e3f0e1c3c47b0d3b28d73bb15c7b91552b68b087153c917fa1,14800646e764b225d778c3e24a8ee15ced15a31584d9c6a3815914f43e36ed15,fe9b3a6d7ab1fa61a66c8110e465104a4d9b26071973e665c037ab10b0336898,1974,46-60
P1145,A***,P***,4,F,efac76f5615670541a19e46e95b0dfe12eac9d71eed52228585fc3eb5c58fc79,f8b7a1682661f2862f0de0ce9f06fbb5951bc2ec5fa583cb352e147bfede901b,a2d6276e7d88edf1247fed7ae80b769a4a62c2d763ea418f69d5f9e0dab05843,2022,Under 18
P1146,K***,K***,23,M,801e660fa5d090c7f95d6e5d0db65aa7d7addbb14e606a26e296089e2d113729,6b65edc3c093a2af9ba5724a42eae01d9f0db18be28a9c3115c8e848d0c99c06,9466744c74a51d7fcb70be0058455a89a6237bcc7e83378bdcf0ffde3e571751,2003,18-30
P1147,R***,P***,15,M,943a5574e8ad645d917169d6000ca95a65d9fad176ad3eacfbadad2d30ba449c,f2fe35af77f68351922a96184b095dee390afcecc19ecd6206e6532d71a3d459,c783ac634225e0f529914f1ea7007abb608e6aa7c95827072129906b2bab77fa,2011,Under 18
P1148,M***,C***,43,M,c7d38b845c25f39deadb0a1673fd4657f5b63d1bde6b41d52b50d09adbd01a55,2029e424396e0143510ad66a1d91e1f0e79088d5ed2efde0960d4b56aeef695e,fdf5966f51fae179014e14a7e571d6478e1b08bc4cabe920628efbe124dc30f7,1983,31-45
P1149,I***,N***,29,M,8011d5f61ffcc247b1f28e9b7ab55179c528c388a9ad43c5aff3b336552f403f,9f023c540ec2ec0a0df7200f7f85e168c39642be79d3f0a4d5b8eb05992e885e,2d97cfa8aa99795f2d61de84e0737f6121b2c2e4cb84cc39460f3efb9ed41f3e,1997,18-30
P1150,A***,A***,36,F,55ea6339138c08150b133e74af7a78851487e7999e648b61a625f842f276b1de,a2d0021559339be1fedec1382a52b5286da7f776f320789c31262723a586c2ec,206f0ea12bd1d844780080a0d57899481bea024368e0afa623016cb5a5978801,1990,31-45
P1151,K***,S***,13,M,1e4d1871096a2f24b06c12847c71d61497f7b88c2feb59a573810eafb181ad03,bbca50b1bbb6c38e83eab18f9987761292a99b7ba684b78fdf20449f1b81a7b8,41ce392a9f67f5b7a10842c3a5d2d6dee08c10d70a28c6355175a4203b3686c1,2013,Under 18
P1152,D***,J***,32,M,9982d9a10b0fc535350c0642368e05c7eb06a2bcbd28dd92cef94e5985928458,7a99d6d9cc882598b154f0f42fbf31c4df2a14bbef8cf3e28815295f4ef42f62,b6e42b18fa28a04b4493ca886a0e3cd72c2d9bfb0a043e56c373eb27291ac7a8,1994,31-45
P1153,I***,K***,71,F,c1870af22b3756cfccc4c52ab19af94c86531f325c6eb1a5f23f7ac76d100f7e,fa3eb03f802e64d2889db0ccfad16b94c77ec38877c907c4df248a14e9b335a7,7267f744cd193fb69cd5c533ab567665954df9244503ce91ff854addd3b26994,1955,60+
P1154,M***,C***,59,M,dca8f9fe3c9ee583004589d43b27a59eeaaef55dd71728eb6ea2ada63016b1c7,acb8f45a4d3a615664d71e53af0e4909d1c50c9e131686d489c894a4168d7a8e,3a7447072460f8b1a1ffbe475c39a4c27d70f4d5718621f4c6a80598e7d006a7,1967,46-60
P1155,D***,N***,86,M,5a0237652b73e40f3113ce78fe455ba98301a5724c739040e30f5357c7806c70,cdec3e8534c7d7bf849f117e94b3cbf7b44d0a3bbda91f7e85e5863d68aaa375,1b3e79cbf9438950a8b75ef5d8d787cfebbc492d680dee5a552b33f8827d6af2,1940,60+
P1156,R***,M***,28,M,f44274ada9e5d31dc0776521ebf6af82de39d78c8d39fa12d3f71bc6edf561f7,59688a74aba183c8b1105d855ed8badeb23f4250f3b14aa5cf4fc621b2923ee0,c460b9d43d2aade28ad65814918547e33df4068fbd802f119780c878ab0b6ece,1998,18-30
P1157,A***,A***,66,M,1adc8906157c14ca5cb7efe6d0524653611fc299619243391f88ad586a8ccd3d,9e80ccd7a17b79cfcced0a297283aa653b4ab5e05ef7773f854ee900eec79ecf,dcafede9af7ef10ee85046f5af33b55e00a632c9d6003268a116c0e735947580,1960,60+
P1158,M***,J***,42,M,e559f1cbcffe8085754f81f4c8027f0399bd25e40f0e1ef4bbdf9bc5e9c8ce51,153deb7cfe77741be90d5366aa04dcb71e0fef4f56fc75818e0b173bba37e2d3,48edf9bffe43f19f32a56a903d10522e338cbc46c5cb1baf25d12a7cfc45cc02,1984,31-45
P1159,A***,B***,45,M,67417720530c75c3eccc7a151bd0924889e39cd83b25c7e2801108b1798bfbf1,e95f977aba15e1f1054809ab7f5a48f79bcb5629f0d9e1198abece11cbfb38d6,70649c84e6f18f22ca5363d6238d8a2aa4ee9b68f5c4744a75cbfe5beab2a7e3,1981,31-45
P1160,A***,J***,62,F,5a7d7d26febf50bcc2e3bc20d5e9bad350818fd202bd32971a661281cd121883,aac94a756366ad3cead0c1d64a839d26cdfc65a4d4ceab1e367a2b541db6bb5a,4ffc0b021b34a43072e782ee515f356554d511ee24976c21c43ad9ebc83aeedc,1964,60+
P1161,K***,A***,57,F,dbc5a393080c196f495896d073dee387d848a10c77b3ba40e5bfba91311ff87c,a1a03a86626815a74bef1a8320c1c7f9bdd2673e1913a9f1fb021c91c805385f,6a2a898775e18582d8697d23bea4fa9ccc504e957b411bebeddf87e8032b5334,1969,46-60
P1162,R***,R***,6,M,c0a33c6ef21c3d1652cf73f4ee58b193b98042b8519d7d35c8123a6aec749724,8e39cce91b42166e602c957b60f385122d200bc3ff33edfe66ca62d1f4dfdb0e,2caecf749a17310f47bc331986221ec7cb8b54c84b190d13c46344a252dc1a5e,2020,Under 18
P1163,A***,N***,28,M,d4fcb0f627280d17acc132a54585266ba2760def0a1fc6f0287358aace03700b,8616216d9a2fca912529986fe2c123162f9a200dc73c527059cd630bf8645374,e7f69a0692a579e7728730024184ab79fad5da67e335bb2db508ceb0b628e06c,1998,18-30
P1164,S***,K***,28,F,0b9c730b4d74a4df2846fdf9729b234a31330f2cd5d04148421dd572256a6e65,83c863ed644415be83b1500e3ab20c5b5a55385cbcaa0cd834a916361ccefdfb,1a7e06a07a0ad3337a70abe4b47de96847022491d0b9b07a9dbffd0a05a29dfe,1998,18-30
P1165,I***,S***,44,M,ce532c83905236d698865f4a9a6bf68a039ece4ff11799b3aeca210e2b101aa0,af015996cc3b934e0bdf7c7136f27ee47c9adaa30672f280657271d8fbe7de61,722a8db41f36147e52a93d44500d3a778b23ca737522f98517b30f3c8591f671,1982,31-45
P1166,K***,B***,84,M,58ec88b6b882c5d1157a3650fe6671268e15527af225d5c78575ea36aac182f2,b7d732edabc112af8d4e17445f722a8e18e6b5995ccc55dc79fc1f8bd9787ad2,a30b0af997e71a187ee91d4b657d1c87e11fef190f066ddd59c28a741a825d8c,1942,60+
P1167,R***,M***,30,M,8981cb0187cfa06ae7ebda4959860662e8b7f5b57d3f75e2e428a34b74d088f9,0abb25f8684d76eb9f6abe7178ec0f837dd7aa0004ff7b3d81e0d61a40b5939c,63b568b959f80a3b6e1df87a670f08388782a6efce991bbc4b3b0b84293e8c4b,1996,18-30
P1168,M***,A***,62,F,801b7b7c859b28e471e426684fc3a93eddac4e373bffff51b0786121792c9935,1da37845829105b4e379f225a3200558aab7fa7ec5baf9bdefb848583cce8610,079acfa633ab63f9b846e42f2040f4089c5f5c16fbe9075f6444b639168df9ec,1964,60+
P1169,K***,R***,75,M,9a4b3e1a4cecaba87c64e6919a4bf9e169df8f12e4b351fdc64c205fa7bb1f73,007b26cc57d1b5d6f46161009fa0d6050a3072240bfc1c0703562477b516af98,db7b1223eb1e8ca01a2569e0781df18a227bcbc1dd14ba049a349add56c9e898,1951,60+
P1170,A***,M***,89,F,86803f0fc7d93bc494c840dc9c51cd2ca16852e360cf4e9b88ea2adce2f950f8,9fdae7d6e4901342cd4a1c50b1629e9c61aa916a7bccc9c862640e04c890cc49,fd9e2a13efc8e65f4eb231b827b4bb881b0687836471f34e761469e61d28d961,1937,60+
P1171,I***,B***,62,M,dd70801f347727abd1d3a666f6626db2c912019a069087f926835a91397cfb8e,91062ff9e89993f92db67dab2912429ccc2a03b816960a53ba44b8091548f572,5aa6fdb4cfa4303b0deb908431ebf0187a9e9d87c59c5bb68e19c2ab7be2e633,1964,60+
P1172,S***,B***,1,F,c8405f7c62dff447799bea308871b680a635f5da7e76caa8bc1f6e95e1291509,75e6b4d2ee0a52945e2fd155757ed0f633e6aea9455bdbedfe096dcfe19efcfe,0f2946317a0ca58820bed342e570d2a30a866e0440e38befd90024c2de0867bc,2025,Under 18
P1173,A***,M***,27,F,e9bb939fa454990f4ccb659979cc656f0ce91c73371c7882449d79105fbe1165,8ca246cb4a2cb5bc66ef713424908727177217761093c816cda9a59dba4fcbe7,c70567c065d830962d607761e8359c0a822a88ecd6997acb9f127a1b65d1dfdd,1999,18-30
P1174,S***,N***,62,M,c69058df73f4f91d26234a71da7ec465505ed24b0bfc2590cd0a70b82fb35198,b2d703f3aef021a895a1d56e89ffa7d0730d7b02cb8cd664d6b956d4cee17dab,eec21b91af3cc672dc17c351229b1d301e6ff1f53b16daa1811421f5d63eaf85,1964,60+
P1175,M***,M***,77,F,d974f37250a7fec108281d795b9f860f1bb9c8a8787713f07185bf291099f983,ec3b98f0a7cbb725f88994518450b829c7fa3559c8e8faf71cf46147cfe89e6a,99e45c1da42902b1b2e338982c86e68d0c9d6801c9e4334870289100ac9eb4c3,1949,60+
P1176,R***,P***,3,M,822e248eca2b47c4eb69f5ba25468d8fc4359a868efd0a580f2bbe338d506e6f,34906f206421e0c866c586ffa0692db74f2b7ae3544dfd32c3fcb1b32e62bf7c,f446af405530fa013875a6b8c5db9270e86b27688715ad3c3ead7b05cb41453f,2023,Under 18
P1177,R***,P***,70,F,71cfc2360b9eb1b2e1b61dddcaecc86f4e2cbe6cea999cd677b7febb13de997d,4d44e4d7f2ad572ac578f9379cea8c26810d776ab83bc11b918a14d465294d56,be9c20a7e3a7dd0eea9988243dafef0ae3c1332a083aca1af61b6fe6ef1273f4,1956,60+
P1178,K***,N***,72,M,83cc3a275062d59ac8a3a84b107e40f53e8a2039b3edf4660a4a6f84ffea9546,4b658bc1622bd82ec3ecf46d5b7bf200e37c4b55d9f7b0af31c5457c56d49737,888e77f105f00f51f6597f4ca9ab8470c213138a29e985714528c954386d6c77,1954,60+
P1179,S***,N***,27,M,8712a7e34aa615a9845668c9d380c1e95180681b76f5349b82a68b94c7dd4ba1,ef262fa43dcbc6886b56c44b597298231c4f8e057819943037696f5d638b84a7,dfbeb329b6d0f80cd286001d505314de3e9a6603bc29f8329c314da84fb51d3e,1999,18-30
P1180,A***,G***,9,F,2516083066a146f63a4b6e8a00fd0e4b86217128bc32f8cf450e0ceff5ff3413,fa8765643f04b020233bc8596f797a988bd770dd2768c1e19b8b7a41e0f92c64,6a353e6ea870dfec3080d013ec6eb2ff328937586993935eda5f6ba9535c2ff7,2017,Under 18
P1181,S***,C***,62,M,b164be99e4b8abb9df399efbb85e5026a68b06b6778c986b070069923f78ede5,c9432b2b138ab8532b1b7c69ef0701604218a4fdd4da6dd9d645993fc5aeb0d2,0a62ea44f3dd20589d002743d5679708eaca14a5219e183a96dd75a69a44619a,1964,60+
P1182,A***,D***,37,M,eb36ee77c806f528df40ecacd72ab3b0ba44e9ec6649f7a0ca8d7d3adc1fd192,6f9f882a77c521aaca2ab3c4e534b5c03dcbeec7e483932bcc9c1e4d906488bd,b22596af684f741476a879cd3a841ef239167593aa1f512bac076fd3129933ed,1989,31-45
P1183,S***,P***,51,F,f308a080e0424ea538c47a3b11368c1c4d14cc84c4597c5916772f486fd84f67,5fd8cf571b91ed404fbe5a3b90af628e779e3ab986cadd72772b29999b74ad54,94568749965cef8f4e0ed366292ed9edd17c8c523bac128c0e1ee76c23b30bb3,1975,46-60
P1184,S***,S***,44,M,cbcc689d572f1247450f6ae8a6d5027e5a2b51e7c2da17994e1eb45a72a149d0,3e7879adc64e899058f1f6f5d7f3d1608249a0f50ea61b7ec85a99a3199f2fec,73f45c43922fe62f5d939e166d8e7ef3cee7d983b10091a538d006aa065ef8b9,1982,31-45
P1185,A***,K***,24,M,9fad573ecd028bfcecbedddfc3eb4cc8847c0b285cff82712f33a63c29a3b3c3,2031d10f44a5fa8628850aa0d7877569cc1a38cf96d88b4e96b87e0a1d2e269e,8402da227bb882bebf27da90b96e3cd269d202965990ab318e80cae758dacf4f,2002,18-30
P1186,S***,M***,79,F,57b1a7110f01511a1421a4057d68cff547fd0b41650c62f8cf5b3de79e2967a2,54a732682ec8fec9a5982af00733569b4f2d35734bf955382fe8df02462eb33c,6c7f6f1e574393fe4b573f110a12763b81edd75229c75beac63c53f6f6153505,1947,60+
P1187,A***,D***,59,F,3b20faf6976863ac7c78c21a1ed5baaa639e1e2efab0ee092db6bdb1a9a9dbf4,54c5405c1f23ab6563b4069ed1a713354011e8d0542a0381eab503aa3484c62c,51fb6835d1143c9d257bc8ece4b1d77254e2ec1f5d47fd29dc6485dcdf28f352,1967,46-60
P1188,A***,A***,32,M,7db356604ef0e72ffb46ebddc27c8fd3d7dd7f6470a86b2aeca87977ca79cd47,f1f6ffb9a4885b62a61aebdaf463e436fa46927403df573c1bec5b88882fac27,758110d8cec75bd13c9bff4e7dcb347d01ce5bef0fab4c63185c1e2cffab4116,1994,31-45
P1189,A***,M***,88,M,6d1cf683022fb144756de055012fe7d3db151ce20b688075eed18a0c3969c9ee,5edf20c5dfa428ac7c26711662caa50082e2d69a00b2e5e1c6bc382d24392da5,087c7c93ac842366f41da441c43460f86e953098679d6c0cc37f052b54ec7053,1938,60+
P1190,A***,G***,52,F,23d5519336e0d903a64a26cfb07a87851ad63dd970a7eb7483c8676803361b40,dd5840616047f050a41140e5b1f3498c3ad7eb50200809e7d3f4185ca2689e60,9c2829e9807d80e0eb6bdb0bf6d007170b64a7b6d45812933f0d9872c220cd10,1974,46-60
P1191,A***,M***,62,F,40c7a67a305be0693411ac6c512f82b5f709ca5f1ccfe19446d1316e89223d82,337e64158471cbddb4f26a59aaae4832958dbbf374b27039d219b3c8a3ee6f6e,956d9f9cc36dfc00b24edb862217ca1115fcc94cc42ee55f4e60d757e92fd4aa,1964,60+
P1192,A***,I***,58,M,1dbefb5b72503f2f1a53269f68dceb35eaca0215967987b69a5c4c1dc9dd9b1c,25992be746bd369d1693165a1c329be5f98fa4800e8171400468c53140f5ee5f,cac263a26763a0cdef725eaabef6a5c00201e78e9800e59425501b29f6ba1d2b,1968,46-60
P1193,I***,D***,52,F,10a32e8bc7bce124545306598b61ce3a42dc8c6739b69122009cbc4839221b52,a53f4b9da4ff5d86149de09c35d2930ccd5338734686eda2a25437e0a3c17c30,bba056a7ab79a9f6bfee3e20fc14e3ce13e941ae802867655f1a0a7b744852ae,1974,46-60
P1194,A***,D***,12,M,079bf8eeecab475ab38c37e42a11a22d954c45c93e6f2bfacc4088a3da3a8267,cf74691f6f4b63366921cea6f1fc05145dcdf743b2079c793a573bbf04d8370b,42fc1016ced64f203ea9bf087725b9756ab7540d3aa1fa0962040729ad130522,2014,Under 18
P1195,A***,D***,39,M,69dae5820b68c8519decf23646e4310b2d9bd7175cd21bca01c5519b15d38bcc,5908f473f7729f8e637f23ff55c1a9d5c383d6f9f97ac04a1bb236033ee403e7,bfad5f8d62361660d4eb1e40ee5d7079847c0f001c54ab7bb5d7933954f76d1e,1987,31-45
P1196,S***,P***,2,M,58ea489b86253b4270a84030c0258dc0e04ff8dc8e78f5677b010b2c3f13e8d7,f47226772403f02ee107790e44ba7df62c5b72e0b5190329e381aedbec5262d9,6bee382ef27e7c6d545024e7b87917c802781092618ddbe333904f72197760bf,2024,Under 18
P1197,K***,N***,3,M,02524caaa2a281bcdb3e27ecd6d23f63c0aa61105f3993cffeb4f89619243eff,2939b508cf786d22af5dc03445fdb25042897805b09012cd38095f8bd9bb51ea,6cd28f6daddb4f3064be2c684386b9aa1e2d396709b6d349f8b55a1f8a07fd90,2023,Under 18
P1198,K***,N***,56,M,ba506118b419d55cf31f30273518ddd322eb8632a101b32b7c89352a9310b36a,17662f0e881e9783616d9e5af5fdbc8e7234ed499bd667ce70b063a04c1b04ef,e94e45d4b228a4b5479d84d499a0826a1beb0956196e7a9fa4909b6d38ad3bfb,1970,46-60
P1199,A***,P***,81,F,b0133d9b221b2b08ed2f76d72e86544abf196a82f06aaa539357a4565ee6e546,9bb80ece62739fcb1c70380359309b2ecfe56e10aeeee712e245be8ddeeaf871,390fd10e052d4fe39a19d208c1ef5fd9d969e5ff03c614f07f42304592694e40,1945,60+
P1200,S***,K***,59,F,307c2c6505b97e9d14df070002f75dbe619712296e2dcae536b7ab7de4c1e61e,75b0f33da7a50f904aa79056efe5fcf70a44c3f5f60eca128e1e1c682948efbd,59c31f381ececc307e8b39c18777345bfd4dda5665b24eaf73a00bc6083e6c8a,1967,46-60
P1201,M***,R***,2,F,7d9c8246bfeb08e62832872eaeb77d9de57cb788e0b70bf89fd422579f34e0b8,39d2c6186355120686df4c0d0620d5ff85c5a52fcf86a189cbaca41df80367c6,f4933b9f2f9e563ff3757d68f4acdafd8d0767f84bc93778beb36d6919bc6f9e,2024,Under 18
P1202,A***,M***,2,F,4953fe4e6c177e7ea89916a7d866721ef9c424b91f2be40cec20c2e6314ba1ed,457e99233153b1c1c8100b28332fc4c3b207967e5bd2ac331cba265a1947b313,b70b07a1f24788c4d7858859b35451a0a7e629b8e82b5dabe2a8d67ba4fd7e96,2024,Under 18
P1203,A***,N***,54,M,c42042146d5d6ea5ba0c5b483fc8347a920b77ef85ba09f3ffb9c081a31830fc,f0b8ad6174ab020086709853f506709007b586cba67128db84b3428dbc3e34f7,ba6a4fb7e9f1dd62b0671cc06dee206c1a4a00e436770c00870d8a72a018951a,1972,46-60
P1204,S***,S***,87,M,754c462fb4094a36d62f4a37d847b606e603fe8601c8c4d2da910c155ecee697,27103fd488bd7ef76384ee361fdfab583b31ab1a4c849f8b97150cc105db5da0,86931054f8e8de3d23aa42939f6c294e61828d9c48aeb2e4333aeb43aa9e2c06,1939,60+
P1205,S***,N***,1,M,8e00185c36bfdc6d3457b9a229c736de2db2d316c8d8282cfea4cbda9899d273,8612e93a77a6a74e3d8502a27726cbc5a72e4465a9ae63ef035cbb6eb4438f1b,c7fb05230c8f68fcf3e8832e3c67610513c8c63d0e125217ccc3758e9d31462e,2025,Under 18
P1206,D***,B***,19,M,cff0848b69d496be4a98806e3f5d3bd006ce8221267d95f70c9a0331550747c5,6035d9ad75dfa1241fdb000982f4df5c24d5fe50bb17ed26f15634bf0996eebc,2c58b6bf7019860f6fcd24a000cf16fd2e7409533d3024ba676f12da102f0aa7,2007,18-30
P1207,S***,G***,2,F,6a86f92fa39f473f23e1842df78a746c9d50398363bbfe7f62d5cc3df30d25dc,c026dc300937dd89996e11fd9b8c9d40167fc7b389a40e1e9302cbcce85202cd,e5924594bf503af8916b259b00fd59ba80c2b88e505e47d7702954fdbaf18521,2024,Under 18
P1208,A***,J***,53,M,00e17f7fb51abfe55d43eb781d2f36999dd67177fe1e8c25ae83e54fa580c00f,986e1c9b3338b0cd2a13bfdfe6da2919adeb7dd34621cd93f041965704fe92f4,cc35e092e6a398a701b0278499282743ced124c4e16314320ab0ea380e67e180,1973,46-60
P1209,A***,M***,44,M,50e88e1aff85b9c121c71fb82b0a90dbd146773ad87744c7b49d0e32b18a5537,c4ad9002669f132daf5ff32d08c1b2c8499cf0329b8ca232dc071e449b3a06f3,41a42c461ef933cc6d702984a604e23ccb70f0d20479f06f824caedb85928164,1982,31-45
P1210,S***,S***,32,F,64a1d48726db91b1cf437ffdda22042b5bd5da399ab1ff230deeb81026ca3826,70afbf87af50d8ca1a57500baa4dcc6e64ee63692ea9eb24d2014accd7562ce2,82f8ef3da5cb4b53a098dfa51ed0dab0509962676b9c695a728c67d6039c3b86,1994,31-45
P1211,I***,A***,70,F,0dc3cffdd1041784394a653269aec070c3a57c760a22ea6ec41f2d567f6efc79,7d3ef6dfa8eb3bddf0c9f287b589d858dfaa47b2dc5cbe29785702775c0fe656,32b945b083d9693cb11bfdfd8d326bbcba25b8dfa4c529be0838bd07edad4368,1956,60+
P1212,S***,J***,32,F,5661db01a6058341f9851b84840fc75cb53be41a4782c78bad1f8ecbff6705b2,372b9ef7149b2c3286d9e6ec59459d8d17f08e0f13a2fc8f1013559fa68b19e9,5cc55bcb38fa7a72dc49823b96860c2e04235430960b1a7233ad7c7cbfa54caf,1994,31-45
P1213,S***,P***,68,F,1c0248d4dbb1f34b54ad440012e8a1dc359c797ad7687ee7f5d7d98b7a969611,e805f5b8bc8994e30e4edf261e746108505d6668ec6a86d074d8f692ea69c404,be59360ab03302e06afa82e8cbb5f579c3c117364e7dbf60d09e8a84469d9908,1958,60+
P1214,R***,M***,55,M,754af122859a3d479f69bd4a8562fe1b6ec5e7c8ed1c468fed6f642f4b016ed5,37d87477a6cb402c999b843a3d6cb0a324a498f463c9116a26c7c1530a770bc3,99ee76e50351cff216db7dae3d0b9bcc286194fd1586490f152be9335a2bb079,1971,46-60
P1215,I***,N***,75,M,a2a594613f77d4d29a8616acc58f99f1dcd7b252217f9951e5b9a5ecda486af6,4e3932f4aa36dac1713a107b8a4d8232635b4147fc61faf23cadc6fa2e82aaae,bf80e8112f4ab5a1137ad0f4007d1482997270c4414124a27a0d22f3148879d5,1951,60+
P1216,R***,S***,56,F,d517aa3c920656b8bd6677ae63591613f5416e2840bf83a247428fe73da28d24,1424eeb5fe0d36ce096fe343d3ce0ffd1593d8f1ca9bef6a830c8c3a474729f7,c9c8cf5379aefb21443bffacfddcf9603b6e9606fbc0013435ba805414eb029a,1970,46-60
P1217,K***,I***,17,M,ef1f1f2c85536b8f982d17a3567f9db07bba24fda5da45c6adce82a5772e6674,48e455409cd56526feebc7ca451320a7746fffb899bc4d21f4937d116ed02bb1,9846fd21e9a142beed070894d2d6c6ca92e9ebecb5739d0793d797312df834c0,2009,Under 18
P1218,I***,I***,38,M,a1e192abeb32d69203327dd61f7fa29ac9a5143fc76c881989e45f0b70dcc9e4,1a75518673b01fdfdeb6d305969b33c7536bf62ace908606bcb8ad8fe77ee3aa,4e003a96d1e386e33d161a002828aca6fb826e229bc10222b62f06fbc2e3142d,1988,31-45
P1219,M***,N***,24,M,669267ceede7a0284479b9f263b0ac0db21b065213a57e56fdc029e71a9432cc,d240e51863c5ae675fa89d03484d60d48c89b62d1f4ca8104b466973f9ae22fe,373dd613ebae43b80a8b63a2dcb096dcd595e66d70b8808f7b52463df6d64648,2002,18-30
P1220,S***,S***,69,F,3bfda10fc6b5f3abd8e3eb521083c172b05cc86203a93ca7cb50e2d50af14564,8587a0c995c733097a03beec7117efd44942c3ef7c7a1a55dd046f0d528f33ed,b03f0f84f05e8abcbfa40ed5fccec78983e2a4281b993498600f2844bf3db545,1957,60+
P1221,D***,N***,70,M,2bb4d0d2591df73f02d3d63c97502f4e4621013f32b61de3faad89e9c1b5d08a,45fdf6efc51509c11c849161975ea0d57537aee260a8b21aac6396d610f6fa72,8199db42cd643135995899e11b59bbf2495b40b1603a15e8f0080cb5d6625ad7,1956,60+
P1222,M***,V***,86,F,682c3e18f2f26ec194e124eb73a59551f3fedd9b96190d28c9ba5c0cbb82158b,d82c9ab715327e480f3dca9ee9a489c5ffd3dca3a8d60b6aa530187bf2367762,8bb0cc405f94943fa28b0e7e92d56e5dcfc53e1fe2aeae8a748b45a8bb58cfa0,1940,60+
P1223,S***,D***,11,M,216188e2999d10e48b76ae3b88b4c979cc43950588f9a1d474e8e558fe173a8c,4ca1d59bcffd8de90bb8e6f41c33c937cffa420a3889b64a43a479a2ad7c9284,7f30069c1969ae5f2345e5f701353dbf2f1c228b3af687788706b1f666988214,2015,Under 18
P1224,A***,G***,16,M,4e705ef32d5d7a7d1abccc87ab4a228a935ce3c19e978652d1a52bfad3eaf596,6ce8d5936429652f7926b0509021be8b28bff3ab0e137de742b3fc2568fbc74c,d6b0073b896286ff65f727aba82cdbf438f8cf8d6cb7810765a0d76bc2eb591b,2010,Under 18
P1225,M***,G***,73,M,02ba9a010c5a8cd0c054103673ac4606d9cfd1ada853648acbd09aa386e36347,c6dd3616bdd61287e0aa3fb0b950259769041bb7ff6c6c23836d7740ee429aa8,4fba3145f6ce556fb715cd8a6b3b7649279d981afdf7f2075cf7cf0508816e36,1953,60+
P1226,K***,C***,59,F,4ea43b897a66c702d262984f4e62f70bb4ac74c09b684ef677dab14822b0fd3f,e1c721604f3353cf9260178d7fa2f0f4e9b15add89ba86b3625a52c9d1a3324c,809d2137c0102695b6b813d12ec10c65b04f4dd803a862757dba4aaa4a133af3,1967,46-60
P1227,A***,R***,70,M,f96d527fa309dc3fd17208a6a8e05a2964b8d451a5e0a392e41929019a63aa4a,71ab6cbe2567797a00e5f2d23632e4505f212cc725b49972b429460f4cbad866,5c0a67df9f1d597dac9463d1ce32d86c8e13b97f8b07ce196efa65f4e3c88ffa,1956,60+
P1228,A***,I***,80,F,694798a6fd31e079e472969f22baa660f359439f9b5efe69900b419df515dbb7,c3bc6d9611d95f8a2fb5be487818ab85c6b99b75942523aa1b4de280c19e0f43,b447ca0b3c2d2df3fe7c44adc0d7d5f68e191f952e98d1ead8862777a959b4e0,1946,60+
P1229,A***,D***,3,F,f1012f936a2d635a82a7a7658c49b4de4f8ebcce82f536ef4927c0f2d03862a4,ab537dd21ca32fc16ef0ef1577728a21e3c4fefea6633a971f0c3139b0efa3da,5658ca8aada7495a4824551a460236cdf555ebc6f11bb8d7cbe6b3b84f589d9f,2023,Under 18
P1230,K***,M***,20,F,df1c8a9be337deaf46b9b45cbec4d20a118b83b3a29365fa4a8d40eef7805221,cd1a351691b8cd476100cbefcb71a918480b6d8789e02b5053eec2d690383513,d8b1b19a9ef45a8be62a641923c11025aeb23887acadc7fc3825dd71137d002f,2006,18-30
P1231,R***,D***,59,M,0b6ed1f8a625aee334ed740e4700ac2ca235b2e30a285385a6095f42eb549180,e68ce0b955e58247a705f168f5db1ee50601a61850afb3bdb9087747ab30db23,dd2acb8b87c9187cea1646818ae3ddc8c9a4c91e08789d6ae1fc718dc538918f,1967,46-60
P1232,I***,K***,36,M,228c34325c9b60c908f96a04a03d43be85f33911d34c113ed8cd95663706aa9e,f5b7e493df75cbd867216912c6a3eee71def3f8fb73ce4791981444cf2a86a84,37e8cd9a5640cf8788ea7a4e423c0c5c924fb5f82b3186496baabc01d848a4de,1990,31-45
P1233,I***,A***,19,M,c7dd86175aea27ed9df7ad2d7d34793fcf15b774d74692796dea90adfed65d21,6f6e2dd4c47dcec19e149710c10eaaa2d461b44d805d901b28009362078873eb,bb7265773d0bfff51e80b21cdb683c219227f9385f72d5e1faf2fa562221c7d1,2007,18-30
P1234,A***,B***,67,M,2a7951537d95bb615dbbde9abd507aa7b1894e59f9ba92224681db928fad2276,058a37020d8b2e64fa7784cf6d96511d7d662b9ab9ab8f1ce8843e14f2a46dee,56a3a1f7d2767a4b063af2df1c2684a7ef5b189914467e3fbd67d5c708f5fa50,1959,60+
P1235,A***,G***,19,F,d13085ca52712590b3437cb9b76ab97c4031c9464591d91e83d8e423c7ffbe94,1b91e98dd37119ec8ba511be085591047c6dee469bf99821248f43ea2f901ec8,7431d8c5ec9086491d4c6dde95912560d81db4a29179e6a3b6f22fc3191c6915,2007,18-30
P1236,M***,S***,20,F,cc359d2cb05dd660f91e2ee2bc0f56e2e51f6cc61eed8026161c60abc29b5a87,c8c0eac6c4a8422887f8e95528a81c1bd7b1247415e70e72c11298b9adb647c1,97a07d14f7251978c9658de655d5acaa329f0faa5f95fe40f5def9027b9237e3,2006,18-30
P1237,I***,K***,71,F,4c9eec96d628fc179bc159b091c4ea49cb3432d8f5854d5b21f728f3e3681e80,7aa88cf3be2c42d2ef0f2f519ca5eb911c5b9ad356bd21472e73352b2ad4aad1,37c746bde72bdcebb2a692a20250e6ca16f5bc6e1e992a91b1789721ab350fd8,1955,60+
P1238,I***,M***,52,M,bb4d5c7b1d531462267f3cafccb0c1234d8eb5d8b16f3f34d75de2be96e10e46,0aa357f0caa5ff6a594e746be01e9b5df24c2d1c738fb0598f39373e9333c06b,145e202ea13e3460c83f1117868b330c115553137ab7834bfa075cc6bd433d16,1974,46-60
P1239,A***,S***,33,F,eea659e0b67f36e043eac5af12a1ffd770ffa4eebdc0f105fc4bd3ca3deb6179,6217c038d8d3cbfe4dc0ae75e32257f6af491fc1a2ca175ab5134666ef5f8429,06f987f44cbf3f32553ace0d6b3c0da02b6c0b1a7f4c29aa4117f4cb5fa78d67,1993,31-45
P1240,A***,G***,40,M,81fd5c6ac233070be98aaec7d0e26298b93e89163eb9d3438b10b3b81c48b65b,19a3dd2d641a844d27967f6037d841abff3127030bf5614e7e638cdb8dfb5806,be556f1974d720dd746c11731e910183fa73c9b88db52a41e3c3b1ded3d53ddc,1986,31-45
P1241,A***,C***,39,F,2e99e389d0d6daeaabee838008a1a1831476e85d7af4c0effa81877c899d76fa,2f61c13273048d899131f83083b6d3945b25be3e7953d329e22e2d6a332d73c2,537b9ca73c5c1ed08b8f741fbf2b57d19f82c7045def5ff7af4243f9743d0c69,1987,31-45
P1242,I***,N***,82,M,cbfc9c7bfd3d176eadf59dba7a4e4df503fbb5cdb1c7f65fd34657825170504a,14e052f27a780352d4acdcdf9be03329230ba0da0434f6b344774c6fc1b8f155,b1fe43a5274c6395cf781ac0ccc73c73dd3abf5fb9c0b118ba8eee3dba5a0e13,1944,60+
P1243,A***,C***,1,M,30f6a91df4af7d27170eeafb8a9dca162288519176f1d9707786dcb34148af58,bebc7ccfdc7fd8ec349603fdbeae5b4a0eecfa0bda0036c271caeab61328141a,d5e719c98374812a51ace5353b029bf5e54021233009185962f8e7b1869b6083,2025,Under 18
P1244,S***,S***,11,F,d013e9adfaee929f355ea83b2ecabaf1dcc274c66dd28647d595452da500e4ec,93b26f8d9141147a9216b5a2051833c20d89b52356d1991b4aef4a9eef5afa3b,23cec1e0666e70d9b683d80638528b69e8464a3543bf05dd0657ce3515385781,2015,Under 18
P1245,A***,C***,57,F,e310bc6525a92e9bc8e07b9dc25e3afe0d58ef394337ec375ef087552961c2c0,4ec636dec549c486224af67d638e94b1c43a9de1566699fe0f37590bc6689190,d2ea086310f954cefe0b3d12b57269f39b34ecad6d21248c04e2fe2e34b22a56,1969,46-60
P1246,I***,I***,89,F,a3df635aa645dc1a70003b83cc85b4d50537cefc5e9d2c222d2bf3c217fd4ce8,8aaafdc152c634359aa38843d5432c0909bb438355215bea23f64f9980ca368e,e62ac781b29c0d047e2c20164c2a45d90bc32b3d5c59b09f6701405302037875,1937,60+
P1247,A***,A***,50,F,413394f484e3036170af2e40717fc72171788b17c0aa094aa264ff9f8dcf04b6,e23cd04b0629db7f65474a5ac37c0537470729704e0d4f62c1afc7dccda84a18,9687aeb2a95220f4f24cb8f60fc28aaf45151a46c3d2d763927b49d11f711040,1976,46-60
P1248,S***,G***,23,M,76ac8ef0b90ed9622bce85f335e3c871487758e7d185faec299eaa58e3fa0dab,47b0560d092f7b827e4b2c7ce73f8a48363e296856efe104638cf5b28c24a27a,3b2aedb91807e6de2ef7530622af909cdad100f2c2511ef78664a4c8ffd65c95,2003,18-30
P1249,K***,P***,31,F,2b38a2d9fb2b6ee2e791d454b6c215030b4944495e399ebc1474c67d1f93ecc9,7d1bbe20decec9caa838c97a6835418717df63ef34e1dfab2c38db4e682da3e2,f3cd38fc4a4ae710b8d15ca3f82f62e68c9a6891444d078e3b56be34690691a6,1995,31-45
P1250,A***,S***,42,F,f896bee89e261f72c52a5380cceb51f4ee36b1cb97205a44021cd5dc740d05fb,8390dfaccd4bcc855f0b2492a19ed032910825c5f295052c432895966fb0ee10,e698af424409e7ebd12b56722f1ed5ef779c35c2a650f05b75521b3729c1eb2e,1984,31-45
P1251,A***,P***,7,F,11e3b381010052002d2e242d7fff45bf7a4df2fdccf6f299118d26f28a0ffb2d,f51d345a4e79942cfdf0e33ce039718e4dc2bbfb56bfe4b7c93a32b74e6789db,7eae328818ce13b06231c82be1dcc66547281b0aba814e468b7b63ff59d0abeb,2019,Under 18
P1252,A***,A***,16,M,0747169c648db9626613f37d43a639701da9c28c3207e403b877c2f8e4628cdb,095be8d436b69a101e287cdca5cf5c90b7f68aa3eb321ef6eb8c53cda7a21e57,2b476d30d910ca191f12a555f4f5b2a52ed11cd3e320c8c1bdc086efe3bf1f8c,2010,Under 18
P1253,A***,M***,60,M,922ca36643fe7ce5ca7dbd88c3bcad36848abe1481817411cc2574477f41798d,e89763bab93c32c019389ad1ac0f5f690c9648bd3f25a5206a12f8b760400731,ebe1955a59dbd948e4bcbc1fe60cd4343025cb271efb25263ff75df7deba455f,1966,46-60
P1254,M***,K***,2,F,e8e6f2da59ff2d5dd92df7f5fedd52942eb43782073492999775eef8d0059522,bf23fa242bc2394fce6d41c5455499166efeb0d4b7189b8cbed917fce9ee1d97,6bf5b064646664fded325fa4302f55b67dcc3749628dbf38a1417bd697f31fee,2024,Under 18
P1255,A***,C***,1,M,a3c07f79ce58b3e2dc41b3d6c88351d8e9a14d50719c9bbc09977ce73d4bf780,7055c82c6e6f412fc06bf6823a21d8fac41f20f77de6e88d2d1298066483854a,290d7aeab0e5181928978f31c69fd58ff8ba21f7da199fcec0291e1250ad26d7,2025,Under 18
P1256,K***,M***,48,F,469a57b6d78cd8626441e189a285c785c9146037ddd5c37e38e7776350f853ea,e3508f1785b3704737d7e5795c1072dc9ca53c96910bac571b3f2b4687f309fa,73adaedf8a8aa12444f5692c5ee00936942242df6f398b5121da8cbbfdfa21a3,1978,46-60
P1257,I***,B***,12,M,cb6423b25d4efc0e4eb1fd4f2afa0d44565d398b1cf9532e42abdb65614df38c,efd2cbff5ef907bb63d87f17fb10e067a30162096b8fd1a61dea466220ae470b,6bf4a4b948bed90b53d73a26b4c83d31f2a0de7e2bf2f6f2cb7c3c55f8095f6c,2014,Under 18
P1258,D***,P***,69,M,a06cfebcea62c93f3d9376f75c971de311908482cd1ab50273939cf8e9b0bc38,369e106ce52bfebea2fd10a3bb0fd90be96efdcd0e29d1643a8544d25af1eb03,1188b96c4d5dcf3e10ab0ef0897845f1de2541389a5404eb482862ee4334a7b1,1957,60+
P1259,R***,P***,37,M,296c5f04100d2ed17858e74bf78aae590013b095a270948579c77e433664340e,3ca597ce43887edbf5279ea046be04515ae5c02712d487e0fea9c29e97772838,7a40019deec0f4121788fe82fcb1c2474312b24ff87fa538c6ef7e1b41426e69,1989,31-45
P1260,A***,M***,32,M,f066a09deeb90e7c2bb301a18f5d4025914fb667a0c15b9a8f22e524f578af19,08aed0b34f229dce75d3fab7dc0900ace3fc122b6c23bde069502ff6d790095e,4cc7085ecdfd06351c1a7d00f78afbbe0a9309e0b6e87f01ba0cdedfce529bb6,1994,31-45
P1261,S***,N***,9,F,f85379a46d413eb8589b9cfa66cdc09cfce1e1c81b10780431df839cfd3aec9a,e73498d45719a7c6a82e155e8a8559b5a6b628d6b0aadd5ab13829fc59bd83de,6a294fd182cabce57177b0a5be7089635d8a2b98799947a4d7d03a9a3c043fbf,2017,Under 18
P1262,V***,G***,19,F,6b213230408ba91bb1acd6fbc2c8bed8ad4de85c6357d54d6fb58e159e0484cc,c3bf1182492338fcfa4638c90d4ee814b5c251e3e62480266645575340450051,60587d195ab11b58752febaa4fc8e053c3cf364adba34f0e2098a2107b11ed93,2007,18-30
P1263,R***,D***,48,F,c962f7c2eb120080c621c9a12d1b198ddd1e56cdfbc6e84d5dde1ff541b2b922,6daceec428bf90ec172b72794a4164f190deddb1a7d11784916eab2a1bd3864f,cc435e6f22a8ec251e6ca114de70defadf49ef21a26cf1da5bc3ae6ccf1fd815,1978,46-60
P1264,A***,G***,80,M,5d91e500c1b5ac737cc67714d773192d779598125a3bba69a1a0281a3863b026,29300e3e2466de1d837879d008469a447dbb4b3d765bf02942fdb5e7bc84a59a,d673f0568a4a4bef26dd166968d7248f0a673d29272af18363b689648e1bfd48,1946,60+
P1265,A***,N***,3,F,e3e86a7ad4cab0199b4b9250b508aa8388ec6664a609d84cd48fba398568c37c,cd4024e2f5e7a98ac829954514ffe73e714e8fc26e2c642c8d46494cf02d20b3,31f71bed8159de538f268f90ecc641d50dc4fcf85b6e413ddc2949ce281f12d2,2023,Under 18
P1266,A***,K***,20,F,e560a96297b00f63834e8b4e01a7a368f559ce864fb5f0421f2002a64b80343a,3845559ba8087f4f74b0fbcad3d47e112a2b8c6d412264656961f4ef464cf99e,f9a129e822576d0bd0a09568e80bc65591908637e80ffef1e876f08022a7c8d3,2006,18-30
P1267,S***,K***,24,F,966302b3046373599a1529dc9df499f952aeaf782e6bd860e0470515438956be,a889d65213ef1f5064042ce9863a27d8d1b3eb8e6bcfeeff991fb7a5d7412814,2ec0d1cfd8e936a2ff6a5dc9e05166a72cc701ee3df2ef2c07382f7a0247b831,2002,18-30
P1268,K***,K***,54,M,6f8cb7b2714f4a60c3a1e276828700c38183b63f254d5682b83ef0dae15accc9,646ac7b4aadaea585a99b8110cd2358c3d32e265f549d77b12fe28bc703c51ea,701b03981e3010ee536c5e2aca97b122fc60a86eb25473e2ddc3c363cbd0839b,1972,46-60
P1269,A***,V***,33,M,f763dec38e59460fb17502d9df016261353a495c99e7d607f41ad1e598d95699,056225df30ad9fac203d8de2b5b367cab3174928be002b86c1150d7af7a3c738,c441ac30046e3f56e051ea38bb8e39b3843faade5e479f56a6b21002204bccd2,1993,31-45
P1270,R***,N***,24,M,bb5b5c6e0356137e0a2a462922c5c07c0adcfaf8eb5e7055a9b034288b09106f,28cc39cd263a1abd26fa5e16d54ed66b310539933fd0aee067c773da94acafca,a2de730a1d24a5236389a797b669994dbca5608b383e8250641cb67046f6bfc6,2002,18-30
P1271,M***,P***,75,F,76fa06a53f43e7023cc8a3c15233d1dec2b6a7cd68daa3ad308028925b2053ac,2ac98625f6840756dab28e6adb044de4eecd736e589e89a624cca6025f9f35c1,50b538af575a5d78367b3393ab5d4bc701d4a24c69b605f1956eaadcb9c221b9,1951,60+
P1272,S***,C***,72,F,bc4715dc69d429a8afb45d2fafe94e3d08925502a1b17f7f1d98e6acbd132fe2,deaf8b2a7ae899e0b465346f80c4bbc48e8dcaf1b372ffe2ec9ba97624d48e04,4fa04e819d4cf04c4d2de470e506f794b30a65678859502cd746dc62bc6c41c4,1954,60+
P1273,K***,B***,36,F,0c51c2232f9f5e2a669c2d6ce748609dbb93aaf6b7888ecd8d370f07867d1566,95958b3aca0897b1d80a374c9debcebab50f3c3d3fa12cec36648c8d6dad7a9b,76886e4b43911c83529d4a0148fd3793351a1d7cfbc498995dc69d3841e95402,1990,31-45
P1274,S***,G***,38,M,871e82e5e72cfb76d03ffda2938224fa47a66fdba5e017c3cbd1c0ac76563fb4,745e22ff16232aa0a54988d2a4dee801dcb96ba6d8f5fcb986015350ae01679d,57606b4188bdba249382891a050d1b54b10dd815623adda105619e801a0e96d0,1988,31-45
P1275,A***,I***,84,M,7970333938bdca85a9d42a6fd9f82b04328efc7bef2f621f042eebbe5c496920,e951841a7a2de88e47ec4362dbfa534c5e1ade2525f17ff46b30126446e52c9a,d8529937fdf3e872afd4509178d8aecb11e6d8e04e6626decc58140ee190010a,1942,60+
P1276,K***,M***,89,F,a764a4aca01a20d500f7e25441de7ed142062cec244f4dbeb5d0a2cf2370f01d,4907b9c356f2d8b8cf0e3d3522b3c466f5b1467c07be32d8cc3c700298e57d73,03930cbb79a7d68d574e54b49d6ced3d6c5568a946640d0ecfea65887b52152e,1937,60+
P1277,S***,M***,25,M,807c39a831ce76d9b012e66de864643440036835513c26b6fb8c4519531a5553,57b2bab4814e0a2feedd60e7e45cd04b0bec90727d7b6c7003c05f3be6f4c6e9,ea0d96b4ef06cae1eaca995e12637c659529f356e4ce19c8a0f48bded28c7970,2001,18-30
P1278,A***,N***,18,M,58b5134beb4a5f7444b59bbf3636d8d34702dd010537bc433b539a1ec419e19f,9e52b422bd2c9f9c578a6ec488823044b2d66d7513b6132d87cf964f868436ea,a51fda5653d7596873427e5cb50c2d82740c013e53cc55b5f94c7068c3a47a7d,2008,18-30
P1279,I***,R***,82,M,0240bc48a34528198f65d8c8f5a089924ee0750949a6daeffcd70050cff488e4,4a3c472360d141d6ac8ca9723d8ea326dd7a14e7d9ad0105a2cddede440cbe63,364707cd3b9fa1879601e21d9c732d0edfd792fb15bd36eacd3b6b850caddc78,1944,60+
P1280,A***,P***,66,M,313718fe8c90b5aac5f7560f9b7cfd99c9e88c4f0d0836052239e948b5e7254b,80da7d84aad9f0737631baa4d505278f699272d169a9eb3bd80c9373dcf064fa,11125653fdaf79604dc29dc0d021045129e8fc23e8fab26e92adcdde855a07aa,1960,60+
P1281,K***,J***,54,F,df15a53d77a6f2704be8c20c9b7bee8d23fce39217c935b28c9dc12407d12e0d,8f76d9372e238d076c902a817813fa934f7edfeffa9dab21d04e4b1a559b014e,f5958588a9f010545e79eb7987a0bdbce1416e14222c0fb8450145bc68e43a2b,1972,46-60
P1282,K***,C***,35,M,5407487e259d9febe310a350b2cfb4d9f9dc34e240d90b8bbf4e716127f68545,6355dc80274dcc9ee2ae3171a83dc0e7793ba31c2809297e66e8baf5a974f6ea,c1e1cedb186b67ba40106bae5011fa5893fd054e5ab37de594f8274134402160,1991,31-45
P1283,S***,M***,80,M,d979ef5d1da731e26ce327d644ab5c2b66a17940eccb35b74106747395b05066,a03d437cd3628c643b7342fb0e147b7803d38d61b4fc043738c65550a69bea0a,0a7454cd3d6b3ccd9d426212a82beffde89edbd362dff1856d82cc7b8ba607f4,1946,60+
P1284,V***,M***,61,M,7b84ed46a9f5ed6ffdee289f607ddf0ec83be4f19fff9f9f245224e203590846,b38359c5e2206a6d9a330e42948d0b7e87a7b9f93917cde2ab0b4a483ed8b10d,9b60ba423f7112e18676ef6dd45fb24499f9d6e02882beaa9a7fb82c9a7d11ae,1965,60+
P1285,R***,A***,41,M,0ae943147d4a6f297dd9c74ce68a1aeac97a6eeb6e6794159ea16665fc1e2a6c,680e8624bf324793ac6a4a3e5cd103c6c3f299859fffd521dde0c3d4cac1ea1c,cf3c1f61769f9049425742d24a83eac29b1f566f1f6b452d002c289ca511955d,1985,31-45
P1286,A***,M***,33,F,2a4c40cb84c04c8e6fe85c95fbbf754ce45387db25afe39c5b12c603cbda5bf0,7ab5f5baa7df2e77e05ff44fe5229a27c836f6c7e7784d1238fc034cb95353be,d7b0db806d5e89b3a945963b611f1b3f746ab6eb28933a94122de19a955aa199,1993,31-45
P1287,I***,K***,68,F,c6861293a290aca21562d2bc60d62aede6f9b6300f5cf6d64ea6ae8f8e811425,3cc6e94be98fd19809505667a4ffc86b7546d38a9b1fd7ad0f4aa129875f2493,27e31eabda63889bfd9af0c50cdfd5e1ee579e3925cc690a2705b505980be185,1958,60+
P1288,R***,K***,33,M,4688c74d9c27b7fac4b956d59a6a502c0161f169ffcecb195b792ebc16157b67,65b9a5512d2b796149923fc868af93e5e05fde55cbc96a64904ebd94acfd66e8,c3a1cf337786e84c795b35c72a5622d0fc8942e8af992e017ca7420d0c4b2b99,1993,31-45
P1289,R***,R***,14,M,f5e761effcd8887d4bc84f210e4e077abcadde2fdec2724d241825501c417cf3,7aef20ac8ec951ca3708cc7f836f1262d342a61dbd3751e7e9192ef762e1ec5a,9a0bf88522cb62eb47bbb4ec5834a814aed2ee4506d6bb676b40621fd461b16f,2012,Under 18
P1290,A***,M***,21,M,b75ce0ab518a813196e0b3d2aa981dd84e41ac17f27cecbdbe33cf06e21f29b4,6efaef520ca20badad9c0667eb75bbd43a0bae63d3856bcaf31004059c53cb4c,bbfc4e01931ac42f7fb7d4cb8ecc63b9788e48c02749ce964ee4a7223d8084f0,2005,18-30
P1291,A***,V***,48,M,5f4a69f5de82b0466c28f9129c6ea872978427408e7722e7b8e38df75d7ee092,25225024b2ec7b5307f6ec51c1fd36ae0b7c2055e77e40cfac92be83382d1400,18d01882029e9d64af7e11fe5b75f23f1b447df22fd92c5bcd10e4fb6a2c134e,1978,46-60
P1292,M***,G***,20,M,35a8cc004f2b612b443d88beac896ee0008cdb577efe0dc0ec68ba1fe4ba092c,6aa12d9eb1dced15bcbc42ed662eac0e9a609397c2b098b102e4ea271f3580eb,380f277f11cc452517779035c7cf79b7d4d1f3356a013cb667c010c2c50f1539,2006,18-30
P1293,A***,R***,8,M,8645121557c26e408a3ca056fcb9aa0da958951a8344a4c9c726eac45eeb6c6a,1efe10fe5101f663960be2e1e2a1418c3f559cb45c1cb452a842cb843d019b90,36635851b13e05088b25df185938d0d4e2fd6aa518b0793372926882eabcecdc,2018,Under 18
P1294,I***,N***,7,F,a2429ee632eb056c9c16ecf2e1635bf9ca411dd9dbe34a5cfa0e8d64f2911354,5b045169d7393af94ccd5b5d0cf526dd3c349d890a045bc074ff24dac101c382,9eb29695611f9b24b841db5e79386d999a01ce34bd74a8a724b8de6beddbc9ae,2019,Under 18
P1295,M***,A***,67,M,41eb31528dc7766ad7ab061caa0bfbfbc605376cb148111b30dbb8adcf9b62fd,c982a3767299e5966f25984afd526207ed8aac81b9fb4dc334ca27850c80e079,4d2651dc881b6846ee582e6613f885a89da5f63aa39a7db12633e371a3d9c3c1,1959,60+
P1296,A***,J***,17,F,2b419e607705017c12ce077d9ee821af8941412b532ffd6502b9925cbcba2ba7,4928c27e7b1a70e0a44049411fe36d0670456c264da349d73420de095d10a65a,f0ad2706b41ac0ff190d04645825f744d422913167631c0c73b2eba92d118a58,2009,Under 18
P1297,A***,K***,33,F,422b4f4f4dd7b4dfd777384b2f2c30de9974f7ee5f134bb921164f52bc5ca407,e4ae4841ba40d48c3c2066d8308a2d333fefecdad97fc990cde8addb9092db51,7b9064d016c85be87b4ea7dbdff8df3bb048780c02541baa65c4eae2e92db8fe,1993,31-45
P1298,A***,K***,48,M,cc29f66a796006acbe3004985cf7327c19e3677d0e0b6b7ce81d7d84cf8ee4fd,e3198eec21234bf58cb0f020d224a093d1fa9f465ee14ffd360a9c80143f1dc0,add877dd7f807b8fe8a88e07a1b0ad400393171c71d9b20b741561b6e2d1d9f1,1978,46-60
P1299,A***,M***,76,F,9f70f0ed5ec6f36967bf7487bfba778303111646f04942d8c2fb2c12d8c7acf3,8d55701ac171c0161ade091f921142aa8593ef8d9c882fb020783f87fe8014d7,d4608c0cf7022e7a155a20656e0f45ba4567052bc9b0df83ef2e80903600ec8d,1950,60+
P1300,V***,A***,59,F,aac2f3cbe91f1b5a8a9b58455f5b8a48f57e354e5b21ce8c423695288ade6e6b,188468366f21a5c79c939ae773ee3b808d6a0d53cf5fbd124719b1003c11450f,aa698dda054bfa3ab050d773eb84c2b922139dd2d9e5ab31556e2e9c39616bef,1967,46-60
P1301,R***,P***,86,F,591347081b54c9f237939a3a5dacc24a103d5a5e8ef5249089c7fa141ddc5bda,a057697f19f3999a191c48beb949d925ed550a6efa2214b31c967d0d585d1dc3,db84630eb845fc38990a0461f230822fe1c10f180dc5c337f50ec27a58752e93,1940,60+
P1302,A***,K***,22,F,e3d8e2d37bd006f4f6aca56fd96319ddc7e5ccf02ad206b66882231e1e793658,03dd877c6cf4e6b0be97d20ec8fb23d40235c73b5590bc2d92aa78799e91dfa4,56bd21cfdb700c354fe05e28cb89b7ec5f35bd3d01cbf457c158289eee6e1c6d,2004,18-30
P1303,I***,N***,30,F,ded5daa1e2738b65c892257d789f478871a01814c19b96f493e1e06330732ae8,99c6ab48ccde71ecf7d6ec4e2d8f1db05b9dcf1bbbf5645010d0a7f54f7b1d60,493cdf3f37efd1af2c569d151bf44417a82d75a2ef24230fe7fc94d5e7ab7acb,1996,18-30
P1304,M***,K***,38,F,5287c76c61f1951379b8dcf7180f37e3f2eaca73f4c2df62c6e56aad9aaaba06,829017efc035559b3be04ae33405ed7656b51fa86e763cfcd990984b35427153,53700c99d22c22a0059a4e9e7dfe610a429d492c345e4b8cdafb85be572a2b81,1988,31-45
P1305,S***,K***,51,M,100c0ba96cfcfccb3f7d2598675d3699cbcfd49df192cf03c8cc9488194dc5c6,0241dd904ddc2bd35a4e6ec71de95b5b6f4260c31a243e4449f61430bf8ee19a,04c4fcb9d83c22c845374a41823fbcf5ff5f64b8316cfed2fec96e062b3f4156,1975,46-60
P1306,S***,V***,54,F,f472f8efbe4eef13396ee5d82240d814abf37f7df85e825a893069d0bec35b57,88398c13adc7932d78b8a5bed43a0edd26ca4f621283b8209196d789a20a8e61,378dff66b49ce6a81c3117cffc81ee8645ab09ad3d51ee68fc5294325dd6d471,1972,46-60
P1307,A***,I***,8,F,906eef04e9018464fbe1c75a5d2a017640673b862a643965b4bb576089236884,e66e37167ffcd8dd8b5607f732d4eda0fb9690e9293bd30e30c29f6c663446e8,ec19b9652650aad8ca3a88e95b60774f440a6452960aa0a38841a4e7a554cf18,2018,Under 18
P1308,S***,M***,27,F,77f5b4a6988a88f83a76bc74e26ddbb243e6ce34f8e16365a93ba445eb5b56b5,25c676aa8b50e29674af686df058a1ceb538d0ebf9dcc81b352373af4cb42b28,70ba0355def33555a889825fed8d1115143e28a169cf889f50af5ede49ac7ce2,1999,18-30
P1309,A***,A***,27,M,ff38d619de6b8dacc89bd04f1a39332f1defbe00a0fc9de220d3e905e1800b01,bf1d1355c782771a5adbf0ae3ea5e3c11101d089c0b4fafaf88383af1f345919,cb3e77c36e9068c76540c7a5718755d1778872f7966f66758b2b74af141b1f1a,1999,18-30
P1310,A***,S***,21,F,6c3f90e5bf20b260d370c0ad1dbc7ed6430572d7b6f59871ebb8002027d34db8,6333a7154bd910b58d9356502de2ed0f9c3e94011daa7918c3c88385e49480e2,66acabee5a888599eb9a0079b5bb0a93b0fc0e7f965c16162b7ae1cce7d3009b,2005,18-30
P1311,A***,J***,30,M,6700a9c904dc8782a906dbe56f844cfc39650b78e712091ba61c6e836cabb817,7aa00432d8caa3dea034dd3afe7505480d4969f2767ad8429158dc0ad6a772b9,16244c55d0e8f7aa59c875dd8c0a39e25f123bdd82d615bb2cf48154fa293b4f,1996,18-30
P1312,S***,V***,28,F,f342cecbe65e521ea28c3e78c4e83a9d88c62d8e6dfeb182c88d9d2b7a79ed22,eed4147a8b11a59a7da54e767b5c9708b0e40361272551634ac77de6ee10a944,6583235bc20446bf9f8d62d4b9c00e65a10280f0d276fe3fb791bc68d05559f6,1998,18-30
P1313,A***,N***,64,M,66e44a823cbbd023d1388cde0495ce15169263c7c18aa66c20ec454ecfeaf875,87b46640f5e12b04e4d21418cbc518ee570e4bfcdd68af34eb3eedb68baf3d3e,eb7d7f92a4da3fd7c5cc9edb9e0d82a7066db9a2a1ac9247097b4f962af23a99,1962,60+
P1314,A***,J***,69,M,763472fb75fedabc84a9d05dedf311e10bf701d4fb0a11ac83a853a3b9e93f69,0bb9e9f5ef780c9a5120a2ab478e4e2a5de3ecf5a4e4d0ffe5fc5c7ff05ebc11,5fcbd012804c8a908991115cfe20c1fee65ef1ebfb81b82fda2967f4a9c4cf3e,1957,60+
P1315,K***,A***,61,F,fb5980723091bf3a1b7a9323839f3aa6c2797e1a949c143cb40299e308bc7ef5,772bd415f9866c64c1e531c9a22b884ea4b4f07f8d627085a4947a3c90fd9903,d904ab55d34fc69e09cc3ef71911d6e18e1fc85f500cb874177b8c871a046609,1965,60+
P1316,A***,K***,48,F,dbd72b632837128840bdc2afcabdc2fde56a8903924657fe2a03af8e33662995,94d27373b9a254816e97cd364bc3fbb0d5502b6fdd3434b9327a64887b39e79e,8f070a63a93790b725d646a02ee1387ad1adfe93c99055d3720cb4aa97593aaa,1978,46-60
P1317,A***,C***,19,M,59543f68bd4d7bb15cb85d268b5ce9e5f838a76643a77ce77aaedbe9c8d3dcb9,1d1a1c424f24c5a0ef73c362fdded01e3adb4a0bec115ffa01fd619b25903284,5faaf9a86ceee5a16301647b6bf75108170148b719be298faca91e2c148e402c,2007,18-30
P1318,S***,G***,4,F,339e8c6b209eb3f2c326877ec8adfdd15a55fac4355f788b6ae2e3db215f4a1d,e0874804ba7ca9cf41675cc7a95a301eb2e6319b4f036109c9ac028a086b8be3,7c88cc6580138aa3089b0bd43890e0d39a6fda59c78dbb6788863d153d8bc639,2022,Under 18
P1319,K***,C***,35,M,d2cd740e16a4afd259f313deefd201c160fe019810bb938cafe80a7973c16b7d,b4eca53232664bfd4167c284818834974952c52c882f6f5c9e0080dd78cf5725,d4346fa65d4f7af356a9b6049c57d22a3da93358b79bf3d459b0f924a4282f55,1991,31-45
P1320,A***,G***,64,M,0a34cc19dc4ef82388defe6202084adc0ae7e2f5f59d0c003ba5982621a1df2a,97aa876a635a7e9c853d1795c3c66a10cb3cc679e2dd34b940b66d6ded14e817,93181649b75e8c9ec2da708648de706c2637b723f52cdaec9bb198e4e00ecb3e,1962,60+
P1321,A***,K***,49,M,256d14f12221c6ff83d48d913b8dec4fd3059680af521670f1ac015c1c4ce882,aa40e76f8546d5f8ec72daea2248673131f6fa232eb42f2d57c3c13e6776067d,35ccf1642b8c84cf6489c62f3d2f6107de6165a14b26a80b315e91cd3e0162b7,1977,46-60
P1322,K***,I***,17,M,389571024577897bace1d2667f8f307f3883ffe5d6b6392c99d411a416abb455,470bcd366f459da29b90e4aeeb8ed50c584a721132afac713714dea03a8e74e1,92faff71bcd1ec4b317dc2a347b1bcdf5ae6ec3529226df0406b91c97ff10be6,2009,Under 18
P1323,S***,V***,44,M,0ff7c352d0407c865dc2282c53049ddb2262abce763ba626a9c6637ed5274b9a,641e02a583f90239604ef8d945b52b21371f1e64a4c1251ba53f794543cef2a0,b4e55490c5fad55bf31c7bb320ad3fff3bf3fe6b59bb581216683699bece14fb,1982,31-45
P1324,S***,N***,30,F,f73be25ea8d53870e4035ec43ce38d22e34e77f393daacb94e78bee36fc37403,bc9e3aacdca167676d8cc5d94d5fc9ff66619633d63848cca785dc55b423e609,e31cf5c9ea6bf0861ee1a3c78fe349f8cecb33d8fe17c71c972e15e3929d93b8,1996,18-30
P1325,A***,B***,46,M,b682e3361bcf11574436136a52d3637e3646bc27e134b315f5d08d059326cd0c,52419d8968b0cb5d0f375e7551dcff02bfc3b99492d48728feae0ce85673ba95,a962d45cc01af0659cbf00928a59efed4e7c9474b667ebf23e7c51649e0aca72,1980,46-60
P1326,A***,K***,6,M,d154fcab9be24d6b7b8f4bb0000a7048817d760cab9993d212f19dbfa1c907c2,b6658e3617642c6de15dc949c7eee7ad91881587bb8d1519ba7a9dca977cae36,3b468007af0e49890d0d7c440e45d4338398c395c68b3626122ee527be1040df,2020,Under 18
P1327,A***,J***,37,F,558d40b8ca2f30c5e7956b6d886266d90ec8a946ca58629f399fe2f7ef7fa867,ed64d33d5ac506e4116d1f7f51c1920a52f81135c9d12e6ae55968e1e9b7823e,cb91a17c2b216dbe76e73f5e4b63898a2ea0571507873b74948bc65647260d10,1989,31-45
P1328,A***,D***,24,M,8d0c0bfe6053012a2bcd89d8ccafb01033b8024be379e2faee5cbd7c88e97302,06b5f7350edf3001a704eb47a42a00c6bb35224760daf3c3aed9adb61ca76f35,f913f5ad47cd137140adff99bbb77e5a9969bd84086b8eb3bb5c88e00bc8292d,2002,18-30
P1329,A***,S***,46,F,a15cb9720a8a87fa24cdb81568d1c8ac1d4287235622a0c31b9eff0f2c62ba36,d4c8a7f70089f6d42a5ed090b6fd69e95a5455f5ac1eac632ed508c37cf57c2b,591b7814dbc4ab788f80cf8c7623cabe644676337c799d034e1999e3be301bf5,1980,46-60
P1330,M***,A***,53,F,581b908cc1e6f09b26482d3eb81a749680fdac618058265f63c3bd8ccc86217f,a9f9580a14fad2620b141bee0d7cc678ec30261c9f26917ee2299e1253f78072,986c2e7be45ecfde6f52867f961096447a42101549d74543cdf7ae7f5c693da7,1973,46-60
P1331,A***,N***,60,F,ca1d26ef548c8fd4f82271568e394af5b6ea2bfb2ff52ea276f479be5ec543b0,d7c13424b757bcbdcfc3b270f01dbbd6867906dddff26fc36b11aeeabb8f94b4,aef1396d4b318466c4b71252b26c0ca0d4ce44377abe63eaf3e5843623dfda9b,1966,46-60
P1332,K***,J***,63,M,680ad694e442449efec19ed66897000961fae0d7a4fe5f873956b0a2c5f3abe6,ef18a5217cc600c94add5016458a589bd8bbad674ab91b2deecc10246f21523c,b7fde5f4c028258dd073dd57e76ab04aafca9f7e50b3345f07c28424d4219fa7,1963,60+
P1333,K***,S***,85,M,5777a9e518aa1e12a6b531725678a9f459e9929608fefa9694250422872f45fa,be6afa804585bcdc8e5d61332516502260bc2f70dfce32bdde3e0b05f9dd678a,6febc16a5ee6dd02c31a2caf63475d475fa6c16989d226622477b99eeeca26cd,1941,60+
P1334,M***,I***,32,M,b033d51b938295a6f5822884c817feb5423cd9841e12405ee1d2c724a5c220dd,2402ab74a15f37a7b9dedbc5ed60f92d3e7fc0bf98293dab520261fed5ef4d53,7e2d632f8aaaa2f77cfbcf689b2a476123dce70d0f6dd0aef7d3fe97feb7e40b,1994,31-45
P1335,A***,P***,87,F,69411e94626f912151b48623c6a3f0fbca0876e2f2d2c5949b7533920824ed7e,e51088c2c9fc2f224352e649a4ee7f8fcaead1d7e48e4be902a99f7accaf57d1,a0bab3709eac35c1e5762d783a2c38e018b1a08d372311be11417e42e5aea0e6,1939,60+
P1336,A***,I***,33,M,9ce8599e6818cb66f08e91573fc69e1a928745606365776e44671f977f13f2ab,27b1ee8284db0c6a2a18df5361ffa04312d26372a8e889b411283681b9e8c236,78422bc50ba628293b3b2b23cb597012e1376477b0891d8b0157a9a4cdcd66e6,1993,31-45
P1337,V***,C***,67,F,06759b6ae966d7d7e6a6d1d675a6cc8c930cee56b2ff6e8322083667d2337b6c,349f975df0455e459b5f8724be9a6dc5cb0867a07f9ff5e171bd41bc53c825eb,b3a40ccb4a01cf53128281865994ddb42e3d0f7cb04b8b84c3f6ae841becc5ea,1959,60+
P1338,A***,N***,18,M,d0a514ef2a4f24b82dfb67f35a3cee43de73e11a8b52c8c98abb9d74edf352f7,969d9524d60c8dffddc26879b4f6a114fb23d0817e2b1b1c129fc7cabe287237,316983c2337177eee772860a3575361f0cc042c970c9f067351d85620388d61b,2008,18-30
P1339,S***,G***,25,F,5c38db6738839e7d1305dcd94338c8eebd33609ecc5e4ffb5efc0609c3132f55,2d35a1b75f3011b469feda155a121e2e925c2f1f2da0171632ed47d9f53065db,bca8e693a68eef07f39c154260e31f5364eda5262c2b25fb14d7d9fcd4971fc8,2001,18-30
P1340,A***,C***,54,M,789a2cf2ff098d68cec5a8745754ded3df42ac84c61ccb4e079ddabcd22de551,55aed6cf492faabe92587549b2e7239000555ce5948d1f49ab9bfc6966fa5d60,183870a41eeb339dfd5d0bed0d24dbd4a08e2375c81f0e41ba946c99c1ee7e3c,1972,46-60
P1341,R***,D***,58,M,b2295fbc589cc1b7a344759ef3a44081359d65c4dd7a68948c5c3da411b8dc58,986651d4e07b46d9370612a9e9bfc0a521a3ebc30efef70450805f5781d2de55,6d3004f67511b0f93663519d79634e9bec228ac02ed11db34d82ddc5bb734579,1968,46-60
P1342,R***,N***,67,M,61b963194f51def4b0f8ecf45438ba1ff2d0c745a75a9aceda6d739915615ee5,d7e3a31e16e5d64e6101757bb9db041284b3e171e7e0f2a4a4600d0e99ed8299,5104b92dc22f8554ef4ca0a45dbeec8451317e2359d130820e57ccb2b8705c6d,1959,60+
P1343,I***,D***,46,F,725b1ef15cd378be4f764a499d7ec0e5f42d65565631adae4a9784a84f741a23,7a1b8360cda627e2fd950ebf1f9ad350023f23e4c20be04abeb2fe4ae794ced6,6c6e3e3e8c999ceb1c123b41265f4767c95fd6f92b043dc1744fdf9f2efd9110,1980,46-60
P1344,A***,R***,24,F,2e2cee5c55b415fd6f94c0ea965af8937cf5f14b68b4bee49a8c0dedf73e5c16,cdf32e5c15397bcece9135399166d6b8ed3a069cb8510936c02d3ece5495ec8a,cea4cff7b298dde9b8c3427eb0fcb12879b3fa600fdba601205e947974d977f6,2002,18-30
P1345,A***,D***,32,M,ba26b7de8c41cfa4481148abced16de9a4d37ed1a9d0b4b321d5eebf19d06afc,8eb4ecceb044989ca87691796afdf4ed2919c525e65416dddd32338f228dc773,6e206d40b687b6857d815cc62d95ace7e8bb34491a57d35bd64caf6a16047dc7,1994,31-45
P1346,A***,M***,47,M,2dac769e2645a7fd692de95190c64d140a44a08a14d3c4f9ed7a1b22d33cfdd7,ba7a5b148fca1a73b162e6c43a8a4a6d2db73ea056c787675dc659e18b9529bc,186087d29cdff53d3551956b5f5e3220fa752ac22a7c5a4ec8839aee6c16c4a3,1979,46-60
P1347,A***,K***,86,F,225ff8e028efd13aa0e76929149d83d4b4c9e9f6d1f8e12d4650466a2663a713,3a3dd9396af6bcf57963fbb9ac3fd251d25644ad42bb363a1849d15977c8e98e,ee6dadeffc47014b105825f78321c266036ce33bb4ce028746ff282f8dee5125,1940,60+
P1348,S***,N***,23,F,f0a9261f03f07b21ed2344adc6dc904957fb722ee01f07f3103847dd1ffc22be,36d2a851b9af1496fe51221ea643520dcba38a3ee9591dd96c437ea086311a86,66d4cce946107eddb220819c58aab146baad0ebaf5d8dd061a3c78a91276b46e,2003,18-30
P1349,M***,N***,66,F,a1a8ad654cd3f74a5c6044ca63725584a502293652357456bee2155ee28773e2,92f6e0fe1b201a50152db2472244aac9a37982755c84d2f116951b7034125cc0,8b7a145aa288adede5d3c10a3619619fd25257ba21b2c8f16a23c8e88b488a02,1960,60+
P1350,D***,V***,27,M,05651925b3d5c4602b53793a42438582b6d2f5e3f32bd71f3c7351b337d52aa4,1076eb10796023b728ea6c0b8ccaed6fff913f9ea8f3f08a0c311a6d73847014,29cee88fd8137dff942b2366a05ec3a549551573c8b39dd453e83af9fde30117,1999,18-30
P1351,A***,K***,2,F,48ecc93dd1aa58197e1f34a9ee38c2fedf1e12dad66a1e69ff8edbc755575a53,f64c2cda6d9478e4768fe6503541d5207a3a79de44a80c21f3d6fe6af4e74283,7be9bcac1cffb5064e546e234b013717f961e11925cd236d44e0dd5edd1390b7,2024,Under 18
P1352,S***,G***,17,M,c712ea3f6fa5e1ca604a6cc7c45e72af481d30cf07793725c4336e35fe1249c9,44898987fc55175156770a7957ebdab36688ff695a67e26156c66f773dd44323,5dba3381996f602f6e4a52332272b0d82a86be5c98349fd25afd75c9dcb0f281,2009,Under 18
P1353,I***,K***,33,F,b2f79e596e03e8a8df8d73f63a8ce9b9ca184d3f01c98adcb1554d15eb7ba346,871c608c79e8225500b9dd9c7309197203d428e897da1e709ba216360a6d8a0f,3667f07429b3ba0e59bd961e0e2b96b953854c5a0a76b1b120d5da8681f4b40e,1993,31-45
P1354,I***,N***,9,M,9d7ef825de0a56d5d0c2715dfae7630302d452ab58de2113f78eef3b106dadc1,11ae5dc3ab679a947698fbe69631b31ee771412a730a835352cd137ddf5e2c1e,ee8a20b4db50cb16581f7b36b77c7e424652fa142199c900392bcbca5e1fa42a,2017,Under 18
P1355,I***,I***,43,F,b76576b692216b609e27e9015ebc10ed78b0dfa3bd971d669f08bacf0fb463ac,8c2d9063717c5a3ddc3a4734c94afba2d58d18b7aa6a2d578e2140da7b80a6e2,a5eebf4f5e3777dd51e6eff8e9761f2e51027ae6991d071723af35b47ac53bcd,1983,31-45
P1356,A***,R***,48,F,0a48fd55492a24b4186f0e1bbb0e0a2f50b4ebef74de96de2f0c84289265de9d,acec5a307cb7a6edb0843548b257acafc95474a57ad46316c0d91a443c09b171,85a4a5982a1ee8c611731af13567f8585c7daf56025d0f8953ed4f5c9fb2c47c,1978,46-60
P1357,A***,V***,39,F,b3eee53d09857a447ed09523812781239bae92fff6c52b5d487570b3f7e22835,615d0f5d1e145bedf2dd5bf390338540c0c48781055779cb1d2792a823aaba91,798acee3992f1aec38883f4d985657b404d47febfef64d7070f6635527519216,1987,31-45
P1358,I***,B***,42,F,f2c4049476c5dcda0ab18889013351d262534eb27369184a52fe4926e81406da,9e3bbf160ce833565ff8d7e7291d5e3dd5672ce10e8da8c9d0d9bb4a71289a32,064b1e24effccafcdd28f03d3138b672f81db894d39a190e36af9258a49cc152,1984,31-45
P1359,A***,C***,26,F,6a2bfc183f485f0811f929b80739363183d06dfa2daf1c99d8f980ee93ef9fe4,77a6e56f1aad292920977bbf7f3bcac749b3473223bda46b4463dda4910a3454,54a9c551fd7f26c78de6d0b66318a554acaf6edfcfa157d215a5d0a9bbf20371,2000,18-30
P1360,D***,V***,50,M,151297fbdf6cdc7d42d75e2c3744c74b07db61f38be182e27ddea3709269ad0e,45168c2738e36afec2679103c6937f45052eedd5da2a139c6ebc5853c4198fac,1f4e83bcf1e44b3a4844d23fd4666a818eaac7ec280399e4cb12179c99abd5f9,1976,46-60
P1361,A***,P***,25,F,c6ea57225fa1c9ce7f430edd5ebabe6d6378efee75c902c0ad2bb1a3d172aeaf,73437a408ecfe8ec2cf8368033884e79c4f534c7ceef9df1849eb44f79fb5830,ae5515f21e5d0d8f4c6b31f95ee4ac8252667ec45d03fb18084e1e5d3ab1fda5,2001,18-30
P1362,A***,G***,24,F,259ae591d24339a8d7365a084012fb6c7eaa1dcf4e0b58f4106ea181e136d004,80654b043022a31176185f8623f7167a4c6763604e0cbe1e61949a3ef0c052a2,e6d566468e189fe90e07d90858db57b6ef59c301fb73acaee801969ec1a73614,2002,18-30
P1363,S***,I***,13,F,da8e98b94e087062cb6bc826c589f86a6dfb9b03826fba67ccb06bc6ef30bb35,e95de190e54e4d2f427b5fdf1ad9d6f60b5852dea83d1ef55c159fce2eeb94f4,fe6da76a3da1b6035510fb92f057c089e4ca37bf78b9f5cd6ac02d023b59a44b,2013,Under 18
P1364,A***,G***,60,M,d784ab12230c50789181c36747b6c6612a1d5403c42a41be5b8109d2445125f9,0a9ad323355d9cfa2d18879557a048786e0eb5117ec98594af8b946b94efba25,8fe751cc7aefdf4dfdfbd5c5c47e45f3897a08676b3d9caff946a45028d6f28a,1966,46-60
P1365,A***,D***,7,F,cb0970e73a57019a50324f985e99a8bbf3cb03b11c960648df715d2a49c18416,9f61268adf4e920c0079330d217af1eb4c5c832410975facbe508bd0339c79b0,5f8710c9fddfefbf6512dc00419513cb676482b62061aeaf670fd735ced8ad9d,2019,Under 18
P1366,M***,G***,57,M,c6c3d71da5de1c3feaefca03aca2d5f99da0d53044b11f968d93778f84cd6bb3,29acb8aaf5764ed9fb350b75c78ebd94c004897898a6dd85616e80a291d8a282,fa36594eae66b2ded24a8ac1deae5ab942d01905beecb0a6b03029ec80cf24b8,1969,46-60
P1367,R***,D***,36,F,25093881e13704c9653be08981dafceb73f2666f82558ca5dfb715ed1c136f6d,66a653754ba0d969902afd364ccb1d0f0daa2c8bde40905de6ea7859321d391a,6ef03415801056f10f7dc9415fe3b37a2fe7c2486f1df27d5ad8089a3caf3d59,1990,31-45
P1368,M***,P***,45,F,0a34f4d3d86bb25cff521ac12b1b34c7b5f77db88624421335686ce79d300dfb,ece10aba8a9d40e9e0c23a33d794ac5b5668704bdf23d0f591d246367e510ae5,b84fc76dcc4148ed214e31b666caa1d5e7bf1584142765a288935df210b6c9b0,1981,31-45
P1369,M***,J***,20,M,05550dfcbb0dd6c228ff7bdb67062d4a388b18ef2738296627167512adc52c5e,f91a3f741bddd7668c891fd647a8af5a3e32ac4ff6488f79f370a82ba8902e96,54835512bbec273ceb5204ff4936b582dcb45c7de01959264945cec781298458,2006,18-30
P1370,M***,N***,65,F,ee3edc4d751160c46296de48e10fafc709444949fa74d71ceba540e33b022bc1,bee83f41b96d3dcb620b2cd446e21da7863d9072c1721bcbbe77f8b3109da464,4f96822443ae32badb0745f263330b54b5390d8088fd675ef63002434f7798e1,1961,60+
P1371,D***,J***,8,M,750222ea749fd2f040a0cc32d83169e596eb13f44061f03835590e4a57f1c82a,2d0601fafe8330268584c9b290bb67927d91c054e5adeef424323b559d2a76b7,df26c7a8781fb3da13fcbccf3dfbfec0999a58e1665fd10e0bd86c6b5efa2161,2018,Under 18
P1372,A***,N***,16,M,b45cfc4f22757e2ad86f254bb0be0708c1d3d68105dcb28c57237e797ba3c917,0231b8749f9162a7be6d92f6fff3872349a873778eeb0bdf4ca17a0eafa07263,699f737ae43fd797fdda54dd3c6bfa50781d1bd2535ef045d999ba2b9ab87948,2010,Under 18
P1373,S***,P***,14,F,974f11dd8abc35a982a61daedcdeff2e7188879b6a4b871f70b2fbc47c05f887,ced83df805d8db7aa4cbe111cb48489dadf83e60dd7c553c85cb88e433a6046d,bc4f94024aa7964e30bb6c3a4ee0bec200347d57b78f2f5db7de275ed5d0a079,2012,Under 18
P1374,A***,V***,76,M,6cf7e014155b0b0acea77aa9097a3bc4fe11b50e6490c5cd6b5772837d91b6ce,8de8484d4304652fec878988c970455164081ed754569dd84ca6020c292b6e4f,496a97ffb26bbc6e2dad5dbee8a010cc45f991b3a982d4b481c232b5c1cc03be,1950,60+
P1375,K***,S***,87,F,c8a7c063cbee3be8331699de35865132accfd01f352b38f3886218a0efd8c2f4,546ea618766dd7fa1c8284129119d01d7c63489fe199bed533c3fd2f79b30277,74d14a2d9fff2264dcb246d24511a00fcc594fb69d229167737ffd1977714308,1939,60+
P1376,K***,I***,15,F,29d424db6e03beb4cc6eb5025deaad78ca94b3c072afc42156dcfbf960eb5a34,a8e53d71b0cf1301335037fa4c17b8b3fed19c42667190bffa50be0bd8158d9a,3f31892a32a37e9a7a6719a395907e4de132ef7ca309c13fb29a9a9a0118a80a,2011,Under 18
P1377,S***,N***,66,M,682b09b6c84012996c5a2c0f4ede27dc5fed610b6ee17804c282f2e4a4441e77,fd63959aedf9309a0b8a5c78d997a0e6ea1b8353e88c3bdcac991de16672fbe6,c9eb9d19545754191210b7c3ace35972da26f12696d6280af973fc361532270e,1960,60+
P1378,A***,I***,32,M,3198c23de17d6f47b46badaa2e416cda06f67cf259faec318a0f609e021f0896,34d0506934fec54eb7f67c340a78f0cab367fcb54ae66ef42e211d9f43042fbd,0ce8a800fec74412d253b6663b87f59434d33cf81a383c932eede5cf8aa73cb1,1994,31-45
P1379,K***,S***,87,M,fe96025c9af59ff667951afe0efdb046df2505be6929809346502787fa867bd0,6ebe531fc15c54e38799c9c81f54e75174c936e41781af9c13f0905ef4e5fca7,1d6c0472646d048070d3c6b60b7dc088a190ed3a36727fca592ede6d98d6321f,1939,60+
P1380,R***,K***,63,M,ac77c0cacaa0957cdd7919ce756f43f1d7b47e5c4228fdee0fa4419891fa42b9,649edeee0b9bc2372dcc3d9f5201b37d5f907e15828fa2ca92edbdd8f2e00e06,e4536761c47dceb553dd118adfd794d85c65db74ee572abf8c3a202e66754d2f,1963,60+
P1381,V***,M***,86,F,fff8b6c1c84fd5833f8e25a22773ccce0f90f2780e1ebd40facfd8d2496d1034,65643d90410a2854ced7a176740eb47aadaea53dde5463234f4eb9291fc82b6e,3b8fc5c1b12e59a5677fde2b863aacaadbfbbc8cc4715d44d7f90fc2203b36d4,1940,60+
P1382,A***,I***,51,F,69c945bf274a031a667751efbdab6b8f24b393ac7459c3e6b52286fbcf22d4dc,4261aa17351b16d83802ac76922ad9682ee418198043dde4b8d7288e7fcb084e,aff58b374a4bb4ef8b6ce6ebebd36e21b5d82f8c5ec9429e36ff5f9975f20173,1975,46-60
P1383,A***,N***,25,M,b94a2c0992b4f8ec6c95416fa7452497d4e9d6c5ac5703735c9b276daf44737a,5025802ef56a1420a2ceb807bf3e67cb87ed7de725d1fc25bbcd84ee5399ff35,6bef625ce1e2525e7992cadc4b0e1305b7cf99008c6decae147aae9b0a6877c1,2001,18-30
P1384,K***,K***,58,F,75bdf5d36ffea107c6a6f957c808c8b5070bdcbb1f3eb6e31d39842a7dfcac27,5d6623782ecbbb3c4325fbfe133dde06b1fcde184b20714fee28179e45b55728,a827c2a42dec38c0bf275dd07d957fdc2dc9d04bcb085721bb93d8fcc2a6a9d9,1968,46-60
P1385,R***,D***,63,F,83e64f26ba3f1972ce76d1d549c8f686d11c99b322ec81cc343af2cb1958211d,55c76106532ee1283aef7b37ac4a9986b4369ce667ff0d42f969b0eec2208c29,26d4e7236c8ffad0a1d6275603e7517cc5ada613df04c0c287d5cebc4f86b576,1963,60+
P1386,R***,G***,62,F,720a3e4b1360e2cb917ce3cabaa455ead7b35288d1a7dcc32193592bf895d8eb,ce20f8ed727f60fe007cff319257c4d92b91f648641589d7801c66ca73627711,4246af5c18ebad252a4548b240650b0645a003f974a31914225ba27a696b4b62,1964,60+
P1387,A***,S***,22,F,c33c536e79be27c261d33a87e3654bc6efe29cb232c7267294ea6baf450aefaf,233d205c8c1c52b7289d2947764518031bdbced125d155a67be7c33067fb58bd,766267df7f0aacd7d2c979161fb6f53724d6123850e60f6171e307665431e998,2004,18-30
P1388,R***,D***,58,M,252fb23755d266ca34eedd37a71097d7b348c2578bf7c0ecc95a489e94c67bca,31bdeb8f894900eb7b030a5b999f69eb4395bad4dad028fe270356e9ace2f4e8,e03b826c62f47bbdaa52b80f8f86aa81e2b45cac1195ffbcdea819cbaab7ef30,1968,46-60
P1389,M***,C***,58,M,afaa4801aaaef167e03f2d88546daaa04ddc6999454faffbda29d535e9ff3e4e,a2389b455cde890459676e7f6bff5b39b0fd4aebb028e98e64b4fad99e2bb8bc,d478ba0776ff5df6b265d089caa636c23708845168f31a6bb700169cf78d6b1d,1968,46-60
P1390,A***,M***,86,F,f50600bcdcdf6b65a1ff0ec5c52eba824674972002ef11897996167bba5030db,884c7e898aa32f9c55bbe8a78783e380ef1c85b557feefdd819e5e6287876956,5f2e3e667ccabc536c97557df779c47c262f23c399884c1275b9e86849bb2226,1940,60+
P1391,A***,M***,49,M,99646d488e7df330f738c59fb8c1af9da809f13ca2d6b3b6d85803e3871840a0,9eb98560ca26b344f0d779d9415b72c7bec7b79914ffc25e50461bff4db46a0a,df3c7e97308a29017b59c5df2ffa6baa36e2a8bb9d98f80e45c06ae5928a10e4,1977,46-60
P1392,R***,I***,52,M,f94f1a06a0d4b43213ad72c42acf788a017be2eec69dc50939088e32436d497f,916a80af9cf950a2730b8fe86e787855eb07976d639a0126b80eefa4e43f5529,73003c70dca96fc733705a1ee9c2729f828714fc28cd156e02ee6f8e849d3250,1974,46-60
P1393,I***,R***,42,M,875cdfbd04fedbd11a48ce6d3284b43f0d94133f1af99748045eac169ad54545,a8152544ca9d7bbab93945dec42f3f2959e9bc4f985b3f97c0efe0e08aeb75c5,7a271598c2b83afe6832838eefc6b04a7c02b0e06683b90162ddcb211d358221,1984,31-45
P1394,S***,D***,70,F,d90f57f82fb931c319f4fc7ca1e7e9b12f528f507bbe7434e682b26c0a568aa9,f0ea3e6936fc9633825b1d97513c5093bbe5f60611336e4f3b7df9158c4027c8,6468d674c621340542ca74992d2bf04d6f9ba4c15a9757e538476c29d37b6540,1956,60+
P1395,R***,I***,15,F,84d813ad3b4fee140c70400d769d2b170f004ae9f01710af1702fe9b3ef78136,50423a7d159f4e628d143b0fb2d118b6be99b2834873a47a44b428c90463e51b,678f949a9589db597f6d2a59d6ddec9efd977dfc394f5d308e5d285677ca91a2,2011,Under 18
P1396,V***,M***,54,F,a0fcec6353739b71ae577a70f06c3aabf682e184d92c65a6eb425ffb387e8738,d398fa0454740f9260a03249f31bdc08d5f9d3a8d2f721aa49a61a5b18bcb095,af634e759c0643d731536d308f8bf4c705df6d3bc24185fbe080db8eae801edd,1972,46-60
P1397,I***,P***,60,M,8b5f369e02d44ca654944d92a70944c128b4b521721e15ba988295cd3081a2cc,205a21154757659cce0f649f0db7a73ccbec966b3ce3025f24ccbb5f58bd53b8,61215f46e3a7538e76f71d0229435090391b08b657a9c69948273c751c348c62,1966,46-60
P1398,K***,K***,8,F,8f78d3719604504403d5e609129925932d4003220e6f44cfff5ae49100b30f52,1418227d1a48e73a1085df22cd85b3bc7d32b62087d53fdce60db9f21f3e9b5e,1e81cb4dae76262511c55a022c203c9800f49b7017d72e8c26e144f7bdc08e90,2018,Under 18
P1399,A***,D***,53,F,a6f702eceab7fee4924e6d86baa0e688f0412e1d9ec844ff14cdd39847d904b2,66f26e5b3e05abf65c84a9c10d208962caa177e271a94aeaeeb36903aed3f3c0,e591ddbd62b7be59dd89ff98ecd204095ba8b2be5e30ee232b53805c5f1f38b4,1973,46-60
P1400,S***,A***,60,M,a19478723e821728d4dde6682a7c49fbe3f721845ec4360a888635e371ef74bc,982829f4e55e00d308819e3e6f6bc7e61d54afac084c3adda8ea5e89158eb7cc,bc1b60f335b329fbc155055ad58042595c267e76921161aebff479cd2d257183,1966,46-60
P1401,S***,M***,5,F,d528445fe75cbefac564670a81ff6e1cff76ac52ba6a7d488f3ddaea2584dd19,c0889e68d765c4214a72e0f86f3a2671cf48bb1b0ff82ca54a038759da73f089,aaedd1a1cd7b65351a690d42fc386182cd341f948077f815282f27e8170edf6a,2021,Under 18
P1402,R***,K***,68,F,9cdfe54af67143add92eec7f6e790f97543e3f5a4edd4956dfeefee46ccc9752,1f00a2dd16451ca1fb5ac79ce77b72cc490d42014fbd15c6e662b8384b0eed32,42236546689af7479eed32a510d90065cd3a10037d57acbd0f8e272f49f73b7d,1958,60+
P1403,M***,G***,6,M,06638085726ae7eb3ac2a7e73e5a6bcd0898a35df7e3673d3db866056a2bfb0e,185ee2735907a742beb63032707bc9b361170ffb8fb1df58f3a3b3aebd80aa61,038dfd27567c40218c0d6d599513d08f80e81dabec900af006402ad1f9722ed8,2020,Under 18
P1404,M***,K***,47,M,f8a5215741129c8ef3cbd2aea3c95411d922862724f5b32d70e62cbe3347f2be,8c7365358c35b7e1388951e63fbc1b2d93412125ccc5263917c7e976fe805273,d366b4030785068ecad01dccaa49584d35a24b5f4d55f82d295c561a667fb571,1979,46-60
P1405,A***,R***,55,M,ebe3a8c94407f72bdd12f202251f5e781bfec67a209ddf24979354567929f277,9cf69fd1c75211546dadfb0af9b802a38a260b013bc4fdcf16cd67d1baf4100f,9bae2458afa03d4356cc88ee7e5a7e4ff7efa892ea5b550f9d6bc5c98dcfa759,1971,46-60
P1406,K***,V***,40,F,8f132aa276e169b5ff09d1e95cf51cac0bd99837efa271ef402a58bc6057cdda,315ff4c5ba551764a650ccfeee6af227aa82f807629acdb16abfc8659071966b,b20b8d6e980778c16dd1f0b4200904e3bc58c8af9d09c5b0088d16df3b10af58,1986,31-45
P1407,S***,K***,52,F,02a463e22eff58d363f9ec0bc32ae65d2c4ff8ab383abe85284309b5b961b41e,28663690c8aad7d3a4ee2c37a39764fa9199e64777983980904efdafa56550e4,1fff80a1b55eb935648b3c02fd0cef5187f3c2e19ba7e608acb447f0554ff9f9,1974,46-60
P1408,D***,M***,16,F,e2184defea50a5ab90866322da340c57311a89ca8f0a6725a1a49762ea3d5ef0,5df2d04008e5697e28ee47e56788b16ea681b22c2570c289d659bd3378eecc79,99aae097c85527e56dd99f8149bae725eca5c7986c6122b4e9f0b4be037ec74c,2010,Under 18
P1409,A***,S***,13,M,85281c6f77ec0f0169cd48e00ae17a9555dba5dc451824e7a42f7641995a08fc,ab721a915d5857c4cd2ec38935934a25fd0275d45d21e636e8e6683d529a1544,649081854c4e1db180cca637ffdcd42a6ec83612163609a8104e29db7487cdfb,2013,Under 18
P1410,S***,P***,30,M,a858ad6981885d388f995f45f3b6547ae3a2775c9a7c27074285edfceb4db7c0,513a1631fe878ac4d4f0e50da5cff480cfcc0b86611d7840f0ad92e5b569af25,e41ec0fa559d38c11a79308241e1d7f988c5cdb102d481a8e929a925c3cc98c8,1996,18-30
P1411,V***,G***,19,F,9d79f26ad557cd868b24d6af2a8601ce16be8dfd6cd53246f004b4c213343f24,1cd724f26623b8d76cbd62a5205c61c752968b42f15d9ada99e2408be60bea22,12ae3e71859fd9e79e585da99611cd3b7305f8025991bd8ebf8594269ecdbbfd,2007,18-30
P1412,R***,I***,17,F,dfc40070d6f48c32e9a254ce3c8440acea06b3615f2eb38afb1ac16ecae01d81,7777a250c15d99f6c1df03e5e71da1c332bbd4514d00017f108c290c521b4283,bb85680de446594b2cb2c1ca5a03eb8647d4cf48f28bb151836bcfd58ce47a45,2009,Under 18
P1413,S***,M***,63,M,97c7d7ba815615e6386d8ac063d4b6210a1b3e6fd74bfbe9f4a34f02d9cc4adc,b63b8e34174638b489e41fe5c2208f54a94674fbbef7ce6a83573e27d62f6b09,641ab07a04c0803d0a444dd98fd320b39aae55f4f2def69a5da55b727643fa33,1963,60+
P1414,M***,S***,19,M,0f80457be89793949d8e269a9dc205944ab1344591a4abffe1690c196bd89814,1bcf222227774d7ba9cab987f3e270e68ba7eb34ee41773f784af604a4bd3a39,9936cc296625709050f947c52c6b051e6976242deb13fcf5061db7e3e3311e66,2007,18-30
P1415,A***,B***,58,M,86c1ad8300efb055866e3ee102ba9ffad457c9bad6ed21bd79dcc5e233c8f728,ad015d3949a2b8c7ea63965606646f91776698b74229f3d05309d84ef0d1bc18,cf840440af177578256cd752130e95177a088b0d35ba05934f3afc0d5657c515,1968,46-60
P1416,R***,I***,55,M,4c593470129b8db568ccbc235dfe8178325fcb711a747571e45d2757ca15fcbf,5cd0ffc5135c4d4e45c1b68a05ebba3a6f8d025c4e90a45e9f67c12e91f9a02c,99915558192de2ce4d158bd25d8ac1178b612980be5466e479dbbc48d1fd7778,1971,46-60
P1417,R***,C***,62,F,901cc63bf56638ae69c6f664fb860261f4c82b5fde76862011cefea4c6ce3fff,2bf407d477e00548ef036caf8591dd5ddd864601374518ccb4ec77c975ca8ada,6a2da9b340448c619341a1f77091356cc490246c5e1f23835748e53858370506,1964,60+
P1418,D***,K***,23,M,106fa5f056239a4b366bdae35d5c895ab0ecf3569edfb0d9f2b48c9909a027b6,0aa138ac741010d52647d9c63d1968baac8a0485b3c184e8638b0b214fa31501,f490ea0746f61c0dbec49e7afe0f5e5a23b94754e8cba391770441e658248bfb,2003,18-30
P1419,K***,I***,9,F,b6374be0e403f028d1e768514f99d70629e15e8e9cb3739dd1b0e222a28e2df0,ddd21b4044e385eb312733f43ec159efae1d07802f8bab07e15201bbbf8a6779,0f7a3e6e26c1c9a45fe31c4cc3b94a1ce317d2c3a5c63ca6729f98fd751d599d,2017,Under 18
P1420,D***,P***,12,F,de2cfa541f6e177ae0f3c36d12fc132429078b7a3e72c36f87e38f0ef70545c5,b56a4dfa1792bdf093d36d42e14d016d792f81fa30b391602943ac338c3c9302,1a64e7aa65f22d6b8fb562d7292c17e8d3e266e7fd6d8709a913c3fb702617bf,2014,Under 18
P1421,I***,N***,1,F,d9bf59813829ef421d2ccb1bc950766103d4c724bab1d3af9d886f36b4d46977,4c0d45173eb39245dc002df9ea6ba3c7bb4f07cd8e3339fda3c98ca1917bd45f,daf26cf853e152b7ee9e1510f0ebbd977fe0c5c6cb9a13a363a860dc4b0fad99,2025,Under 18
P1422,S***,G***,58,M,0dab2afdca5684f5a7997ca2bf077dc173aa6919a1d8803125c22b6901bd10a7,a778543f8696ffc7ccba410291a15aa8c68fb0e9d1cccc46ac268b895b5fcdc3,4d6738e2d1e02d56832f955518b7ccbe7f8a104be6d8d7d798ad78eade542430,1968,46-60
P1423,A***,G***,1,M,ec3504fca9c9c788fce0cb68bdf7042e7e5b31063f87a2f9e72b23c589eeff4b,3665e0d4769360ae0d650321d16fc5cfeb48e2480b0945dcc1a7b4c6ffa5ab58,a93ce4854ac64139b997f3a9dc25b527952403b3b76fcd358d643eceaddd974d,2025,Under 18
P1424,A***,N***,34,M,a2a2792084adad0e70b38233a8ac8fca1a65aa03a350f8dbe622ff2ecfe5ad64,d6d4ca456967ae3dd616dc4448633342a6143966e0ddc8a9d62b82f32569dad4,473c410e5fed82d9c2df5cc408d6e3275592738ab590e45e5b86f96e6dec99a0,1992,31-45
P1425,A***,G***,48,M,73e9271f662f0ff06388cd447ef7708dbb12887edab0e93755f8e66b6899ab3a,4092b836df1bfb41cd04ce1f2ed7d49009ed2a1f830c5bf86ef2200ffcaaa97f,07eae49fb52d73fdabf5d173a86a6df45d14c888ccbe16d22655a82f9f138d9d,1978,46-60
P1426,S***,I***,89,F,518194ff9f52b7e7f0365a1f3a67a2799da1fa01da09d7fa0961cdaeee8497d6,65d355988247df14810ee848df0818274d6b54dcba08a541aecbd3db874866fe,38860f606c600a4b81f298b2ac46c6bf86b9cc9468b0141a75dfd2442c5bbe21,1937,60+
P1427,I***,B***,1,M,5acd182acf43d9ec6e128587b6515e00c5aa41e8c731eb4151e0f6d1e254ccca,e64214142741bbe72fd2ef295ad9b55201be3813be563201074723b71741e2b3,a869c9009034719c9b27536c551ef8677399a6320a84a7917a66883e62a71656,2025,Under 18
P1428,I***,M***,16,M,ad1ec68e0f8ad1a8ae4d025b09d19565acb38c60082e085f0bc5435e37b4e016,7c624496db9ff72130aa7bfbc28ce19f13fa5752c518055c0e57c6a1fc976d66,21455906801c93b779fb574b87223212ef6f15d92dd3ce5cc03ec01d5079031e,2010,Under 18
P1429,A***,P***,61,F,e0c1fe37ce996d71bfea6d363d99d41f68973ba3f67725662e0b0bc11f2201e5,8e4803c9dd055786eccf2eb6df9c1f451083a581f115cb9ce213c67b8bbc3172,d4890d9830433d53a18442b363e8b7d00a64b14254bdec67a996d6ed2ccab08d,1965,60+
P1430,A***,S***,64,M,cc83339a42e86240f255539a0b902cf3a5d1ff654106a6593d0abfd88bcaa8b1,40c8bf0f52b027825f306d132d7dcae1d86971d766afebd95a389f836ac82b4f,a44e847932287f7b68729c5c2822d64cf006d22e0a15e764d7a2579f14534e45,1962,60+
P1431,I***,P***,63,F,d9e58cfcfbd5f61ff71a023d69036121f4cba631c15b2cc4b3a8d905b8832833,53c391bd50ef1aa96bb25edbe1d904c3dbd06d8f4ccc971f328d6aa6eeb6f77a,da3915799bd18cf5d431d9eb5a22bd3ef81b2049940e861da173d30d62826a75,1963,60+
P1432,S***,C***,69,F,54dfa58e8fd12fa2ff1f195f12f362c43449f097bf73044a6d4c48fdb00d0abf,9b7c0b6076a84463955bea15aecde17894a4008e806ef75ea483ff022a31b57f,ee9a9a936703ec8d98c9ed78cf5caa92ce9a152fcf0fdd74b857613988f82823,1957,60+
P1433,R***,N***,22,F,8b414bd858beb31b2accea1bdb8ae9e9166f65f4c5286e947c3c10c367893b1e,342ba4ebe7c7991ccb6f778518ddbce84792dfd39e24688f10d3a3225ba718b5,af4c611fe03acb0f7fae4c7bab6c486919d5f2798560e4a7cc03ad55a4783e72,2004,18-30
P1434,K***,R***,67,F,59a14a900f2d203d459444d9258e81ab2c4a5445f7fc89d72f494a883b02e05e,d911bd1ce68843625d1b00aba6f27c5f63fb538f43f588d0916506eb352d3716,2c8a87132ec7f0a86138b34c9c0196f34b8d92c00c012fcd219133953e33a6cd,1959,60+
P1435,A***,P***,76,F,072b179c2f4b94dfbec93275d2778e0a749114fb5536e0d29cca4f4be5e07367,9064d11f32a59bb32563f4fac4a07406b7e0dca5c2f90cfc0fe42b7ff04dc7bf,8d0df486abf7e0d2addef70777e5c482fc4c5185fad221781500b2a402768f55,1950,60+
P1436,M***,R***,26,F,35d4e3676d16884ef30a277c856ce6ea492c63afefbf9dcebb2a75bc73f8a926,e5ca329a079fc023e217e545f124fbbf509a11e37c079a9199d7ae5508ddf454,a6a95ded4f4625f26713d3916d743689244bfe85e2bc90d016764f5b0dbeb43d,2000,18-30
P1437,K***,J***,16,F,378e53114e909f5f7221011aefc9937c5937a248415e5e7c0a8b496f9f0efa97,13ffdf19d992cbcdee800692f501b7618d3a1fc4840e1687f834bd4ab5177d6c,12a211f1d70ed7d0cbd062726680d49f138b1617aa24ae6b9204bbb0fb7dfaf8,2010,Under 18
P1438,R***,B***,51,F,30a3fbb24171166953e0a34ea8e29948bf23689b125329ef30ddb23faa37dfde,ac4df7897a2140a6a64d450a70f9a64663f253454e1b51d52e9479344cad4308,762f3eb53d63930b0f48f2e2746f1ef9f40def40acf3c59a6acd8c29e851d7bb,1975,46-60
P1439,A***,K***,86,M,7d4a965be15cfcda512114d2f8a2df0755afae6299da518c85e694a4d99368f9,749ba8c32a8afd7e35246267bc6f43757e54554d80f00c0fc653d46a81910c4f,fd5d92a504a6eca05b7df35b55ccd071f13a89d6a05e2321382a21341c203a30,1940,60+
P1440,R***,C***,57,M,91b3bb168f5f11c915c87db1a234c5888c0eb97966965f10a2c5d629c2c22552,c39a8d234ec88b76e7cc319f87a5dd872b53134a2579614739fd63707410bea3,990cd296e987b2467907354499543dae33dd9ad748e2b19f8cd0312d3e977970,1969,46-60
P1441,A***,K***,29,M,bd04cb687e02740435de3b827072b82924743de7b0c397ab3ca3b077dd39cab0,1e8b33d1b55cade5df90f241c529fde31513ad2e9b0c9e187db7d18ba801ec9d,c830b22b464cdd83fe17217bd7c4dbead7b454c77ad581d37ea8ec9f26a15e42,1997,18-30
P1442,A***,N***,78,M,8c1227d1f851f21f286a3cdf763583b53b2d38b008c287db5504a26285375be9,edb265e6bc6d95727f8a34f6e27ce0c7ab235030cd84d543565004e5f1fc1de4,ac9c804f88e2a084aa67780ff91c4bd832afac86832c8cb76cd571cc48ce350f,1948,60+
P1443,S***,N***,69,F,7cf4e84512f806498cdb0422d64fa051dd31ddf48079db34bd8f56cb30e3ac4e,69cc319f77900dca7ea3522419b0daf65050094cb025301404cba2a9b506db15,44fa8e877bedcd1e01345f1603b0a8e097241930804f65d7c395a9d7363c0119,1957,60+
P1444,S***,G***,47,M,3dc61dc35b83a09435f6bb8de4c09bee2f022cad7e9f5330b0911cb6c9dcd408,786fe53b2be188018dd793647430395869375dc3afcdf13452e4f9ee7d08eb3f,4d015d6e3daf89795d71ca92272965b9066157b931d0a15c6dcb154d469fb9c8,1979,46-60
P1445,D***,N***,62,F,bcffdb74afda89bb8257b65b74a2dd7c6c1044e0dacc11c2edd33312cc22cd1b,20ac3a855c3b7bae1c8a3c85d21514b4362bb54526c61ea2f8663a23b577ea55,c9aca825c375e92e20b8bbf696f8078d07c9932916dd7ead8873ad428de6cd79,1964,60+
P1446,I***,P***,69,M,8498a3d6bd795610f9b40e8b86b5b0fa335339bfa866e95732759897f7529dcc,a21df602ed64177b378c337c6b489cf945e231ad15861785cd707d0672334b9e,9242f722b81307f06bf6b871b338920f2971c55f8fca16f35a145de5a7350a7f,1957,60+
P1447,A***,M***,76,M,dbfd78de90187f533c7fa535c9da04d2aba25867fdc45a72c4f321b00cd7846e,3e149de1d13d44ca9f00de8aced2060f6557ecd614ad7d9f8e2860802761719c,27347859ce5592b44d0711cfc4e5615408b8637232c26229b8f60ec3e46074ad,1950,60+
P1448,D***,J***,16,M,1dd8124b3302f156b1dafed17a5ee4bf0814618babe1b07b6e6b9333a734afa9,a12a367e5ef6d4fc5826cc2c74c5ce1bc9641aa1ac5a1be02fe82c3490f6cba3,9b97dcd5cc5ba516443319da07d7fe6adad92cbe5e8a7cd0654f87b62f1a8efd,2010,Under 18
P1449,D***,S***,48,F,5dffba181586a3020e3b86832c3bc0b94584ab3898719a61b8017f1ba3c44c79,818395d9ea928db68a8bffb29ea69b7a2b30a020fe675d8b959e45ff0b61dc5b,1602b150e83889336f26a12da58fb417bf1b4c968781d906fd7f78c7e0124364,1978,46-60
P1450,R***,K***,85,M,b4ba1f0d2efba4e30168e88ef8945f621dd77c980c17c91410154ef0761c3b3f,ff5ea7b0d31334001e7661ddaa7e3297f22200d179363aa042d308e726f96b31,4d45406090e538cdce3bc49fb291fe2bfe5a32e9911387083042d994a813db65,1941,60+
P1451,A***,I***,39,F,3008eb2dea25a911446772b03c9f4c667e26913b21feb6de7abd0842b743390c,8a6dc47fb3b2959cef11bee712f2e41b8797cc64de0dec23232d220cc59a08db,8d03158d30f652727e0b10025f4743176aaf0da926f4aa6d9d63935b8eb785ef,1987,31-45
P1452,A***,N***,33,F,7f4ed66f823c6cf0cae303d208f5b4c724d6a22f12999a8b31af6a0a14590d4a,4009e9b3bbd424450fe1bd2c6716654ed2adb554f932c5b76134ef6f64378b3b,2ff468ce4a1fe340355b25603ee7502d2f7ce070e57817b3247862cc5f6e29df,1993,31-45
P1453,D***,I***,23,M,45d8e5d488cb73b74006f4f0256364eac98441fc638d9b1498e985e04c9850aa,651fb69407ed0dd052bbfbbb0346222cf9cccbec19ae593096d057d39c40ba0f,3280521da120aad0e98e8390d9e42bd4d9ef75611aa0c8fa27d125821b41fb1e,2003,18-30
P1454,V***,G***,10,M,bf5bca3d75f2afdc7bbab03149f9feb163d0b8522e12807787cfdb307268efdf,e3dc2dd1a364909ea79f14ca199fd86542efc5b9ec4c048594927bf13d2863e2,a6b46929f2072c77d8a1e4918f49e5e448dcdf3a3e12a175d8d95cbd253aa68d,2016,Under 18
P1455,I***,I***,69,M,efce50de41861b8100a5747710a91c1c6be1d9c99b4b89b67cf5f8b3a5430326,7aba5f7a53a3b243ec52b168b3a3c9b8b3bdd4a97239c3d231c227f25c4c0a61,2f9dd174ebdc272b11ab158e64227ad1185abf2eb1515b61a5a59223fb8e7a0f,1957,60+
P1456,A***,V***,34,F,1053f79949d65923024b5223f03eb0e009e11a8c344467cdf81fed87eddc7c86,510afc3718e5590086ec60dde14fa8b5f8051a5a9311c21e9320620316948903,1dcd6e5197ed6af67259451bf0d52c0d27be713a5faa835a9d3aea6362b00e33,1992,31-45
P1457,A***,M***,52,M,e73e94f9419cee930255e93eb48c752d18beb775e5209d36714b899bc2c5aa16,3812e18cd9a66ccb430ee2652f5f4eaf4b89a2be52048772a2f453b883418224,7403fcf9f81f9a01e4aefd8d00036b5293cc6f88c2fd1e341344fcbf6d89192a,1974,46-60
P1458,V***,K***,10,F,cd5475453b1f7e13f8c504ddc5535885d501f7f62a8e2fae6e656e3fc735d96e,b8b8a19fd0687508c64f6205905dd908006f091f32e0767bbe7c5300232b723e,e2a60eb2c1950b666ad156507200678f4ffd4ceeacc3c9efc55d9a845804eb25,2016,Under 18
P1459,K***,J***,19,F,26870a95f5fcbcb7278988abd1a07a682c864997a40b0013750b580e6af80841,eb933c97f9112c250d4e30492451a7125c773bf49d2ca83029bbb58016120513,2f02460e1b474b168042ad4368d5c9e78aaf9b3db5b13beae0ea9492fe225fdb,2007,18-30
P1460,K***,P***,58,M,e2c5a702daddae8a7e848e8e0e2351e30b2e4f2d6096c08fc6846bf4bd7b2082,28d9295dbfb2954d75889596d2b0390782f7a79a187cf78926e0e03b4183db39,9f16e6c7a2d4c145dd524aaca7c6d027765dd27df9c6512d8dfb5e8f14029a60,1968,46-60
P1461,R***,V***,1,M,abb7fad7cb5f40695e44ceda7303967a3dd9729e65270b06a361790f59f7ba46,3844e8fee33df03097d6def5fb4258afda394dee8c06f136a50b232a931b2f06,90711afaec949e15a9ed17a985b3694d771a1d8bc0f1121bec31c0d2d7bdc64c,2025,Under 18
P1462,R***,K***,69,F,61cec187be091d03d12840eb0fc7f3c5877359ecbbe924e88fbf90d6b4410938,2606606439cd316b9d58413fcf8732dda8b9ca04ae21a48619321aa952cca5c8,fc6ccf4a0a73acd116e3adc3bd2c157377a7d8a10080e803b574c8c19587f1a3,1957,60+
P1463,V***,G***,4,F,470a14fd2328f4bc8767e11205f7ce43d68548eb6300f28ccd338e024df9acf6,37604b0f2ebe29cfe3942b8dc733134ecd6948c189ee743165fdb1b94d14cb6b,10f137d58409340fcf12d123ba154ce0a24c6c94e842953a33edfa1d2e251861,2022,Under 18
P1464,S***,I***,16,F,9c5cdeecb4434fa18ab7fce11e73afb382f22b704f01421bfe3c3bd27638a649,41e90f8ea0ddc85c5ecd8d50baa80760db33aac16589fc97df6007e712f3e7a0,23ed141d8aba2b1e20d620f9b00024533e290c23c5a4392f2101e1f2eac66444,2010,Under 18
P1465,V***,C***,24,M,95faf0023ecfa52d3827584dfac6a834adb2ab6589ebe1d9d53ca238babaaf08,18ed4824e35e5b46a1b82001467237683771848a2d081c3797075c85a787ffcd,46b2dcb3ebf0ec668c1431a92f8fdf89d54e749025b20f4cd06fbd69130137f3,2002,18-30
P1466,A***,R***,80,F,9ee174fdbef0cae625befe47d75f45e59e77f9497cd85157e6affff8b89c7746,7ac8a0fe463aeb92f38685c40d298c266e8e109a3aa5ba0de507230ea9ea27b7,50b85a316131958e9c76ee6d85049f9564fb77cda8c9c261a80c1b1c7cedd641,1946,60+
P1467,I***,S***,2,M,faa68126f0e9dc3d09b5b9574c5ea7421dc19c501feaaa68b2f45daaccf1dbe1,b44d2207d74f3d9a8a46f7fa62252e70fbee4bcae6bf503d1987eacbde9c69f2,0f7124901954b2e7e6ee870bf06527024ce5332f0cf337e12bece2985ee1bdca,2024,Under 18
P1468,M***,N***,32,F,8c0c1ecf2eef3a10b066a9a14f63a6d13d38bb6195e64b0d95a785c56ac40a30,3e24d79ee944a64353b85c37e015657e00a469532eaf5b7c0283f43061ff9902,6e23a13492c221e7df7c6bdfe07475c2da3fb1a47c30439e4943d30b45912f9a,1994,31-45
P1469,A***,R***,84,F,8eb10aaa2a7075bfceb2fc5dda361f7c8c2e5c30711f514e87a824d5d7ce682e,9f9a2996c872f1731b5458e4e1def82fa6bfc69db6f7b6db07cf5e2db34ab4ef,7e1d9a18800895980f568027cdf2a0a9992b075f077111829530b527d6c97599,1942,60+
P1470,M***,K***,24,M,1ec7abe4477f4f1120a8056fa0dcb15d1f74f4fabdcd8ff3b457d3bf079681de,8668269826d4e5b55ca0354129fe04516cdf32c50813281b031b2cf253ba5e79,b0a385bbfc3edee454dffb3d2dd1ef2a4b8028da0ddcadcd9015647e8202a182,2002,18-30
P1471,A***,I***,12,F,514eb039dfa9bce80b1651931da1523835c5dd8e3365d5591116272131167037,43922544dce894950de968162c88f251cb138fe7e59ff6c65933cfdc7ec7eed8,9796588d5df4f5f335b717b559ceb41161e1be3304ab944632277fb146707ed5,2014,Under 18
P1472,A***,S***,50,M,56da18ba3716e513afd601650e0f9c28f1481fd6c07e949dda29d36cd09b6fa0,83a5d29e0d64ddda3ee5dd3cc071bddbcdefa65b6b77d6cf947aef39a19ace4c,d90d403a9f731912d60a99ff24709acd22bd135e2153d4f1249ca90e4ba37e2f,1976,46-60
P1473,V***,S***,35,M,16267eccd7da8027caa4634b0c9508fca4d8ef6da9a27794c624d108076c89e6,f4467087454aaa05f3c4197a0c38026077908600c00fb095dbf152f53211c4f6,8e2e1571265d3cfe877a2f416b9aa22099d6155b70bc6ce5fc96ff1ed6092f5c,1991,31-45
P1474,S***,S***,33,F,02acc51b0bee9d43dbfcec7405ac069f37af4e924d184e957b2d6f4550d0d8ae,1c1985ce619f3cac8ef84af770ad383539ee4c45f9868a32e482728f8c606706,60eb1f9e980e04e3240b567bd9f5fa62e22cdeccf8ab9ea5456af9f42840dc3d,1993,31-45
P1475,S***,B***,33,M,88400e696d996bc595ba92daa9242a6a1a90c5502b109194bfe391be43f9ae51,6740c717b149552f2420b0ba3e909054a9a0418df88f9b50575460290bbdb795,6b362ed870caa0af9423b90f3027760859c6d9e295c28f30d250f54b671e8099,1993,31-45
P1476,V***,M***,61,M,67dae44af55e3df00d12be8068290f86a47dceb9a15160275575906b4f7d2e20,ce35e2d2f586e1b8e13e07f5471ec38e7d88a30fdf3c6083c703ce3f008a11ce,ee71d24cf93593c1edd7c051808abac525c8229bdbe03700cfdd81f4c8b0990d,1965,60+
P1477,K***,M***,51,F,903889e1c7f1be52822dd6a483a70b2a9cc4d03a67eaade511d16f0a798d3f6d,c53537a0c12a48ff1cd47a47711ac6ba17e552fa519d4e254484b82928a4683f,0dbc17ef5b209e988bcf2695518bcd5a4bf353456e0e9d1c0d224664fc022b58,1975,46-60
P1478,M***,K***,43,M,7114a31f04749557db3692793d18f9e69e2befc9ece768214f279ab6bdd8c60b,c69b9682debe3c04bf0b23483342d7735817faf045a7ebde3929073be49a6cb7,24cf12d02c71ab677b4a83dab1c16b7ffbac5c6b88b4b33b2afe164116d0af70,1983,31-45
P1479,S***,P***,12,M,a8a3a4952d69930096582d213f14d141bfe6f9bc13e1e4d670a201c6014127d5,328ddf8d7598705ec86a04b9ef8c3c5b4593f2a07486d60805e3b782f0f6b384,d9904d57bbcdf28301bf29be132facc1e988ddb85fb6653c70208d5e68b42b2d,2014,Under 18
P1480,D***,S***,67,M,486496b4b0ac7deccfd93f6d15f2c301d28bf1eeea5c186446883ff878724f9c,0898644ed2b81cc71776816c243fef469370a61585b9ce212fb41daf70f01448,1562d9d693b3914d4e8e446e2f1766e17bfa18b0234e5002dc7af6493ed65a86,1959,60+
P1481,I***,K***,65,F,7056912f56d470e870f14ebf106adf569d72c17487132a8f6f6fabebdac7da0a,7103c0d8794ac859ca8e52b43c75fbec6866cea32cd93a03f57b9eb6e7e5ba9a,ea9ac80e8630abadc28284b255bce38adaeac0021b2543de58af2c4906c82e64,1961,60+
P1482,S***,S***,33,M,69904b3ecef1a3d6687b033859f29600e201d2c66b5a8680ff1196ac0edd377a,f2a3486313e84456d20557d3fd59b5ec872e1f52b78c882bddfbd234df7f07b9,b5673c7ed524aa8be8ae942c73384ac5b5faa24df72bf5e5cf8136a13b20eda6,1993,31-45
P1483,A***,D***,40,F,cb3bbbe28659da33c3950061b0f9745efc05c3c00b2737fa7492070e2b5b28bd,df78f19298495a5db295d481761b4110b1f1a75fba93b408d1367f0f6864d4e0,f824ec329d983e0967a1756cfe7afffb69f1dab686511aa3ef6a62acffabcf7f,1986,31-45
P1484,K***,M***,74,F,0ee8cb9afb03516fa4cbab674a19243bf83071d6c7b41676425cee2ec549d32c,9c7fd100f3c4ec7c257cdb93bb15f53b8313de50b1ec0a0d89fd0d9dc9e72c1b,c55909e445c4bffe585b05815d8bf40df11f4849ce33f38c55d56660a7678188,1952,60+
P1485,S***,N***,43,M,3d7dbcdeffbe78e1bc13da46e7c474a2cdba083619a029a419e9d5fb99acff6a,0652508117f7d0d5964bf6ae981b67b7881048b743074e861e77780159b02b81,8277e4737d908e382fec3c932cadbc3b3e8a40eabb3489a52af65be41a79bd0f,1983,31-45
P1486,V***,S***,44,M,df2a29f1290b1c98daff1be1387a9b6239c81106f1bf536bf7bbd5aa1158ffa9,14840803cc4821ea723ffa3438654618d11edc2a6897bb578a9460f27a2a9405,a9866c2231f69b493f236fdc48ce98912d909fc3ffce78d9cc43121482593c85,1982,31-45
P1487,I***,B***,29,M,2c5bd16e17dff405625eed83378ee4b7baa3d9fad14ca184f7f89d9467b196fb,28afea0fc325ab217b92df7473ac689dfa3d2b3e1aad7dd45cdd02505a54d4f8,f069d21a02f7c77b1e49dd157e8c1e8fa64ea2ff3eafd18510c98958373b14af,1997,18-30
P1488,A***,V***,13,F,6b75f45b1b15e426632a2d703d0d876169fabacf54c7343322a52e04090245d5,884d5984c7909d3da206105b57b26177af63805844aab9d92193d33fc423d2a0,d1b888368c5f0a5dbb857f6461c63d815886b9e7f28e235761ec1a745f32d31f,2013,Under 18
P1489,I***,M***,12,M,d39eae66ff06b87c0f145307c92679306cb8a7a5a9ff9515413df642c121caf2,f4a6a2f4ed7d1a51aa1787fa551fa33b4edd12ac77e2dba618c0a035fc385149,1e47bf2c45ca2bab7953314e260585cd08eb1740922577ecae1675904c792c3e,2014,Under 18
P1490,I***,G***,46,M,7278c704d70da97e4a60904a99bc0ee970e90c717f9a18a49e3a4f44a734547f,44f51174115d7c0d90b76bc678ea8ae366715ba0d3a4b556501ae7f520ec6977,dc9ac1d65a471b07b9734a43ee353025e73e4da705c924587eb4462ae4899710,1980,46-60
P1491,S***,K***,2,M,8c1a7b173037261022b2f4b45169ed828d5c29dde42c0bff46fa6587c9ceeea7,0170addb488c8031822e50e215f544fb1f433def8bad0423629fd630b7984f8e,81d5f2f425b778cbcf55471c05eaf3359e1484b16cb3b14e74cdd47a3c8819f3,2024,Under 18
P1492,M***,A***,35,M,af6c8666d727c35530adaa3dacc1b549d916ee91c82b0a343ddd8f0362f05ae2,c772734b04eee4b95a80292baf9cac12172652436934cf00fc31c0d03e49e9d6,cb0ba06d8d67c0474b8a780cd06695ecaf434db0277254454ea4bd4526dcdf83,1991,31-45
P1493,S***,P***,87,M,c63cfc9cc635d043e452a0e00922f995bdc8799b8b66020844e230b87696c490,3fb886a7bc3757d280959d7302055d876c5c60741f656dbc485a2ec4943fe167,8e923dcf6489b76ce9be2c199d7a79653c435baad60a6ffb5d8b206cd4d5c917,1939,60+
P1494,K***,C***,81,F,54a5008fce0291fb6a9494a10f26aa9023ba7b38f2995744629cf2dc67adfd03,68ff004d553f7e2bbe129f8f6a7b93cb99142fe1f1e45c2a9048cb34bd7215c3,275a6dc49cfa876b95a40e303e9820faffe52d0e9c8a31ddbc7606f4371ba3ea,1945,60+
P1495,A***,N***,8,F,f3b0bac795b6a71c7ea477753cabd6ccc5fa7f6084bf7365db9f820eb31830d2,2c6fcc60080e32d54febe8ff6064aeffb1ab1f83276162e03e32a65f3adf8cff,93c2bb1c9bd3432d97f375c98ea2039a6fb0aba1e920b340dbbc27c664771a58,2018,Under 18
P1496,S***,V***,26,M,3ae4bfe822727970264cdcf97063531fd05e5d9685a0399122a4f32bf981e3b5,a0566d6a1d5535388a703898ad924ea9f12df80e844df7cd58b2652d469fa7d6,29435250814fab0a828940075e944b63b6c67a30841d82e47791c63af3da7d57,2000,18-30
P1497,I***,N***,74,M,98427c165c63e61cf0c0b65d4c24c0eddce8b069d1b49b506dcf2245e03777d4,4aef1ba202fff96c6d9d308d8b6e2b868bdbb284d332fe2ae9f8427c4ae149e8,0c0aed7f85b8e2b2c47ea4b02bad089969ce4f2899f0241f4abe76961bab9d71,1952,60+
P1498,R***,S***,34,M,4cef33b76b207af15b04f80cb1db073ea321f2351dcd66f79537b998aca180d0,216ec46a5b9349fa2551c47a0dfac4c5bec329b1739e630f56f16aeae6616b69,802af1a0762dc4bd2d4302899fb65aed2ebe99c38248f90e7ba8650df0dfba40,1992,31-45
P1499,M***,G***,7,M,28c51b54cbd3de689e498ce58a79082b3fb7122fcdae2a941398e1e69feca2c3,5c64239e3b33d6c19f3132faa2f1982b7ea5fd4ecabfa848c88d206d10a7426c,1918ef25f37e2335a0a2d6ef52426490cec789eb157cad944d5c7fbc9c1408ca,2019,Under 18
P1500,A***,S***,68,F,666ba8908d303053d958cb6417ab215ee9e32da3e4147830860b9e8110a4ae10,f85257116ce15e3a8f0d736398bef4af986a319891edc0297e5987ae16137497,e2e0c4bd29adcf4dc17b2995e488caac3e1d322f61e087020d2d04fd4afa0289,1958,60+
P1501,S***,J***,58,M,18acf3a988786514f14bbad9bdf3f657649376a0fd422574441993ae76a3af5f,04909bae67cbe0f82e0637f54acc5d5b637cd894e1eba3753ecf0517beaef57d,68c086e37fdd7521beda9ad2f34a8ab8c978a9bc02f560e41c7d960d7170a2d5,1968,46-60
P1502,V***,P***,75,F,2a9e5686845b10843061527d245b50b33e22b52289ccb4cf3e17bfb98bf82a9b,20eeaf53e184a4edeb856d32816b028c0bf662d91575bf851e82ef123320fd9c,2b7bc6c64fdab5b3ab8d42dfeb2507448fe97ea38594183274adfaba0bc6c971,1951,60+
P1503,R***,V***,29,F,35bb9cf5866e57d63bb7d138717e9933998cb511c9d4c0cd1bd61a727ca8c6df,2506e307f1f29d70ae92a0d4277067ea322e0a319e090eba9bf978e474a181bb,66cf96b330a70abf33decb16f06f59ab948c1c9ad1918b7223d08b16a9385fdd,1997,18-30
P1504,R***,G***,36,M,9f24873dc8110c09d7d283b694098e738529bceb91ee079cdbe56c1df6193ab5,102f1dd4f641de2a379b6ccb28ab0d7a49dc299e255b606cc9e82e438fbbd292,5f6757175e9c94134322714f51c1354039b97a95ce077aa68bafad384d95e331,1990,31-45
P1505,M***,M***,89,F,a8c7d75cc068cd6d050bd16faf082bdec4261a83ca7ef0d3c04d9ff90dccb356,2b4598c64be2a102194a3332fca4fbb6eebee75443b955d0c4c382e240621217,ce2457f97dff0dc1a2df3253144e86c46f82b786707f4bb6e66a479d284c19a6,1937,60+
P1506,D***,G***,21,F,4625bac1b0932d9dda03a1227e3a2be527330541924bef2d0b0afff1bc3f67fe,65fa95370bbc8de09645abf1ac313fa1e62c21068236ddd1056b0d20b3e5bb5a,25e75be7d9f5ab86e50671aeb941be64d828e2c08c55391f47bffc3934e0a8dc,2005,18-30
P1507,A***,K***,36,F,e1db7e1e7f2dc74143cc8b603ec453c237f6382eee9a0da5230c26e1ada5751e,1dfbf3adba0cb5f84ff6afc242aceb7d9d25c8ec3661ff62033c52102eb5068d,7bbb8f8e94b8e9a262bcfbfcede41ba150de4eb83e2d8c59049b445d7f2ea8a8,1990,31-45
P1508,S***,R***,10,F,d78ce14e467aec730166b77c82d96d7bd2427342c2a62384ab8cdb39ffaf250b,050674b0f480ae95a831c4ad2a1ea90f590a3549ac5b2227b24f356a34508a48,e85edfa462e71d168b748b18b792442c2a1671dd657331d2021e7a6948f7abd3,2016,Under 18
P1509,A***,B***,73,M,a1ff3d85e348078a6e90f489e7105ee9441e2ae0a63fc1dd576fd3ba21aaab4c,13ee316c7c64a949eeb5e0d3d056760c9a2cb553aa1674ed91e7a303c07017e0,fbbe8e4734caf8fd50e25a30fa65e30679de71abae0d1bef26611f456dd6db02,1953,60+
P1510,D***,C***,24,M,d6eb9a82303deca24c476b0dfb2d381ef0aa971e191f2bf497a8ed718dd7be56,a64cb4f601ae0e48a626682b7462d326d7620f1002ef5aacb9e438b602e0a38e,90011010ba4ccd76a46b5dae4011d70d74f0977d0e874b11d871bfff7e2bac0c,2002,18-30
P1511,I***,J***,64,F,8d883b27cdaf91b9f44a5a733b701fbca14116d6aedcdb59cd45f7a92a7b7e10,c252f3f0da0157218674e7a58a76e142dcf49493aa0835d3dad76b527618f0c2,bd6f94d56852e2a09547727c6b514f57b4a8535e2aba76684473fc7af7f4d2d7,1962,60+
P1512,R***,N***,49,M,8d92fb3231ff22eac7ad34533ca7b6a0c59d3823a29b2adf58b733d839c5e65d,3af4a2ff0703bdaa765bd127bdd264bbbfc01bd2969349d2f7fbca06a87dd552,3e437a064125c5daf0e2bc8f83ebca8bda889e1525e6fd3834c07f1576b80f92,1977,46-60
P1513,M***,K***,36,M,7d3327b9d696e76e8faddb316488e069c144da8ae9fcbf41c4396282df544dea,58f7666ad4ee4a96f0123e74bc283b63a1d98957905a20f123d17801f42b5c00,bd8c72958086a5e2e94c6138b09c4414c96d3bb6a64a73b57b4f065286dfce05,1990,31-45
P1514,A***,K***,82,M,780c3d1948098a9358cd7f7e43a7cc93fdda21188a0d44c277cf3abddeb45ef9,d45b824f7a9e500407b8caa2c5327a0341e530989aeceb444cc3b0b568641d1a,1ebaef8b7b75b959d90ff3f183098645a739a22f286fad1fc191ebc7db5232a0,1944,60+
P1515,I***,I***,24,M,ad90790c23906eecde3ccf2413b0eccc19d0f6e7ea0c37e96d129a7b59d5899a,57e7c3b7ce9c6eb4b92106513d715be2fb5f4b6ed6216315b9c3c1014b817dc5,2eb743284f4cce0ad5b55b004348dc741405b9bb1b71b25c2f8579fdd16e4cb5,2002,18-30
P1516,R***,B***,23,M,3e2de3310f01fc3a582a1883c533a33bdd55953c9ec7627e99ea565e0f7975a6,96a522a8dea02e15c924df8038d0691c4e1fede181c9ae1d4711e0197e367d19,b6f9c01e98a940fdebdf57ebdb0a85e19a0dc10bfd7658aacdeb0e0cefe5d823,2003,18-30
P1517,A***,V***,62,F,f99f87979062d99b36e58cc82f4cc2996452919d05eaf5fc414eb6e3553fb693,1f19ab8dbd854187457870e2e13ee103ab8c425104f07cadbc8fa2c648cd3a96,df2ff3e89efc08bc44c800768a67ed2fe3c1ada2f815778b4e52157993ec6078,1964,60+
P1518,I***,K***,37,M,950735f287170ff17ec69f8309095cd4c58b3928c456bde4a1fdcb5f351e6407,86a90c58acfab5fdf7bc5fdf85d8b10677a563c5726585e2d730819d77938f77,25a30a12ac18321dd2bcbae7d386694a39aa846dfe6bcc7d136e9cdd75eddec9,1989,31-45
P1519,A***,V***,12,M,a0ac5982fdc05673814368ece59ac3fda52635171fa1071f725f5ee9b8a8163d,2bef4c1f69c28ac0af1032d05ef7460c53817fadbe328545d2a90490c2c5f755,c18f261679f92c264031ef18e9e99e073f3d72e8d1edfc21cdac3e2185de8515,2014,Under 18
P1520,I***,K***,55,M,d3fef523a948b03ca6572d69325739956f4ed7dce97113efbff6f38c990a04f9,6b0406b1f7dee8405f013f36cff35299ec175c66916737edcca0b43042e9c2f6,10fe657e56b91d8688f64bd38d09c1364bf3abacaae22ac236e986be1a0f364e,1971,46-60
P1521,K***,V***,13,M,aaa86c6059c75d757c8d628188e3b2b8b1ca97a0d1b8f476b797914a3308414c,4e5306158e6ba26a842fa528065c75818d2bcebd1983956e3d8af1e354c67980,69dd3a565540fb03e7b7150307db01578e3522b19a176d9b7c05b9c29fa4b333,2013,Under 18
P1522,R***,S***,23,F,520e852930ce3b74ad88335e6982a93e71e39fbe519546e3f19d225c0a23453f,56cf4f5fed9375b255a02c56a4703359dc39dc1e4414817ee0b9eaaa0428614b,04d7854701bb6c65f8bf6ea2be5d552385e94b015288d33775eacd4303e69403,2003,18-30
P1523,K***,V***,89,F,7fdcc01f1ce0b04fb921768c22601dbfc1dcececa78c2c075bde4baf5079d1f0,6726774444d87b1be086ab7714c1f0c9ef50445e532108ac0c65a2f6b21b2316,e1ecca355f14c34fda4fa146240d9db960561e49b6d00e4b0583873dd8b76b18,1937,60+
P1524,K***,B***,30,F,1a38a5173cfe03c38a8f197195c2e847d085606f87c48f7bf6177b11400bdab9,bb31e4582568245adc87886bbb0d6e0b23607fb872c5d37a995de94ca49dbe0e,827adf7a09ccc6634aaf75e15f54855d638977c8e81fe2b0683fa0980cd0874e,1996,18-30
P1525,K***,G***,17,F,37e7091f3b18386bf3caa151aa76caae42e106deb29059aa2d894ae4d942d4ef,d1a446f206c89c13796c34fdc820027984cf23e0c7ed5c8a4ef92e39465f5de4,2aaa900c85c466484101b7748738fa088d5f0c041af461587fc83e49d69a7027,2009,Under 18
P1526,S***,S***,62,M,70d0a28d8b327150e584ffc5e00acf9e41a218c2bbb1843392f2853d9b7d7197,482a5cc9b490639cb707d48a767e88b665d25928fe0a32ec830b63da51e0f44d,224172a43c77182e50e918e6e9315d0b360ccd6f7f933eb646afebc4a41f9c66,1964,60+
P1527,A***,M***,84,F,db0d5ea90f080cf2d03af6d21c893b2cd5fe40f4fd62e416e4ce83069b63a49d,a977390618b57c32893169e68eef211c859f1c2b0f1af4c2407f6e72418670f2,0f127be9aa8ad098753ad61c80fe9fa3d5262f848c2e1bfb7a50b61e9ec8e406,1942,60+
P1528,D***,S***,89,M,7d23d8ebc1ed740571cfa5bb25e455ddf68b091e35a10534d908352e92e1afa2,d9c0e696b1549482ef1a3c810dd5c0f4e54f872f668df0221a3284fe4c546bc6,33d8c491c3807d2f0d15762545f21adfa89110a45e63f3e5f5f30ea754578477,1937,60+
P1529,K***,S***,86,M,b8a741778c978ff6e5c2dfbec159caa3dc762fd079c24354f2fa7024fb6dfd9f,2ca1d8c121edbc3027eca28615132db38aff4f1e2a0c884056527bdce41f9212,22c3417d415995acecb5802a5a3b14763e2c7330a310f509bd04ddc9884c8a3f,1940,60+
P1530,R***,P***,13,M,d8972cfc9e1e203349e05f34c2fcb7bab0ad0280c7a0b0710636697c9766346c,3aba6efea016b0c645cfa4526e51d3b83e8a5e15f7c6441f571a47f171c5d801,0ccc594f29f8e63c305504efec10ddbc8fa49a87ee3aaf7c927528328b345860,2013,Under 18
P1531,R***,S***,59,M,e63ee003f44c8cb65a262995e7b1683fa833ad8d74fbd4e521f79abad2325e18,8974469ac8586f4f3fb4cd6af8708aae630b36a0e26443598c43018a77876681,a27c831a608468cf79f3737036d9315ae144d639f30dd0d07a1837295c29a06d,1967,46-60
P1532,D***,B***,19,M,228967202b0425792d910438e0b3c9d42e48805fec779b14fca5f4e5f07a3a4a,80e4bb61e71611d7116feafd88273ac7572b797de19eeeac8a8bc09fc02d251c,68d1ac75f38d9173ec28b1863ea84da4bf8e754dd2f4906101777d9063ff4a1e,2007,18-30
P1533,A***,V***,49,F,e3379e096a46fa669f62d86b2aaa99413a6e1439f0edf7d18dc6417b98201153,6c21e197563bd44c00576bd767dc0dd7a81903d096d83bbadb45f6f99fcd3692,468df7dcc6675e6a296e17f3d82ecc5f51bd9fd58093da2e199bcdd3b1c38440,1977,46-60
P1534,A***,P***,12,F,6354d129a18ba6b828dad7cf8c901877668b85b2bae5d5452c1bb1173f382b08,3e6e8b95959e2aa71858baec8b82eefc39c003ae72ae453cf8067b469e9caf93,57c2cac843187dd3e56088cd0263045faf1b571c7ef828413a1d038df4fa0c90,2014,Under 18
P1535,A***,P***,61,F,099feb098083eae636f8f2dfe5cc936bc24458628d11138c374cca737fecc40d,126a498adeba6f6c2d021cc6acfabd3691e98c570b922c90bccebfb9d8ab7fe2,8301b3f4a7fee923ba8cc3bcd352ef0410ae8eb0303c9cdfa545df6fe0c3480b,1965,60+
P1536,R***,N***,19,F,8b3385cc304155168e65a55edd7db2539d1701bcfe73ad683c792f66ef8808c1,ac8e532f50963f1ace013ca66692bdbcbc82e83861042e95e0813488ae336573,4b8e767bf2a885a5d6870b1b15fc46d6a0c2d3097b600284f7718dec600b897d,2007,18-30
P1537,R***,J***,76,M,d2da30d33786c3362bb2120a0ae2b61e9e7d149c679a0b8ba8e758f9878340f7,1560221a639e560b30de317ab17dd2c7b0edff754a59d68de62436557d32d42f,cc342b4aa7a7e769ec9fc0c1164e310b2ad6ba738cb68cbb84f803318ea39df4,1950,60+
P1538,A***,M***,9,F,f6bbd05dc3f1786124e8c24d0631f322f17a1083b329b634c2235408f3733369,e96edf042aa7991a6dcadde8553319a440d7e260f1e1196bb2287f7f479f6630,23a6ede54831f79c8bb2307dbeb565f02d7d3874485c556c20ad3b08ba8de1a5,2017,Under 18
P1539,A***,N***,71,M,22dff28304f47f1850d5d2059652b1a2999392b297de9740eec6df690d77c6b5,e6edd696a97aa86314f81848bfb2ac888dedd07d6f8dac6be41f7c3de26be084,6c0aa49cb5794bc64874f81c1f17e5af8f93d3fa67801e1f79996cae43810a3a,1955,60+
P1540,K***,K***,28,F,542c4d1b315883c89ab7fc7aff1118c5c1007aead877889fe2d73f09aef162dc,bba638c7c7843dd313d2dacf54085450fbcf03290068ce62a47f5d927cbf6155,b12d00869fff8988f83fb53a5ab059af969d195b6d19ef7b4f61e1fd537992fd,1998,18-30
P1541,S***,B***,78,M,5be2249b4d8135bbcc7ad8c228b7596a32cb62873ba23b251a42e809175f8244,c3e779b5086b7bd06fd2f5759be67c92508aa7cbb82422b0981eb040ea13affe,cda2a38864eecb90cfdf90d0d70d767e1598933089744854f986c3702ccb64db,1948,60+
P1542,S***,K***,52,M,1e61929c055150c01475c2899e7856a04a65a887b3b074f631d2a42ec92b5b01,3dbf9fa262daab81de4ae07597479308f85e60454d16891374b17aa0ede31bc1,1d159a58b7f260f2e147952b8c05973e5d6e608c1f3316e05d41e6ab796b3104,1974,46-60
P1543,S***,N***,83,F,8ffb173ed1b9cf1b75ed34067267bfd5a501ea8c1d9bddeb5654e97f0a767748,9ed412f42486debe30e2fbd79544403e8e5b843bfcd31b498c0ce6df52c2d454,5f8b8fd606144cb0a730040f181307c1eb233074c44e46a6b64e0b4122ed33ae,1943,60+
P1544,V***,N***,16,M,c08b682d8c5ef036e03cfd47690164052a50c6a5f1784f2f50f597379b58e552,ee16278f20172d88abe9d4c446138ecb9c9b25a2f5adefb9f6b28bc97a52d81e,6001d1eaa6a06674e862d159ae14c384ef5910aedbba884b44782b5bffec94fd,2010,Under 18
P1545,S***,R***,69,M,8d9a6b634ae33f37a46a9fb26df490ee5b7b31985dad6998a66f0a0d311f0bdc,5252527e644ebd06cdcc8046b6498f831ff9d829d29403be4ccd544c0bd8c9d4,6be91296a5226c0395f9882c230e3dd2bea4deef2184a930505358a96ae2ac7d,1957,60+
P1546,A***,K***,12,F,662580a6b03563b8d5e9c703145103057cdc2db177e747f76dc6527c0b80a419,0fee07a0f82adae1a2b9e8c63b14aeccd7792597517b983e8b77f26db9c830f5,9e7e5aa4931c9d32f900adc909b7ee2e64930919f3347c8839a4a7c98c72b35e,2014,Under 18
P1547,A***,I***,25,M,f37ef65a9a52e1ad5ca71fdfbacec8803c48b0a5b5fbb7639a4a421e29b2a5f9,29d55def0357075966eebccbadf52fb4bfa2bcad6927eb6aee09a084ff11dec1,f83b5cb768a353981c3dd98ae4a50cd7eb60bed4590d4525d474cf8ae32b37d5,2001,18-30
P1548,S***,N***,52,F,65cb777a1b74bc87e039798a8356abcf355b823b42bbee89f1b1fbfd30a04e35,f017f0098c41a2393f5f03691db4b0154e26df7a79ea16fc81110804f86122e8,e1c6f288490bed03b48fe1f833a2c6f2793d06cd5d5a4dcfb446bfc4310b8dae,1974,46-60
P1549,V***,B***,85,F,c67b046a15f3d3a4ce545964184877313ad26f50e4292ef1d9c2e57dd0fc8f3b,a44585cdbbaeddeeabf397ab7524ec367a9b3c97fbb752da3d9ff8c88d268397,a82ce40548fc4f89eb72a6c585c0dcffe458eab8f8b2a3c5f590f381ab3eb472,1941,60+
P1550,I***,A***,53,F,efed1c7218789667bec5bd586f0ba8d7253f3c665443b3530c15425adadf5ef8,88e21174648a5ea1ef45c7c4328db02681ac260052d1c03585c625382d9e8f33,db7b3a3570cadda9166977c22da73b1dac3e2558abd8ef60e803d2108de5f6c4,1973,46-60
P1551,A***,A***,23,M,0186706c2e7a3b08b90b723aba4c5dd034e23add9867a9806283b8d651b1136a,81490d205770e730ea956a8a392ccbe2e063d39fef6615dcf596e7bcaa843d47,6c90b049bf439e6f1e20ea9cee35d365e8eceb0b0404ad344226bd10ae1ffb0a,2003,18-30
P1552,A***,P***,16,M,2ffc1062ee3593d5407170993b3ced34753e812df082a6f424261d99a3a94e10,4b8a96e5cd5b1972cc04efa84bd2907ec8fefc4097798bb29212f5ddcb08c819,fe2783c3a7a75b9a1ae19eedb56e9be3f892bc346613a7325827e59ba1f513a5,2010,Under 18
P1553,A***,K***,57,M,0949430032fff90c1984b535e3e87170cc1b59361f325763b6fc386bce4c3217,6408a143f57279b6aff45714d4382d02fd1bb819bfce0bb78a52931396ec69ba,749310afa47ea68f9ada39cec13bc369c948ecd4ed190e3db72a0f863a5e9bd5,1969,46-60
P1554,D***,M***,39,F,1a93900179a9ed617f654103534211f55ac014519836410881ca1fad5c9b8628,30e18933aa0678083459f74c8130bb744cdbb5dda72fd344f04041255f5ed546,144bca37dc7e0e783dc1d52a2efcc8d5a72ffb0afe589bde26033746669842e3,1987,31-45
P1555,S***,J***,53,M,2b49560fb2ac7c2c861707f6516a2d46c626d362a612b65c649d9179066a6a73,5a33d8fa83671133758d8b8320ad802cbcb107e5fb2d80315a3cb6107461d57b,2a29d708c68f020e9b6adcf479e88a30bb6ab0f8534156fbe38fb2eef68bcfe5,1973,46-60
P1556,M***,G***,42,F,3bcb9498c358c88f6fd2346f0105b4cbbf5f3113e4e2142bbf419be3e9c5167b,0af531b0a9943e2defc23d17c50871d825c198ea23021b6dc20b8356427f058e,58d8adf71af73df867930d75ab63ef82066bfd8bc4420eb16176f89b8a4b1665,1984,31-45
P1557,A***,K***,58,F,ba90c40e4aeaa4c53a0d8e94e5f8b3dd244467b0c8975faa30a420cbd31204b2,602d3df024090f8aefd1151eb5bd4a5fc5b7095f37ddc723441869cf267db816,a641bf4876adbf3b9d602dabaa1c4a284fe24a6145ed90bde8562e19779aca07,1968,46-60
P1558,D***,J***,39,M,d844855c524d20739113941aa3445786fadbe9bf86d6896da7623e62139a51ae,6986e5ade010d0439b52f6b00086f56881c41b874ce3f115126a6ee562ec3515,d8ab454d8f311a02be25d1867fccbf3836fe2031c1d7c12261aad59a0b8f633a,1987,31-45
P1559,A***,K***,14,F,eed19442d3d10a8389c2366f757850669a55dab14a28b52bb6f168ddc2175f82,33517744d8a31b3e9ea1d292280057319d199495d0ef675d1c0ca939a3c42382,1cc54513aecba5c3c608d3eb155f99743064e47c8567dbc1d9c62a0d5ed85bc3,2012,Under 18
P1560,M***,J***,5,M,9bfe05869fe5d4e81e80076f38a633e5e0474009267505ffae62e76060534403,911c304f0e9145f36db8fd1ca3984a55b32c9bf001fc11b99c3d3d0be5e3cded,939d6b311649533df50c380ce3621af70726534401c8f6c97706c50fe29ca735,2021,Under 18
P1561,A***,N***,35,M,a3cb61b568542dbecb9dcd46b71b0d2e7c1e6d2d667e11ac3ed700e14a3483d4,9af8d605aa599e2b043782043579a9b65b7a6fff7ecfbccd160391641c90d1ba,3a00368ee1097ccb3d83169c0344c72df8e8f41934db5d06e2c91a2a8bcbca54,1991,31-45
P1562,D***,K***,87,M,00ee3f17974b10c431f4c84fdc879b0a9211c2a5cb562ba98c706dfdf239f4b4,a7c210d0dbfd10cd5980554ce71d7915ac460d73bb6fd0787803802c0fbacd77,63e6e29e9675a77a6549f976aa5d615be7c408f6688d1a9ffd7704375eaf6e60,1939,60+
P1563,A***,P***,75,M,b5301883accab5d2363245b3190a33fc189ecdf6931f7c556c78ce8d9ae07017,3b85ca5b06a1dfc41c77c83bac9e5edd8da49561ce9620562e20a4f42c4dc52f,58fa0d7621dc553b2f021cd9c3c59006ecab73af00567b9659995a1ba9fa30e6,1951,60+
P1564,S***,C***,18,M,df9511f7231faafb42adca0867b0d2e00a1344095567ea35ac26a0c0b4b535b4,550e7dacd90e3ca82efd65096e8206ac6ff5645a1531d35663bc6a31494b830b,8767cea8e0fe9fac6b773ef7ac649f9e580dedb3bee40666ebafebc29c0a1a79,2008,18-30
P1565,V***,N***,76,F,b562ce5a2d7d81640801a03db8606c0d108c39d616172c3ab5b570613b200226,afc83c958e55c47287fbb93b47c73c75bbb5d3d89b8c97ccbd70087e6e55b0da,ac1c7e05c210023519828201c894d989b26e5bc634ec9f1fbd45f2ed4ddcbea8,1950,60+
P1566,V***,S***,9,F,c4f359e6b79a9a42daf8c6a4e8ce258d05c35c1e225b2440c72708ee4ba12774,910d2bce23e9927b17c56d73d7059f3646abe0e23556531e96363325ade08a9d,ef1b200de208219041a5d529250f977297ef127b0d983e90af39deae7f2a8f26,2017,Under 18
P1567,S***,M***,74,F,73427202940779fbbe0d74962ef1c4f0ffaf03d7439843e886d87dac9ee3dde0,652ab90b68e87665cb0b02373ab80998ade60afdbbc06df5b043e03bc4787736,f20675d79d1a56add8c2718049aaadbd12b422308ba1baf5afd6fef777fd8e40,1952,60+
P1568,S***,I***,58,M,b20854e6fea1df73d1b4ce81a12341a127bb727e5c7be4a59f8ab34e62127d10,a404b027a42d47b1d2dd8f0c94150f25eaea67f1a25e9ad1306fd9fbe4514a83,ed847c43f6d1a58f098af4c4d3e052e571e2fe949a444c822c5ebfebe54e9ee5,1968,46-60
P1569,M***,N***,17,M,eb6b4dcb254380b4dc180c50070d82e2c4183896bee629646df8f8e2891225ce,c69c7739954a61918fa44578ec57774651f3cd22eb550243ee83bad910f7adb8,3d16038e5a76ee8df2941c0b5bcccc987c4c478b70a4faea843e872041eed0bd,2009,Under 18
P1570,A***,R***,7,M,308bfb67ac5d55580102d26846ca13bce27d341455e3b64ea4c3ea2ecaadc78d,c9f85104b8c2792f92310ca8fc7513c70b2044ef8746967e2719aa7ad65494e5,eff519e80ec37dd0e6713ae9d34ebfb7a921b6302f122b9f41547188870963c4,2019,Under 18
P1571,D***,J***,46,F,e12bc648d152b3e37a2011877e475cad031b9a5c63f7119c982629afcc0cfc76,398dd4ef0c64d5e696b80a0f00fdc9dadf133af875c001edb4e2f64712d1ccf2,c7d71d8e1f26ee6ee4556401b198b40c2cb4395d7d4078914c64a15038797332,1980,46-60
P1572,S***,B***,13,M,d97892fd4fefa05bd2e992a0c0f74171420d483623b5d02a2e3ebef7dec9186e,e0e01c643237a541bf8f9fe41a1f46cf3360619e45f7182a1aedbee170b03a6c,bddf4ea956e89babef815a2d97955e144439d520b254ed9f84bc74c53c02696a,2013,Under 18
P1573,I***,S***,40,F,a3c5433df815f62ea5c4a27a5710b8979c8f193fca64b0756e9d98fb1b244b58,afac9d84fd54ca6e5b9482409323a438b9c173be63298d0f1beb039ea0c4d510,fa44e24f673388b1737ef1bcd98157ebbd7c725ea4d30c9e4409e939fc85c024,1986,31-45
P1574,S***,M***,42,F,621eb0acd3f6ff057d52eadb3075769385d5b1699ae83db8e0735b9c956fe935,be12b1e9daa80e5d41509353dc8da115c4cec00ef6681a39e208c34de32d6729,eb067226818af4be6b8f6a2f0be1378c8df7d2d204c514c88b956d2b13a9d8c1,1984,31-45
P1575,A***,M***,9,M,b9d7a749e30cc5976d63003dae1b866d8d8809718ce34816bee7f53491d12a69,c22e4bb29e0a7a60f7a69ae7203880203bb4d62a61e30203776d55eb95c3047d,d523b9568ee867010d4b2b038a32c4e19a5c75c5553cf6a7adf9b8ca0bfba4c7,2017,Under 18
P1576,I***,N***,50,M,358b3f48145c5795d2d680913645343385b5642014852a44633774a527b97a28,583fe11d75cafdaa5878b6091d157feec292328024040974222d0c53182c4773,609fa2c017219b47010fd36ab085c1edc5af11b5600ee1a7c9aed9d536b8fb4b,1976,46-60
P1577,S***,J***,27,F,8b409711bb9326183464ce0911f89640795350799af7e836d4e835db57b914fd,9b317102431670bf5142c1dd84c02ad920bd1cb8d49e1b0d2be3bf7f408ed674,8bcc29e6a9ce563e9dc7ed7a4ce559ec3ff1901d5c6d796df239f7ec164433f5,1999,18-30
P1578,S***,S***,66,M,f9f33079b8cbb6fba5bc0b06514d403ae140e7c043ae403a55efc41da3bc06d8,54acf0d214ac5e54e8142e38edc2b7627b2f52221ae92b2791ed90e273c3d63a,6f3cd2e3e88542e1d72b13f9fabeaf44d223cbe22567406c133aa39c954e88cb,1960,60+
P1579,K***,N***,5,F,0b460b898dace2a879b6e25f8af236e8c8c2fbfe7337f93ffadb6ffb9f8fbd05,84fbea9bb98b8d803569314dcda9255eb6b92ba16125ab7591753f06cbce8db9,05657160bd77fba7c6ccf35e28b751054037a6e5d28d67aa09c14c01f14e4fcc,2021,Under 18
P1580,K***,I***,29,M,4bb0c0843118761fc7832d5c22243f68fda96fbee2a104dc9c7084bb0d68cb29,6a8f358be236a1e0bbac9d22e3140d1dfcc5cd58d972517dfcd662f9e0349368,c7e7637c0e17cc15e272e2afd888a2c6d79e6342e282272707d6896bbc4dce8a,1997,18-30
P1581,S***,M***,37,M,c3b4a4407b676731ae26278d48ffad487bbd8f86bf955380c758f48de3475e77,83d041e30fabc5a703d33ef3f7145399bbe67117b808951e59dc791aa878a42a,d8ce99cff8e426579e3528196d823dbb3d0bd24db32091712f0413d5e5537857,1989,31-45
P1582,K***,P***,38,F,c9ed4575055850a18b6d6757631bb35f88af4de38c6b50b63427b149126dab10,f74df0e0a12ee78136b811ffcf3a2011902798029996faf9a70fb4dcb19d689b,96585930bf1a95d567e33b01334583f572b33b6c5c96b0dc9713f35f12c25cb1,1988,31-45
P1583,S***,M***,83,M,87babb85a7cf06d5fc3662e7cd2ed5ab0aa5570e35a40fe82c897cd647bdda5a,c68d9d52cec95f51092227f2f36776703635a1e357511fccc87688838638b82b,28ed1371b444c598b2e3464dfc9b67941ad9ca57005e8a7aa61e1e41c94fb986,1943,60+
P1584,A***,I***,8,F,bca78d43f422f7aac7f4897ff6b74f7e8f5cda073784d285df58ef5ed91b1d6c,1a9edde63a42c9e19525aa539a6ceabfd6085227cfa4e21dfce3613e97bd371f,0c529a33a6b41bf691221bfc7cc66c81401656af2db3bedbe0f9d76ebf57aa5d,2018,Under 18
P1585,S***,G***,65,M,9d431eedddf696ff8915b92e8d6730eb2b9e61c657859711b51806a1e77941c7,1372997354dc5e30451099919f2f258b64391cbf977864360fd32b38602ce06b,c829e8f3a3750a203d9cbc5fe4808cc350a9a9eebaa2c6f1f5245904f3dabbe7,1961,60+
P1586,A***,B***,86,F,b4c62bd5b993f760e9451830f74a6d0e6d6c1e4ab250587885c5d86728039cea,a4059322d203cdb6a75ddd89c28790ac2c09eb00ebb7e37463c4d06226e6f470,8a1962510a5a438fefd3522f4b934169a549c8286571c87a41917253c55ece7b,1940,60+
P1587,I***,M***,17,F,fea308675db0fba7d0d03d37eed6c75fec4ddcfdb42a716fde82feb23693e9f5,f924c9ff1e82ab9607aac87d583458d909ed8a5ed40b99eeb4452ba026655b77,9917792c96bfc24b8bf073405c83f57380b0c7aac40c60a0a33c381b50c860ad,2009,Under 18
P1588,S***,S***,71,M,c99b29ca7a839d4f887f09152b71d72ea64e5d92822aabd43b7fb2a0f819917f,532ead03412bcfaad85b7a2fd999ad8166def7fc36feb85314e5e53b9109545e,0b491b6709f0d867830f519c063a6fad212ccc5efe9d6fe8cef15b2a3f6a2a73,1955,60+
P1589,S***,R***,89,F,bd1e5b14d74226117255482e3f87c0f6810a04fc54511e79e618a3ab1d2ebb4e,65da17c2e740f726da690865746c8646db873102fad2922708aaa032432dba9a,ba1f1489b8abf05e54dcbdd45ff9d1cec631d84494908380cc00b45500b8d5ee,1937,60+
P1590,V***,N***,45,M,2c61b6049a8019009a5613cb1980d80a16c9f5f3cf266aa256dba726b1e7155f,589e1fc49d081688ac8c955eebdd374ce7d58f4955a3ccf7002e7bd1da2a9a08,b1e8e57c6243fa0466c54058c8d0154814b4df473bba86a373467de63f2e58f9,1981,31-45
P1591,K***,M***,4,M,3adb26f5e729fed6636663751bbec81fe76d89da0719b06ddac8a9ebe6612846,ce8dc38b308f75bd97d4dc18e447664cdb046b912af4e695bddb26cfe228aab0,3f2c95f3d716715db8d17656f25a6ac58fca34f94504731fb353b60297ea0cc4,2022,Under 18
P1592,A***,R***,36,M,1c47cd3d0defa7b033f04179e9d1efa1708b18a12441c96f75982ebf56afef80,19d5495e0f5946cfc0540663a8b9c5f95ceaed952eca7e14356b535004e25bf3,df180d016010d61aec60fcdc5a1bce59c909dfbadceedc208bf8d81a4f5968ab,1990,31-45
P1593,M***,I***,70,F,8780bb37762d0a4069d5f2ea4f1e42d383f42236de7e92d557046093b18eb9ad,88a09510539b1e101b9eb990a9428b1c326d1f25a1cbcb02e8ff36699bb18806,b0c687c655dd95aa5c4b7e730444ecba366d596c72482bae769ee51eaffbb577,1956,60+
P1594,D***,P***,31,F,622a122fe845dacb3c0a06e2d292843e6e30c218a69f5fd5a3f6e9161e9fb02b,7eb421302a52c42147c15ebc52f9b2c26c97ddd5a3c3f6a04ba5e4f757309fb3,19e404f7967ab29dd79b8cbdede134b531e62bc6044d063873281d4caa1c6214,1995,31-45
P1595,R***,M***,19,M,961d00dee53f88b54a44378298bc0c693980cec7ada6a3e3586463c199175099,75f79d87c6c2f966fc0e2712e8184d9c2a94ba582c237dd71e53f7d7fc80561c,17181d47999609b00160c5a40f88532841d6200618d2b46e2881af8cc8178a59,2007,18-30
P1596,V***,D***,61,M,6067c3f4326ff57bb525a1a45ca6fb0c0d7bec561e22f769f69e53152885ad70,ccdac2b1c16173671f2d1e1a1324d1a33293a2183b2e16bc07f627b7a3adf5bd,f036132460ff7ffee59a43d5fb13ef1665d3bccac26ed2c6d0da0638bc8cccbd,1965,60+
P1597,K***,A***,54,F,d61c07989b35c2d10124bc21d3bf4cb0cf6605f814bfe03bd8ddc6b9555441fc,b2293cb49051a179d69a3c55fd903507c6656746f169b96535a40286eb3787dd,7d416b2fa9f25ee2f53a628b82c3242ad9f17c0a27fd7f1804bf69a8ebee91fa,1972,46-60
P1598,A***,G***,39,M,b2101561a7a23b863a72e198bf07486f54d3f1e3eee42bd688e5caa44d735c85,8ddd6e1896e806e7a647e84bf77dee16a75ccd76b2ad6411f1ee6e7550ba394f,cc1dfd85eca13f1679f98ca02993cb08f04f601d993eff4446d18d669041b86c,1987,31-45
P1599,I***,N***,74,M,2c0e12c90b2faaedbace69946b0ab7646cd419322af2555a4306160878849291,8eb2c285acce538afa7d2013a96df93833ba44956650cc6c9aae548a840521ea,15abc09f47faada81f2cd3605455ee367fc40811fc07053dda5984fbb76a8315,1952,60+
P1600,S***,A***,19,F,13a8f44f4a8885d7bb4f9cca29855725952031ae637d2dde7981a827f23ad04c,adb16322d2ebe7c0acc052c5edf6596b5aa395d0b947b4e4e4bcd505c59984b7,39e5d4cc0315800f872b2da649f36ffef853d7b6f91f2a5450076078bb559c0c,2007,18-30
P1601,K***,N***,39,M,03f88fd05ea72c851f0ab4019300eaf6455d72557da1fe821338eebd71db3d42,964a29bdddadb46033336e2c7ff2967a4c4332d6447bc1f2ae7476c9032dc412,7ebe8e9f0488f834ec192ca0ce4c13567a7a815e4d813913775f588f8e250bbb,1987,31-45
P1602,K***,S***,67,F,73d20422cfc78d1f4a1ed2fd70a5d88618d632814966755609238d11516a96b4,4d0b2c69146b51d9ebe51219a5db637c9ebd773436e1d881c48ad5a9d380bf7c,23e130ed9dde8f75e4f057179c69632e2c63aadc94a93e8f7194b0dc4243b80b,1959,60+
P1603,A***,G***,45,M,e00373d45c6c7d55a10d9887a8ad38db40ca425eb7b6d6e593a36577e0cfca10,3976a392eae9302d2aa3236d7d5c074251ae5756bc7bc6d18db9114668b9064b,809adce2e9c18b41ad0e8695e77d9364a9e52606f4ce1f0017e057481b965322,1981,31-45
P1604,R***,M***,13,F,d5dc3d1de8ba26ed8a6679464667906c42a46083f18f492b7dc2a1c4b375bfbd,08fa457fbd0916cd0fa9493355d41208593d488494f32a34270f51e63da57ad4,d8d9bd4db676cefcbb561f2bfefc83c62a3791b907c55b55137603034f61236f,2013,Under 18
P1605,A***,K***,58,M,c95ec75b1490b122d219aa20c10ab0312432e8f0520ac1dbfe8b32e09c98cb54,82b6388a3012331c4e7eba9086af4b39ee4b9b95fc5c3b9d606882c01052d0cc,d9b6f069c5846e512ab467d341b8f40d7d88e50f8ec557dbfc1be9a3439d761b,1968,46-60
P1606,S***,C***,20,M,7cb632d7981927875fd2b618521f99e5af1dc84f2e6b25a58ef5f95b2a4aa6cd,9aa26953fd1ec8027e7aa35e184f2e56608fb76b8249ebc4465cff10493ac465,4967176ea065e32a88a4956b1fb1d1efb1bd660281c1ea4dd095843f57311ab0,2006,18-30
P1607,I***,S***,72,F,bed3e288404c38536e90c53fc13f34a913f830e5cc05bdb2d9a073427b14b787,e25578da6cdf9c4cc4d6ed4d6c43b3f388da33aa4d9e50479b8a7cd64cf1f8f0,6771431269210d941a2fc9403fb6395901df6daed232129b3fcd98e4d6f966df,1954,60+
P1608,K***,V***,61,M,457c8167e5fca4e11c968f6cb902bfdfb7fdf8defe0fe080e0de231458e03751,d16153b55cd9c6ecc845d62affcdba17466251e2e46014e43620465893344b56,318ad373017e80cc7e95264ca4221e28972bff4334abd9063f251d4e4ae1a6dd,1965,60+
P1609,V***,M***,39,F,34a7774bb5e4ec21ba3551f5e19dd91c6dee47f194809b6a212cdbb0464b3c22,e23b2403d3f615144c675d3faf59a4ec0574c3f45e822e471beaf7443806b418,333a9d0cb63204b9156ae13aebc21c593003be359d6ba862d32668c849d80449,1987,31-45
P1610,D***,S***,1,M,66e381a9b2d61fc09346905f55dc2e24e02b8437598c7eb24cbc6e9f2d6396ea,91ca84835f8b4d349a0f886ab59aaf9a4c7ebf4ffd33b2f71fbeff837b3bf128,d45cf3f8609df40c7a5d7b740978c2e0ff88483ea2c5c481fd65d9fd0bf188af,2025,Under 18
P1611,S***,B***,3,F,8c405b6e4fcc17f172b44fd84f6ca093889233f3cf03f9ce8ba731a5fc1caf0f,fb0a202ad538495d4d97127a973d5503a4b7b98acc202aa672acc1770d19bc25,923268d488c20ede801bcbd5f591cbc36b42f8e24fd8f299f15160978fcba71d,2023,Under 18
P1612,A***,P***,77,F,adcfc8780730acd0c466256e711a7b8a9fc0b52dec606eb8d76e9cbddee919bd,595043510a803afedfdd8cbe20a55fb93ecc596bc88f1a5cdfed9f819c50acfa,c899eae5fb862129e20fddbcf816f3fc38daaee0374f01fe0794294d1cfb2100,1949,60+
P1613,A***,S***,62,F,062912c4ebf8ebdfd01b4f41fe4e3f0cc8035759e07ef17d4b07b49b840d61de,e9ec6ff9c15e7a1bc4834712fb439c1809879f53862168ff8e7622a291a1aa25,558967336ad4c4bb09c9cfc160bc68c075cfce1ac2c489e3e2efa84609e5414e,1964,60+
P1614,A***,R***,63,F,763666a90b380eeca940738ff542e0d9a5680a81d3c31d16046641bf2d0813b9,75e41e82b967a80e65b1172a567277e8d4a734f9a4a0e49a63612d0f1f462519,d8ff0b790110cfbe6b4f1837eeeefc7dd95e20c12f5922ee7ac919101928e358,1963,60+
P1615,K***,P***,25,M,32c55589ec0f513d804528e9e52a75dc8a800c3a0b937eff5bbb58c46cb1823f,bb07e37e03769a7ea3caea4d9661a6b2f63d641f9aecf73b19883c2518070afb,ed4eaea78c44a2d48c0906bcb6371351acfe4d101d9f324c574559a05c4b52c5,2001,18-30
P1616,A***,K***,56,M,59eec85be3da069fa415c73506f033fc945f8c72f682410be1214f6e99386998,7b06c9145417f833604a832f2a83cc4777992e9133692f1ae36ea2c83a55f504,f57dcb3718082f97304a24d48fc940b15d56ba5df1ee43c5d6088712b74309da,1970,46-60
P1617,R***,G***,33,F,c0150c0fb881ae2abcddb10ca781973169acb831e90ee3587c1392979a36a9ea,592cc367a6bcf0d95a6e2ba6c718afa43a74ec6ec4cb4eaa437a38319ee66da8,7ffa9b750098261c1cfba93577be5066c353334b39ae43a6686b46eaab288b91,1993,31-45
P1618,I***,S***,38,F,3ff4d07f37a561fab49d8bf49c10fa99dd4ba8ba40fe444cc562e21a7a74305c,9e3e7e7c406401a2ae8182eba83e6e6347f0b846208eee6a5f1fbd96577145f5,39dfd123a18eadb542f347b852cf762ce52fccaa64ef238883435fe245324e08,1988,31-45
P1619,A***,B***,6,F,3568fe4cf5d33332e25e4c94a42c7b3d419e8f8d86eaffb3705a82664d9ff56b,7e55c756e62b01d73ae3b717c761d1393776e4a30e933cc904c40000cc389d0f,f15deadd84ce72660c91c2a69e3ab0a96a275788f797f4744593f5f8aea01417,2020,Under 18
P1620,S***,K***,58,M,47c6b54bdaf4b6a228e765f17c10afd36d3b8e0c925b18dfad24de845900ab01,c368b51cf6ed5e4814d873b63f6c8b4918c696fd73572fe7e1443eaaabd95a6c,19ad14ec08e0afadd64e55f0f94c47fbe45b1f2b3125e88ef0338d3bf43f1038,1968,46-60
P1621,A***,S***,44,M,d65e338b772a9b1bcb39e026eb5dc3b9174c5d5f7ce439ab8efd095549ce349e,f20426ba93bffb006e1e28e1ecf89bd7e1fcea5f94522b10036fac6329c1dc79,bda5bae12312bf1fc8243c886fc0b2ee6bcabf0496698fe87fc3e5017c6f4d1b,1982,31-45
P1622,R***,K***,45,M,30754fd89b5f7069a2c7498ddad83df84a59efff9101fbed79734be3194b891d,920965a7ee81dc83d0094ec9ffa9d544b4d4c30553af4c637c5b085b1e6b278c,ed89217b44570f084ab9d47f1b3b50feeaa088a5df8fb953da270e71f696e4f5,1981,31-45
P1623,D***,M***,32,M,acbd6803d7f22612735a115b36fce4df5bd51311d3ac010fd34acc5c4e07f73f,ae6e4e394918adc02a344f208301ae805958eb834660a64ef8f4b2b28c3bb6d2,8799be95a0051714f717f9b6e397d912d6fbb9484fcc025956a1d8d32772441f,1994,31-45
P1624,R***,N***,45,F,dbd1d6bf0a17750519dc41dfaec8365ad85fc9faf352fef6ae83edb36809b36e,689580d2e33b783204b37d9906af4636d77feaa8781a77cb14c147602b4f83de,29bb2d43639bf9540f923fdb4a7d7d112b1feec4781ce4d3681846be930b5713,1981,31-45
P1625,R***,P***,61,F,a99e4f8adb30db3af8678023966f54f9e2572602449409c394540798219abaf6,f635de98fbe3eae07886a49c4a63fcab2e60df6b858d69821361f6f39ba88066,59f1b80fd9c55f49664bf51336896c2daf422854df7726b3bf693c500fbf6432,1965,60+
P1626,A***,K***,47,F,b42534e63cb9a55a288d38a85397ac962e725f2803044921490995491ae4ec24,162c028eee93d43869f95d6ed9b6dc29ca9a210a1b9dbce7890ac14d0ebd0c38,e046eb2cb325c8eac28b4a8d3e38a6c264cbb4560f57c0ce8a27a6f436d5a2c7,1979,46-60
P1627,A***,I***,21,M,f25998bd3bf2b1a992aeeb1cb6527a084c02b6791e2793b345830352127cd5ac,059e7a1bb4202db356b5b2553986eaab1b3adc758782821b3d6890c6c0c184ea,0e139375c9995ecffd5798da0f4bc1a3ee58ba3a7176f4c2a20c860c377740ce,2005,18-30
P1628,S***,V***,80,M,05676195f1d5af2e6418757726f5194bf5479257cde87c320a857ec5d4b99283,3b1738ee604399a29ac43c7f8c5a035688fbd2ee3f0df5890bb32fffbd031cf5,53a829ae163a259c72f4d028458eee3a1bd5e551cc4a045a59e6121269a324e8,1946,60+
P1629,K***,B***,85,M,1798a6bcd2991d4bbd7a6ecbffba407fe42996b14389216df052893e558619bb,852a859b3ba18cf3ab87aaeefbe8606aa7f47a8877234e4f6d66f05c84d7ed64,faaff43d0ebab23d52f38998d0e12a31226139893eb8d49edffeb61963390789,1941,60+
P1630,A***,C***,75,F,c40d70c49011952c222da804592666eea49569292818a06f73c98867c4c26cad,fc9f7281873ea9be94b2514201cb7a3e8af6f39e33e2966c4f9cf215de3cb68e,72af58cebd691c702cda9ab7c722c4a786fb469cfae0abdb79cd33acf8b2d942,1951,60+
P1631,M***,D***,36,F,9e41330ba15eae4f50edd597c7bcd4de9e1fccace643dcae2f964088e3a7d560,48f36697abe58702bb65009693340f4d69a1fb2a4c48e8549b639f7233bddcfe,e6b086bb72e139c0a9ea1ea02b9d71149b2629cd3e4bc820e80fa2635a276b52,1990,31-45
P1632,A***,K***,19,M,7bc8d0971b694f5623e93c3b61152995c4980843ef50c5e3ab5733d2731311f1,e4877055c7a3c97080ee8735328c278dc5fd7f7bccc40e25df28c9bb6940a470,8a6faec702a7627499ebf76ae995c77a86b7672e1f79b7124cfb8165c90cf005,2007,18-30
P1633,S***,V***,20,F,08c4e3b31d5c794f1d468785c49976305dec2d4fc76aafa258c7557f692ea858,374619da154dbd248334d17006d1ade6cc907e58edd6c3d3723650cce203c6fc,238a588819d0610bc7d7eb41df6f5c7fd25a1e9da34178adb77272b0369949d7,2006,18-30
P1634,R***,N***,57,M,9b2b0f302792b9959456bb2c4df33ee6fd5f88d4c3b5c110925435060b36bf56,beb7b3263e0a0f4d8127a5e852657587ebc0c0bc247f9b6edb10cfc838c81943,e36cf976827bfa21bc38b144e7aee55c8cba528e75394f1d2ab7debbe9e3aecc,1969,46-60
P1635,A***,K***,18,M,782248a5202f7646ff8e5a954e4b40823e0338317b9326ff9529d68c368612af,ffde860fd4455bd721bf325134b61be61e2f8e177ecbcab61b83ed4f66810261,a2fb6a43e62fa411b17cd2b0ab25b9916ec8522999183463c0b7d6a3ea76d011,2008,18-30
P1636,R***,G***,47,F,e23fbd464144ada7d17a8f132e1341a130c2f15c6dd81ef7ec5cf59902198f70,508846f97b5f4de9c31235998b97293fd1878b237c4bb1689664dc1775754f4d,281dc5faa481a28d7e1e9326142fd88fd0eb1ba9e2c41003d87cea5c83603f61,1979,46-60
P1637,A***,N***,49,M,b1ca9cee5792b7547b670f9b7603952b745bdde950ad7af41e4efe98a77fe73c,ceff4a53db7b4d7f8b292adc1412c9c04976b31d7b670cb1d77ef757209f6cb5,2e1a51d5f8d0d06ba923aa38a6e12733da0e26fccc2c235be09b7333f45a1fd6,1977,46-60
P1638,K***,B***,14,F,c2c9522dc9d475c895872e94a7e1baab03b0d2d7385ebd4494027edb87d59eb9,59faafa3053e7b9ef274022687ca9e47553417eeb2723185b93b0d57d051cabf,986366ce99929866ec8cbb13484597d4a9685b8308f3d132e12fa8d35d78a5e7,2012,Under 18
P1639,D***,M***,15,M,cbc89a53bcead133d5e1f0e598bd90552dc74ef0fc720a032250bfdacfcbd806,2c15a60548841f95df3f071c854b78c2275b91aeee46494de64d31878be39716,547f8ef0b9a62c84dd840faf5d3db4dcc8cedc1addf9ae8df0b2832ffd67efbf,2011,Under 18
P1640,K***,B***,31,F,627a25b82cff3736143d0df3a5ebaaaf43efbadf526c5881ca4404558eef46fc,0169438cf623f3dbec894b61258eb3f251af0d6673a960de32c33d925891b0f9,1557e55619fcde1e130fce0637fc02badda7e577a07898a1bebf1d35098f2673,1995,31-45
P1641,M***,G***,1,F,cc741e1ecfe8429727c3b2120caccc057c78302c2cb4f97f7d329905b55c561b,9664e3ecbbaf2826b176b8ac9b9a79fa85b861fee8f0ad5bb71f2e5d733538bc,0ca936ee31ffa8a433f8d06b82ce1c07eeb2f40d94e834edf90b1abbe7184bd6,2025,Under 18
P1642,S***,B***,54,F,ef16f51086fd56d1f07302f554b24ba1643a21872e2ad0987a7745ae1f400e06,4ac15ad22261073c2098a89037209ad93e25b8fee06517498a46c4dc950b4a16,3c9b507b7236e585784a1518bba8090508ef7c0673a5facf1d45d96d1e8e1643,1972,46-60
P1643,M***,D***,3,M,59a886e3f4099c070bba0cdead5f8dbf11d934b18f0c3d9d14d0ec3ac3b5e4dc,7967a5e50d1ced95f10f2e8262c065989c9356d342cbe130352c469aff706c6f,24df91d80e11d6be5da33ac80b56db011f5be5e64f5b053e5e9358f465f4bdf6,2023,Under 18
P1644,D***,I***,16,M,e2325207e56f6bbf9c62c267c8c5aa7a78171bc1d7f474364ae7f6e539a23069,1c05f512a425c4d581d1d69b0a37ec4592606705c456657a74710c3223b9a3fa,57106cde60371b55f75699678d07d7bb63659cb178a1cc8269db384de2686ee9,2010,Under 18
P1645,A***,S***,87,F,c11f4856f57f3bd05cc69f86b70f6fbd4f20afa795fcf067794957c7c540c5a4,80a05bf7e696c5947473c1b7136967c294a32a548dac928167f34855284a09b9,d919c7cca3b7f83851fb59d85a5b5799d6c38ee205ef72dec23d2df7d88a9060,1939,60+
P1646,A***,G***,57,F,a8037d32c93daadefab0cd6834e092ffe685b4b09b35a39cf4fb71c1f3f81b69,97ad5dadbfe4491ad854eb3e6cfeaf15f906ca2e31f18ed782e854b1852555ca,113cc6423e8b41682dd4e07ef4d9e086aed06b77f05150f84e77ec3d31e7fb89,1969,46-60
P1647,A***,N***,75,M,e86d66ced842021e42fc9013667bbb2665f87e528ffba3de158c29ae1b71a955,99f43b72a6149e2dd261bc993bb735a99ca691e33535dfb336c64236db5a6228,b29fb94fa479d969f9b700492a753b307610824376b5825127efad85a8b6183f,1951,60+
P1648,A***,A***,12,M,10319c3118f0ad3c5adcdf0d75e9dbe061f11a18cf8f12409d6d163cfcc5c24a,1815b8c690cdb9013d559a1fd10c6a8e3d1c016870f1a6efc6d581ea6113bfab,8fdb8a2f8c1f1d75f25beefa2ceb2501d9ca1b6ee9febd61b46a8b5b00d43e1e,2014,Under 18
P1649,A***,J***,74,M,de113d4b5f854439af0f3a531ec5eb28c667a23ad90ba1d274f0dcf14b08cb84,fa97bcec323ee4212f6f03ea539c4c09cafa5421cf8049660df13178fcc50160,c7bf3fe12555673fb8ac5de36fba187c2113c4faee4d526202fdcbd7a85ab262,1952,60+
P1650,A***,M***,16,F,c698ef1cd9ffe03cd3b7b2d9ce4726d206df5ca99abf7ff7fde20acea304b5c6,4b5ec38defd0df7252ca9e0d34ef3a86b5dda30fc19b130c8fc71a4e1a4bac40,bcc270e9aa15be6f733d7e90c51403ebb58ce1859871055343146f709c3b9009,2010,Under 18
P1651,K***,S***,72,M,807ec70457223b88cd09a2cf3bf271aa38c325083ba5190c4db005210754ff96,86c727067485f43a84597ad232e84b0e8780fb17330411ee09a88b11224ce787,67b6bef9408ffc65a3db5e0c7f45b5f2a465e77506dac6a440cdec5c163ee696,1954,60+
P1652,A***,C***,76,M,788c65268fbbc393f8d5c837579b6235556562f3f4cfb869d1dd26e6e1612611,4a415467452313a9d9fad2efcf17cf1ba1efcb9baa09de1f1121f29fb7894e57,2be7c216a8ca2793e87473bfe398d18ff319382d3f0bb441306075ab4f531529,1950,60+
P1653,S***,R***,24,F,f057047dfcef99a252aa4ce627b45214b6b6ec6f96d094ce8e22f84306288c2f,62eafee69f7d2e49c162c671d24ca2a1971f04f1edbec58824464e731248dfc9,c6733cc38674ffa9e6ecbfdb5477b1ba56d8726c770efde0b95d8e0993b82ebb,2002,18-30
P1654,I***,N***,28,M,e11c0c781dc3e0267485477e3f5e7bcadcd47899351f73b7bdd54595ae9a0040,acef686cc151ecb99530119337ded7bed502055c9bca07d0c9bfe1976d513bff,f2457f8bf4ac4b357c45c9151905c4a4a0a2ce73a43775e391355963cccfaddc,1998,18-30
P1655,A***,S***,8,M,15be080081c1caf26f21dc58f6d79d0394a182ae92e2d291bed940686b89d933,6f57216942576546b67b929068cafb7226ee2b8def93d3ebfea9ab5c4e87dc6f,b09509ffb530164970d7db4607b1d8cf00e443f628e1294338dc92fcce6664b4,2018,Under 18
P1656,A***,C***,36,M,6f51115c0353e12cdd8516f44d5ecc7a19b801044f8bd7388ddbdaa4fede08ce,fa058cca7579b564ba4b5267e0dced475ca6aba40c390001dbc66220deb3c0cb,358acf2d67f33f1d1a1d97269be178636dc89611941ba7897768d0e42fcd499d,1990,31-45
P1657,S***,K***,8,F,e7261d42f772e39ba1ceb34a4961cb7386a04508ba11add6f04438b03a57a1c6,521089d22dfcca8b2855b1769d820d2c1fa255231cc695f838bc4dc7f1889b78,9e3d04159c5b625ae22e6e79531193c67c360ceec9408427e38e19482f81bc7b,2018,Under 18
P1658,S***,J***,58,F,6c2c3b6ba51bc50d64478a55f337ae10d36f828980c23663820cea88afc3d85b,49c27f9b59121d157e815ca7c3bc9072a798c70a3da16de548b7f42f3dc055ee,2049a92ffc3d0d6b20eb5e2bcd19f92791d2844406276fa0093a78c603f94139,1968,46-60
P1659,R***,M***,60,F,32c4ca7c88a24c33659a8a4fb397198f7000072c6dffd7ee5c99195029798e12,6bcdbb514f99c2ae45878e00d0253ab70b4879078e00c923f7c94c9a271ec670,423f019d314b1ead5c79248143ec067f0060025f6ca8afaf29c1a2ac12c0c3b4,1966,46-60
P1660,A***,D***,50,F,c458c166ff88ca4a8a2d26bac1d2bd23ff322b2ad02a93b7d9917418193f9a8a,b16f1412080971e1710d11feec4a82a0055e3ea00e0e91ee6d2dc4354a6bebfd,c4d30a19917f385044085df72195cc1f794b207175684c4bcb5562eac8f9d9bc,1976,46-60
P1661,K***,N***,28,F,5f88fd9836cc529f582d60f9bc44c6173fb9179a162559e9d20000bc4d6fd63b,68795a0596747d13a43e863134d7c89e7ce09ff5737aaa86445df80debee31be,b07e312cd3b3668a4cb33baa575712ff45312e52f8c2f777fb3c194e25a6fd48,1998,18-30
P1662,I***,V***,41,F,d660357673f982b3d29b1cb7aefc8b3799bc4e9a1009cbfc3bb8fda663929f52,859dc4531ea91a53ab3027282059e2e2ba7419d3bbe6797429c1e57b71cc2a10,1233e6031ad3413e5ff8aedd2f4aca72447cbb9948fa4298b88ff4c623f0561c,1985,31-45
P1663,S***,D***,64,F,a11fc26fcc1af7950aca30819bed04daab69bd0e61fa94b4c79e864a9c0eb11c,ced00b131ddf76c06edc60e9fff67375425b6c4942c124bbfe57a04b04956557,fca1c0f8c7ebb50a821b935a454732f5500487eae44ba2b59b922c05a17ae7c4,1962,60+
P1664,M***,N***,27,M,dabe366e6b84ee7fe1578eda91aed87171b32052656c22daa654d21006ce34fe,5ff7c6ae4673ec4e9ca0ec5cc8f5c000ad1a2d1a2138e5fe969e48ce697b6368,1d85cc7dd4a9f25bc2006736c7a83ea7b6f80e4b7954df57530434424495d3ac,1999,18-30
P1665,V***,S***,63,M,1e18fcf236ff057b8250c7c7053a397c4035cf7dce1efbc70b151ad781818901,15aeb493566998caf5edf1e33eb41078d0f59dc8d9c0f5a211978ff938c8590b,745b330a330c77800709fd641d50ac69c84177a63b384e31f812679f027772b1,1963,60+
P1666,D***,D***,17,F,f18f6a3a414e6126df81f48ffb849bb92971261104da6cfcdb81f2f18bb594d3,eaa69176f23f0734cb69967a293b21548d8d8c5e4530d856e8daecdef68cfab9,2ad7cb23a33f6f4d852d580726dbcfeb25b51ff0d2485f425e17e6d9ec9eee62,2009,Under 18
P1667,S***,A***,73,M,5baa93ec2ba1a7134ef0d8e976ed360051495d539de286e8decfe50c6d199a9c,ecf12230aa757d01dd386f42d1e416a1f4b1279533f7b0a275446b9b9ba7d671,1a5efddc031ad1b09579f7fadf449d7f156f3bcad7a322c35144cafc11295f65,1953,60+
P1668,I***,B***,33,M,c89287800b26bab34670b5e1ec467238756ae10e19a80fba97da79a23b315520,5f1fd3e79ebf61331b8c496da780620373f6e95ea8fd0c789e2353a21700a1c5,f4e2c592b28618e951ee1b36a89ce9e099b79c93a6c49735948c4fad344c1a42,1993,31-45
P1669,M***,M***,84,F,d0ceaf322c5f545da2676b8e19226e9c15638bfb94bfaf5b5bb04133416b4b4a,bb679e94deed3ec6aa2a29c1f206c5cdbafb27d8346f6e9a780782703fcedc73,46cb1ec649d2d40a71ca94762f684f07995ee5a9222e71548bd3ba484e9c1e29,1942,60+
P1670,A***,B***,77,M,a47a925d17cd5d157b8c3fbb3706664031f1b43e3e3980d794c30db98d3b0750,e41be6ebca4576f84381135756c40c17695c63f701a346eaa58d13a8ff886f3c,b7c1598c4d825ecbf792dc0bb7a9b43d84d3f67dec1ba8e851713adbff983114,1949,60+
P1671,A***,V***,29,M,3d72480928371fde860e2229985370051464c1aeffdedae7c196e3b6006751ff,ccddb8b46fe9576c4fa416530fdf8547fa707f67b02db93e13de2c51f88418be,7db1e4dd66518fd7e56cc4b85f2549a56a2a2f0cb8373563206f7a8891a17c27,1997,18-30
P1672,D***,J***,13,M,a4b29e26c755afd2d418cf05008ace00f631616a9cdaea24ee6ec624d4c2a825,26bf621e881a3578bcc28694486cd458f1e1113248ff9e1eba7fecc370681b5c,28d766da7cd8c4ddf811fb50aaa86d11a29cf713761d49cd29d9af214d3e7ce1,2013,Under 18
P1673,M***,D***,46,M,8161f27449f2fa3511c204ac7fd67e9c6b7d9a7e2b94668789514844ede5c9b1,523c1935c63fc30e63ac5d174c921ed8f6303e8e39e9ed50503d4efa5b8fee94,d7a078a6ba1f0e0ac4d0836a7259aa528111870f6c91f24a341de92ce133ad95,1980,46-60
P1674,M***,A***,35,M,c81dfa88623cea9d3ecf4ce0dc5ddc687d9b75484a90110cf2d88e1ce35b6746,0f5235382a65a6348317d1ad2d0ec9072495086d0daef69ebf110d42797c1e83,757f88f2412049eb359bcdc185de458fca227edc3b4a52c4be951cbce24f682b,1991,31-45
P1675,M***,D***,6,F,45ea1ed2ac8f9af178956563b177f2d170a7ec6efa3cf209175fac1bd45be82d,2a2689bee997e3facfde4ead174ae1790bdb19dec3dea1747af42d63b8f286f7,750d69868d8ec58c11012a971b8994c5727416ff444e4562dfa1cbe99ddd9f5a,2020,Under 18
P1676,R***,R***,82,F,af29995948762f5f1534654374e585224f005dfda5aee22b443c8277fd742d2e,d2e10289b7081af56417f085784292f9d3f0339035d3e2bc2845a98bbe9d3fe0,58599a5a9a7d3df50f0eaf10113af6ad6801a5b8e6ea6b98c9f1e5f117994ef6,1944,60+
P1677,D***,N***,69,F,e9aa4b58cf9490a430527135b501b4d8c9c49051452dc1f28c1a503971e4009d,0bdfb6665e5398ea7e6de3f1bc2654677dddcb7eff4626e6386bd6fdcb028f19,a61bed538827eef2d0642d52a7d7563a1e148d214e472604219af6ad716994a7,1957,60+
P1678,A***,J***,47,M,2b131f202c5dfba513f7a1f88bcb0912f1d49315885fc8ac9061fa00ece334d4,b826383be51d67815cb70636d899e23172f36932495e29c062879fecaf91563d,799f1e12acd52f96742cd521dd9a72edf5a0fc4f6a1f78161e6de955b599db09,1979,46-60
P1679,S***,P***,25,F,0b560872b4a6076c254728d1e2abe1f3622086d21d4749f4846bc7ba25f383ee,2e2727a6b1ff0943c12ac50469cbad013896da48c22a981fd23db04a7760143c,b979e446974b7a84bab4e87ac5aec7f1d7a91504d9dbbe59c1ebaae94723bf6b,2001,18-30
P1680,I***,I***,66,M,c37e30de3a1083962c1fb3432c427ca384be989807579d969626a0ec48e036c0,0afafd20e727c512622d323a57bc2bf232e3cf6ec7366f6324c03c35aebb7931,f1f3a891aa5710531c80530d55c7018a1b97e9663eb6bb844476f460128d820c,1960,60+
P1681,A***,A***,10,M,064d6b24730e2c5a79e8331b0928b8fc59f58b4b64da97725b00363b61c4588a,84a4676fc849d47891a9315aa0689141eb843497a67ace5dc12ec26499a2be2b,c477f7c83254386120592a7fffed453c33983864ab1c0e58f900423a74f5142d,2016,Under 18
P1682,K***,N***,56,M,73dd7efbc565c3ebd8a9e1387b5dafc1a2ec08bcc354a2d32115b9029026482b,38230f9a9709e56547b4a3a1bad5caafc55b7feca491ccf3091097c78015055a,fc3edabe88fba1c5db63392ed80d5faa17dd614065b5f86a631dd3a606094af1,1970,46-60
P1683,A***,D***,30,M,076065b5ae746082533086529c0983a04e0e254782f5f3e00442e18591843093,e711070ba3f97f7a81d9b0672723e7e8a62d3d453e8086d12b91a405a6a552eb,d1f427217e0dbff672bf50c25db3962664121928d41d04b192f67e98f6e90de5,1996,18-30
P1684,K***,B***,5,F,916a1e8c8e971379f2a15452413b1d8d45f839668bdf9b43bd1af42eadeb9fd8,4636cfe56950120d79fbbf45d5b09534a65cf88b44bb0005620184cd19421cd6,7ad34f81a8c4baddc9c1e7248a7de7660fe62f35825ff65071045066c46ece8b,2021,Under 18
P1685,M***,G***,33,F,827ebeb965ddc6bac6bbbb89efc7202b1a148f6deee03a929209885708663b0e,92761d20aed878370e5c93a2dd9e0a3e9f24e637783df6ba1082d2dbf473c975,26cba7025d104efea1fe4eec572b2d6b847b3b9f5392fcb3c95bb0e114009cbb,1993,31-45
P1686,I***,K***,65,M,ee9fa2b803b751c7b3a94219e8fb85dd37533ad4a6ab439b8cde92d9e2bb916a,6da676e5c0943d6a89711648ae74c718d43db4aafb8147a30ddf8e59aa568f0b,00d673c917c65ad1a45380904f8bdb523b256cbf3c83dca1284b68e1175bbc2b,1961,60+
P1687,A***,P***,18,F,4805343a0e20b2449c875786f49ae3898bbea509875f1fa20ad0f3e53aac12c7,099082da80ec096009880dba6afd61bb615986ec3c8062b3cfb012657907a0ea,9eb6352f020ed59d86a3b54b2cedc88a479299a5930b0ddf6106fa6ffc50b80e,2008,18-30
P1688,S***,G***,49,M,d08e7e65400ee36c5bc4be299cd9035c4601ae1d306d0f129040280d120b0b24,a24036f3ed06693441074cc860f191d6301e4d11af88856f8d7aa3b19bf921c1,ed6748e032116d6395d27f5afaf5cd990b0921bca60b562db70a89867ffcfa56,1977,46-60
P1689,I***,P***,11,F,78a3de3233bb1b80280e24dfbd0e1d31473282c71fc57f631cd6509156902426,631bc702187f62d5299b9789296003be28fc1f5020207c5a271c5703f8809f6d,4e027af7b85a23e61205682c154fe2d3b5866374697d4e1f054b7be877af4070,2015,Under 18
P1690,K***,K***,85,F,662512d02d402f5f01a2cf35c12fe3c1eb664d8257bb4ea56791aa25b09aab4d,29f90f1dc6819efc111e72a6b9fcf81ddb00a7668c65576a27307d17ce409e15,3be152b2df91675ceb9bab08ed35a03eed36084679ccd927373ff18554fbf450,1941,60+
P1691,V***,A***,26,M,185178208bbaf967b2d40205c195bbeb61cc3ac4f2c7c3565d295d5f556310c4,80407b166820318c9ee80d4ef01e5d30c0cccdd7e389fe467aa88cbc1e6a152c,e98b8dea50d5eba78c2f1b32c481c53011ad53bf656e756c9404e6bbb7c4a910,2000,18-30
P1692,S***,V***,63,F,4e185463280e18dd80846b6efcef820e8f2484045b522875e8e279b46b7b3dd3,abb90da2c9b1b50d264b3ff09ffecd412e624f037c4ce14386f49b56919a6f03,0694aa6d5cd5deb19f1c90a1283515d8b3145712324b8ca9e130f6c099bf92c1,1963,60+
P1693,I***,G***,89,M,279a36863ec032a318cba89346a72eeac960dbd99a2674f5866087c52bb9ae93,199ebb29e5880c3080c9e5a091844a6c85b8b9befd2bb21fc7a72ed725e80460,7536723d4e1a2ca627104cd2c9ade49bf47e74f2cb6de5b6a1c2f34d5dffd4cf,1937,60+
P1694,S***,P***,86,F,481688583f0e0813df057599cc12e405bc2893d54b3f76d8d1705d4157fde7cb,53e938b1f4bd53cef4bb2c35493a2187ed117ab5cddca4c8a1552d002f76fa84,59ad2677a879e50b09381a46042bb6c3551717d40934ffa5639ca11b9cfb4560,1940,60+
P1695,K***,i***,59,M,c76fb479901459b8b671699c340e869b711b7b31b88e1a7b2dd8d9ea0d9a1609,6244e95a890175fc9695d27fefd3a942bf2470d98294f87736d8966f0c6f0d7f,252642ea47c53a1a55d93e1272ceb2a4cf8d16fb71ea1a440f0af114281fc7b4,1967,46-60
P1696,R***,S***,27,M,b7ee3a95d10b7ea2f0383870fcdc0bda4e634f6841d523dc44c3db997c868cc1,c58a85024f05f1333ec9140a9751a8ef4761e48e3d901bf9ea3548975ce7d372,20dd47b78e7a80d4003dc4efe0bd98f9440c2be5424e4ffd8e6851426b2f81b7,1999,18-30
P1697,A***,N***,49,F,fbd26e886e227c7a24a2cd0178920c0fb83b195f25b3c1babbd56ced976bfa1b,a48965dd8a7746b8b2e03d1718bd13e39d38ca1bb6ac61d0a084631a3a1c0562,220ddb062cc7ef313e36f4900bcc925e61736b29b5e0988db1e01da2facf321f,1977,46-60
P1698,I***,N***,77,F,b309eb656e4b2f2c22d0e116dc5567bdf34ea518e4f19006320487fb33d14081,7140aae185533bbdcab2d75c109ff03cd21de53967f3ac21f2d8df180d934fcf,24e1da6423a52ee3d47ad4a603f1fbc4e5de446a582885e958cd442343c7dc0f,1949,60+
P1699,V***,A***,33,M,fceb586d7c2bffc1947219a20efa3a1a5e4ac95d5fe8c37c7dad7b1016ac5068,cb94d28f975dfb2f6bb0920ec324a31086430d7efa453c326ca4595428d41f4d,8da31e8640af611cfd9f0ee9b4b20fbae18a80ec965c10aa3ae07a75204be8b1,1993,31-45
P1700,K***,P***,1,F,00616588c155a861ec5ad5d196b25290ac0e4d8a15dc9f8145d71eeb444699c9,fd88b4d5192e488ca6e493c4d0ecf2887a4ac55cb37afc41b9da74ffb44d7600,1758ef48ce4237d44e514550645029dc6ada0acef453eec2766d8235c111389f,2025,Under 18
P1701,A***,G***,21,F,969ab02801ba1480b32bd87fbbe78fddce028675917f7bbd79d2e9805c404099,69a4c27641938838ab650190ae3cf2e5c79bbddf178e5651ff74e46efab28cac,2ace2e147f606717d9a0411bb9f0895c2aecf8f14514f0b802b27bb79add10ef,2005,18-30
P1702,A***,M***,55,M,a40bf03ec82a0ad57002e50df2f9b19be5e41b84d36747611cea6a60ba7f4600,d07f9a944921442ea01d6f9240a57e6fc596649a288dca6b20c9aaef00687597,81a202b36ed50648f027c01c45607164c5907b6373ffd0a7c44c711ba5de0cf8,1971,46-60
P1703,A***,J***,6,M,7ebeb84804aab63f395bfecc1e83227c70b47038b8c6af155c6e96c01cba8588,6fea394e017d01ca58af4dbe01abc828975302a5ed88020a700c82a2fa582183,ae14f4c81649c4f7f337860ee0fcf5e181e73a200ea57eb69c6fff7a97148a73,2020,Under 18
P1704,S***,S***,81,F,45b4d3ac0a148306d608080f1f69b02988bfa04d01b71aff435eab82edcfd0cf,14294292546aaf9f0041d953123843b6234c304ba2132cdcd3acf715447ccca5,f6cff83d1f38e775e0b9194aa8a10e081c5184605be5dd583ffcc626f2fce08d,1945,60+
P1705,S***,S***,69,M,cb034ba28fef34abd30238c8581bac5410f9ae4cc0f92a84b3638c65600a5e98,04762a4a6733fe147f12bbdab8344fef56fe3f79296379790e262332a817ae71,76b41d67b68de1bcb1066e9c7fcc9839bb0a3cd95893eafe6ea36bfe231c8e02,1957,60+
P1706,A***,P***,5,M,0cdfd35f66c9bb9c017e8e6633e24d998c7d698f1a59aef01d7dc566c9c0c91a,0259d12dc5d631934450ff5bbb0e1d8ecd7f67b2327b14983f563679fc68dcd4,4a3c39122c278f1cde13db8819cd0d86e7a2d84b8832eafc2863a30e11d54b00,2021,Under 18
P1707,S***,D***,3,M,b48d69b3e3d4dd39e46ab1f4c5df701a05edeebdb5c15c9776f74167a7bb7878,f0615e4f0ff3c5c633b5bf5038c92f138d51e34f8d36ab7e61fb29e6da74c0fa,768e129285275b52a2dfc198eb589857e0d436dc102983bb63175627c7ac2c1a,2023,Under 18
P1708,A***,G***,53,F,60aa435df9aa9a7f49945891168bf6e1c902c0f1acd6771c123fcee0d2ca0202,626bb5d7fe65ccaea68354d10090b6f525cb7ef6b5e8ac0b746e5fbe43f22ec5,4c412e39ca2b6cc50de0bd28864f58500f984a089b5199f693bee8ebbb0ea4dd,1973,46-60
P1709,S***,P***,23,F,5731d4b09a647fc5569b8692f6588b87215ab223c9f47d1450aaa97314b2dd82,d071c9ec41968bc570d983f86cfe14f37314fcb05bf6e7bb03a1c838b6031fb7,3090efdd211192a207cf0271adda9d072cfd9ac9a98975e4bc38823d8a4bcb93,2003,18-30
P1710,V***,V***,53,M,193c11ad0dd93506f5dc4bca26f478e433cf69b6ed222f92e8208d678dd628ec,ab306c859d777b014c517f6c5b12919655d60c7875497f2ffa4d445ebcc653f3,34523418a4e9ba5e16546da17cba012632535bf0e1f888e294977896b06d9b7c,1973,46-60
P1711,I***,J***,37,F,ee5538858df6b516f4250d225568ff2477ee37645d4840b0b76eaf6c9fc50e70,f9279453ec4392fd41fc79d958bcfe92189cb756e6d59e7167ebcdca0e5b54da,76092442e988e7afc55845014399834827017c654505429098b43fa0419653a4,1989,31-45
P1712,K***,J***,74,M,137ca3634c84480f5a622f213ab7afc8455d272cfa8b419d7439e8a936ab583b,d283d65a7252a0467d5197aa8791b662a4473e7e1f3c2c399b9899d0d241e77f,1f9b3136f0e3fe512dd4bb558285405ccc42767dda815a84595c7682e9645c08,1952,60+
P1713,K***,V***,74,F,49e3d8c719e8ca133dca6c086603b59db8ba830b94ab770b8da120d717688ad6,43141d211e0e3628f08c0088d4361bfa4728e28e9033a399992f1fd731015963,f0bab8a528ff6856d63a2e4af5cec7676642153cce4e54f2ba6d309751a81b02,1952,60+
P1714,I***,J***,83,M,528e51bf38eb0ae1657cfc8ac22983e1a5716bf307842d60a299e363ce6273ec,dd2bc8f8bd57c7c00113497641e14f88d1d569ba9e97f1e7ea2ae85040b4be21,39ad800bfa2640cfe9468727efc9b99b6cfc7a75ba17ae70e7b42685b4fda01a,1943,60+
P1715,V***,M***,17,M,56278a5ecb1460d05fd9bc71df104c96cd7eb50d00b3ff602e7843936c0c33e7,1777de28fdf1c24a6cc31b42e2710284f41e4e077460db83de0f1b94ea1422d2,6255047fa9397c59bf61b6d73fe26c6a887ccbf0faf7a5de0bb2a171c0dd524f,2009,Under 18
P1716,S***,M***,85,F,3f8010abdcf86844b2cf74f469d8869b2961e8536cecbff5699f367cd3e15187,c56e858aec8575623e579e750df2a2f65b61e552861d80338f2dbefe1949327a,2ab207a05ada734b8aac5c47bd8e75dee2e4d0ebd5b32c265a97a2238fed4631,1941,60+
P1717,A***,P***,78,M,f3b178ed9c6b7a26076b172165e9250ba97b367f892e871f3108a016d9c30616,96c32143830a5ac2da6be15746e6a42ee4ef3e684ac08177cfc316b9fbc53f43,5e4f0c6fe6e1cb571321ffa4ab1d61789fe97be1e97c4a9ae0d3ab2fcec4065f,1948,60+
P1718,A***,J***,73,F,1d12f78befc6f568b2de9590f9df40d6396cfcdbc21a86787b080cfb0bab7302,a2bb84995828038210b8ce26868bb98ed7b05a734da8ccebd79374514d291b58,4a2ac3e6bf66901dd9796971c964a0f83014ecda32a06e99c277770f47e59797,1953,60+
P1719,S***,G***,1,F,252f912284186127014da2bd9f5676b64dbc28593ed5150b40703a38e986ae27,1f3e89956c651f96047fd1140d000eaa363b58d13004cf65b44625087d677656,f4e513577abe54ce27bdfe9c804f517e4849e216a63ee470cd9ca48b6aeae834,2025,Under 18
P1720,A***,A***,51,M,b8fe19b72a393ef354bf5539f429094ad785fd1abeebf78bbf945a53747a6649,54c6ebd56aefab5097ab0a0c24d3523b472495c3e952747ad6e359a768ecb3ed,3032275e1db46ce66123b3484bba160efc896608e5b496bae85ef5b86b859d8c,1975,46-60
P1721,K***,K***,45,M,241b629d2bd3b79d4f6be774b0e83eb203425473284ab52b86cbcc523a702a48,deb64c1309d7db37bd0772da89fc35caf333dea03ea183631acd4e4d1ad40480,d620949d55e68240a5b9530e25191ced7c8e01002de5b74badb0473c092cff9f,1981,31-45
P1722,S***,N***,77,F,d9ae3f1e44132989ba3da1e149775074c3e6e47681834e6775af1be832f9f551,a18621f27c162c0a6251d858d477944ae39a930ac97e85bb1b51b6d83bb8afb8,c2c69694bfed69dee5b329920cea8199efe9b1ef3f2f7c46f5b315aa084fdc42,1949,60+
P1723,K***,I***,4,M,01f812002ccb1fd6392d8ef990079a3ab09fdbdbc088ce85714a968987989327,2ba85b2c820ac35965b88fd4fc8f217426d308171e1932620bad78cb3839a019,9ac43888f652aa2947a6cde960451d67c82e11551d5c959360b6a69888093f7e,2022,Under 18
P1724,M***,P***,62,M,a9d0b0d2e7d42f19f3375cb63b6a288cee90eab82726560b8cac0dd214022ef5,be6da1730f6e2504fa97e973fea4025bef5b342f07076facea3d63e321faa646,968ff88b29cd7ba958efb3ca0edf160a47364332f8636ce3270a8210ec746a2c,1964,60+
P1725,A***,S***,65,M,3d4ec4ab7b31e9e13f249d4f7c25c670edcc679fe7901afd4832f617a3e83d32,7b6239f6e187cc477b8a322f1ca7daff806be28f94d5f14f7b6bf7eeebedf2c2,b0c8dc0b490cc38ba6bd7d1b81209e144138d008f02c872490c4dec29acc11f4,1961,60+
P1726,M***,R***,32,M,af686115acb64344764cc14f6966f41853a19bcccc12840ad3ccfe2ffa804233,f27798a6c6fbede3d78dacee9e877043f6187eabe12cd7138b039a84cfad4722,2c6f12dce5748aae9c930d6155270d00677ca49dd41a700bd16c68f30e676b6d,1994,31-45
P1727,A***,d***,34,M,44eae33b0e21501a1372236db93ee2ef068ecf1b79d0d3f3e993614fe7231460,dd1a5cd10061d98d28e6b0958fd06f5d466ea5cc0676af01b612b21e5cae7b6f,e001cf46568e6b86f5fe06b47637b66ad206364ace11a059235a7c6874253cd7,1992,31-45
P1728,I***,p***,72,F,0f60827dcb4e71bc499ec7f210a7eadfe8a4e8cdd2c1b38fe66f4ed8f3bc02e5,714238dfe9133fca8bac34bacc9755e9c1fdc8fb161d551d9c26c2627127e93c,519b4e2525d61495d6401e0db93d596743bfb731729835e19ac4f9f451fda771,1954,60+
P1729,A***,N***,39,F,91f0f3bad60d144351993d749567a0997306280c646edd418a8514057655cc93,16e07ad2ed098cac6da156018275efd5a618b44c234ca6fa5e285c12d61866f0,aefbeeeb4093433c5d274962a032e31e37c20b9da83d8530a27dcac2c188447d,1987,31-45
P1730,M***,P***,26,M,1e03dc7af7d924a9c8c93bccb2aa5dd06aad36927e739971e8466c47e50145c8,4d45ebc9df89f96e3eb281c508565642fddc654df9822a87f69ddcf8b85950b6,35a5c0e96b2f3805af2e6a8d1533cf3b06e5eb417c2ec21fa9250af4251c75db,2000,18-30
P1731,K***,M***,34,M,75e72e1990f7e972b3a94a6f5c77e5c8fe0faa7d680a5836df9ac6b8917f6b6c,55a4c8d7fb5db9e320cef4aaeb5992fbbded3dbf597db1f9e2bbd674e6cf2f71,62f4b28dd58d62bf303f8d2ae008829b8000b51a305f9e9dd0291992fbc0c314,1992,31-45
P1732,I***,R***,54,M,65ff964cdf5591ebadf747089a84976fee3c9c3491f4821a5ed57382538eb212,1ba5cc8c36bc2e104ba58b9bfca3e02ae4a3f40d73a2b4c923588e131f8bd8b0,de4a964b50e7153d7d57e1c22b7820fc8b9aa15c24b287dcbb613873244956ea,1972,46-60
P1733,A***,N***,3,F,7641a5adabd0178c3da3ede59eb934cb86b52d89baebca8b9a9b7584465107a1,4e205a99cfb84d0d90c9d73ebfedcf52c59e352c96af3f00348ae49869d6cdd3,ceb179b931002e3a2b5b8d55115d85f666c1eddb3bf58afba0f7a7a5ee692574,2023,Under 18
P1734,A***,N***,50,M,0e693624e9067bc696eff567ee1dd432deae3b5a1df18d3b8f976e39a9339606,03d309f50bcc67da8538d82c9cceab15a686271a24a12b779378865839481d27,e0afbf407bc719e41cbaa7bd6d4c4c4c3b3d92d3e25c0d82e247dfa8cb712e9b,1976,46-60
P1735,A***,K***,12,F,5cf966357a345bc1d211ef9f898ce6802362f2cd8393cc15819152db9fcdfbc8,eef6d65d09138057e53eba18701e9ecc494192744bc4e112b2a0a9f6f51b00e6,1b8a68c76e9258b78c0fdf806e76a95805ce3981f4e2802ac2c8886a7a1c776c,2014,Under 18
P1736,A***,N***,65,F,d667ebc21832c9a56e3389a6b8dcc316152a42fcb497cb83ffa203d6e320dfbb,a39dc6eb5d2a1e1f915e2ed6eca61809c1f30916dd2f3be6ccf5566eaf384ca0,2526759575c734975670754d804152157dfbfd5e3733d435de4973a5c2363134,1961,60+
P1737,I***,C***,54,F,eff2e00fcf7917253379cda2475be8af8fb933e461e8cc5e2273bcad253b0b2f,976b712d3a5ab864ef6066c56779643c416e277cf8080b3b1aeeb63d1709f253,57ee5b1d3ab9ea85493a0ba9491bb4b8140b6709e3459dc5098bfe7d52a9e840,1972,46-60
P1738,A***,P***,5,M,66cfc160cba55a49c6276573b5c040bbbb6099391145d3c43773cfb3a40d9b67,efc8732144f3746efc4c55110150ec5303d1d938a02ef457c6089eebaf9984a3,cca2f0a2f97c88afeafa466b2d9ecd817e5efcad2b4c84ec87c007c30746f863,2021,Under 18
P1739,S***,P***,57,F,4d27f2c5d685651e259e7649893eb3b54ca03398629c9c0c825e5249d3991634,3ce32ea8758642e3ef30b47ca6d5656867999e11928239b8087d2339383a6d1e,15b7b35c41b0d06a00b346dbfde70d8da66850a131d6058223d54f8856fe92e3,1969,46-60
P1740,S***,C***,17,M,784edfb582cc3a60ee9af4ff7aaa096803780bbba0e59ef4538027701644e9ee,4d8c5da788527a0276c8c30ecdf9270ff0bc9c53851f0eb3506ea683055f0a91,d7c52e434cb38a2ea51b89da4c158bf664b0104e164e540d532f3621b70abfc9,2009,Under 18
P1741,A***,G***,47,F,fcda3a8db8f3a976a656f12d4969ebe4289e4d5dd96d5e107f2db8b4fc552bbe,c70e40054920409bb3442d3325c8e469a8f12c34c21c098a7fe35dd2041143e5,54bf9716b21c209150016681398c25fc4c973f78a62f717a7c5d1fea302baf9a,1979,46-60
P1742,A***,M***,23,M,e83e8daa6a36280aebee1b08ffb4229cbdfaa271463137472222a37be9daba5c,703ddac70ff7263c38eba4460c0517b8c20a84922e894590b0fb48f77d106e4c,1b76e7109e50c2d9bb125a67c4df511bd3e18d54104becee77a12f9f4b495a78,2003,18-30
P1743,S***,M***,79,F,8c61fa6e6651097c75bb7a06c481ae92426d7c7ae7e231989e28e7d06b04ff50,c5ba781338ae8ac8e754aedc604e088af8a977828d4e9573810b6c9f95be5a80,fb962c973069bb46ae3f2df9cf73a22e7b74b331c732bbde02abfd091b9b50f6,1947,60+
P1744,S***,P***,85,M,ccf7dabfc231c3d54c11838e8b283d2f6d54dca93c1d0f859273950d1d94e88e,7d87e20365b18e6c3d5ea377fd1cec5cdd76a7aa8ec68d4f2248a03eb67b2df0,8867be622589649639c95cd9ea15c5051343df8eb6ab5faa978bc61b550300fa,1941,60+
P1745,M***,K***,14,F,09a03b5ffe1466f6addbde7cb278c6a7c757addff20a469ebba390dc3980e007,df6c68aad6475bbf3237f39b7c97c2470a413c888839c497960f8d49edd2e306,105d68dcfdd7c192e59181575d9937b3b6d56cbe555b9146a17b8966a1a7c9fe,2012,Under 18
P1746,A***,M***,66,M,f8db503b98220766966ee6a38585de688944c96010b4289ca1a0d3d9f3dbaf44,a6de76cf674c564b772e6b282dfdee14b7d70d0e495862db7911d073c945b2ef,1fc7388184a16036d2fd17acdb67345c9df4df92f0759e8d9db39cf568b1bb01,1960,60+
P1747,K***,J***,75,M,056e8c3926b14c85ddea4117df1cd983e90c5c23f6030837961b4b5be96c2551,fe046325108e98e9a2038e7d04b812ec717db4062bfb2b1d8f1dcda7eb672239,6978005940cd1465d843a3f6030236d31df6fe55169d69a3858a8d4452560c23,1951,60+
P1748,S***,S***,51,M,a1714a85f3f421091e22d26de87fa369ecb8a4259347f8baf557ce2772179553,99090d5eaf91e16cffe5fdd7ff39e4e4234a40e490ad6da0eb0f1d6621be138d,969900791c2cb45df935594063134bcbcaec683c09f6c1c88c1a1443c148f3d1,1975,46-60
P1749,S***,A***,38,M,b0e33e13039aa4122ecc67c5425a59bf161c2d72c136726a068b6f4516ecfc74,bd417b3f29c1f37f468151a117af67df567e2e7d0ade08c9b945a942e08f1c73,891ebd9834e528197fa9dcddfee407036aab1b826e32e523e0c07f9a9f9a2d43,1988,31-45
P1750,A***,V***,64,F,c9505c8ca73fe2f7b5120af5b0b33f3bdccfe397ffbb91e3013159cfcb286755,c3f34a277aaa8452896d8534a7e4b41ecb1b9430a931275f9cbb43dcc0c5d5ae,7d9761f35c06b229de880b29c10e0ef6b847652db8055df082dbe192e4cb4376,1962,60+
P1751,S***,R***,38,F,46edc9a9829863d1425bda77ccd0309721b5070be6961c681d4e4695f84b43d0,0d90591c6cc2a98ea7bb09fdd936591dde20403ad28fe1e5e894401d4033bb21,cd6358c3c5393272711b250363d76a1544c5958a4e2e8a9f5af531808210e25a,1988,31-45
P1752,I***,S***,50,M,99b1a9d0d99f603793530d13c910f7faaa415d54891d6aa66670b185ed780459,dc9cab321f7bad07f0f85de297624b88c18c6c48d96d0d8be5c3b5a84ebdc520,e9746ada1084baf59cb8ab4125c0ff4c030ea6e163d8d9ca44968dbf6c259052,1976,46-60
P1753,D***,R***,82,F,ae66e2a816175489da8454cc2ec1fbc41ff967bcee2a1b49bebba9b370af6e6a,ec4afb7bcf4effb0a378d60701c68d802c0c54b81b385961dc2e7d06dee28c4b,f0fc8b427e14c816b8852dcb73f971e765a35d880cff0bafb562e76ff6f8c18b,1944,60+
P1754,A***,G***,30,M,5bf224d985f1ee547ad72c5e584966545324b00914f424089cccaddea79b5c29,7db489ba9c75c84f02c09cab7458cbe85b421705876d44728834cb58fe9ccb87,6ee31a26b5bf5b1eff649c79dd0f3bd07df1c424369ba928ba80d764dfb75e27,1996,18-30
P1755,R***,V***,79,M,ee800670f956f47110dc0d90bf34ef811270eaa912abf83bada1f0298342bb98,c95911775cfc70ddce55df1dfa39e1c903fdf4a4e4802eaf144872a155435a6a,28f194fd4e5e7ba5e09535123068848b717958081cc3463be2fdf873ae48c753,1947,60+
P1756,I***,N***,51,F,bde592f795121215ab8cc24f019c2b1c91d21aa2f0685f2178ebec7c8c80713e,506e745584a80abdfcfb7476412b50f3b3079b433eab6858a753cb2577dae8b2,92eaba17c527b35a393c3648714bbc1aae618d8d86021ba02b7111d13b3175b3,1975,46-60
P1757,A***,G***,63,M,37a33bac3df6bd708ca1edce60af537357a53e64059f3438d55f4a04629b4ba5,d757530de40af5fe5cd593418e0321b9b61fafb2e6ad802421565c91c14f97ff,cf01db1a5601d1cd3ab789ac0d1efc0b8d356d2030ba24616a52c3b7fc2aea75,1963,60+
P1758,S***,A***,52,M,1f7331b5523cab03e5883823ef9ced9a2d1173aeed3ea1e8c7befadde354ff7f,2def978384a91ea2bf6b452573d21e5413cee10a2b5df34b575ac3d8a34076d1,108e1bb772b52830dd8cee4ba550954c0951421262ccd27f5669183fe227c353,1974,46-60
P1759,V***,P***,38,F,3a7b5a6c7c03f6564ca0047323f1be1a10747fb6f8ef4889817b5c5a34f6841e,a66480f2dd4ec01769f26ab351a362d666f9746982b94c32a8dde2e8e81bdbf1,e9c77a6f2fc2da59fc3261e535e5bab7d5ae4b747f99ea23eeea4e0e779cfdc9,1988,31-45
P1760,S***,A***,88,M,e640823be3f1df841ce04b5dc9121f8825f54d316e97cf270185df0505742742,6fae8168649ce08668f6e83a469fdb449a36f76a3106245b713a44ab9b15d0f3,3f4da91733d3c097782e8fa2e54dd585d5c107db7aa9b72829c32eb151d40f39,1938,60+
P1761,M***,J***,79,M,fffa1477ebd416dc417d20176d4bd0f323ad2bb30d127ff1e2dace6e5c005564,26fd2050a0e6df5da52b4c9af74dda98da4add09c992e33ad152241c299ddd4c,b46f4be843a30804d52402740f61f7ac30b5280f57ced0e766e42494c4768acc,1947,60+
P1762,S***,N***,30,M,85021ce87e4b2276407a28fef97fd3b16ad2b53c8761fa407ef3e673a428eec7,e5df08defc4c9d0aa476c6a5dc94158ea85c52088814a53d676444a67fbe0bb6,ce076315083d5227f39e56a4b228ed97c4e244d241936082faf302b486701043,1996,18-30
P1763,S***,P***,51,M,32f434ef372a6fb8297733df1117d0748528ac8631cd4ec2b8944472458a1aec,1b8b5270438423d4137d8698cb4a488d5e2145a41514408f32c0a05b45890d6d,0673ee011c80115cb5bf811fa71bfe9117be8d8edd454132f5d32d893d1518bb,1975,46-60
P1764,M***,G***,81,F,1669f67be5b663e34b2da48131a9c4c2f1ef5de70f817d07af5651924531ae36,3736359ede55023be436f552b7d13447c326137447dda930bcaa258d19b3510d,7ddf22bb0e98b1bbed03ec11dcf122d9c1ddf97c43d9e3ce03db15a15a73e2e8,1945,60+
P1765,S***,G***,5,F,535a760c0e92e388d801974edf89e25a730dea6694ab6d0e65708fb48d0bbeb4,310430c9bb30eb336bfe9d32a87722e60c5d03c95a06d2bc438ca45a1f16220f,8b5642047496359bebfa00ce38079ef909554d0ffef53c8879cec4b003d3ce1e,2021,Under 18
P1766,I***,B***,29,F,2da26c2cb5534be803794864be9065c2f1bcdef99b9d67e0f622e92b1d8b348c,a0122898e590f84fffc0e4ff5c6cfdae7b9518a339da4893abcd68717d4b81f7,327ff75733f418fb2c9460d9d500dc665e78df30a986391c70912338e5b0dabe,1997,18-30
P1767,S***,S***,4,M,d0ffde07cf3a5b2dd1a6645cfc27b94a1b7cbb9f0e4e731f61bcb70a4fc9a573,d803845e33b344b4e8b524a17a7479105a166ecc1a70d6d74fe1623cb76feb35,3b2527647d6dccf9741b5f62555bdd89bb830de688d00f4536f1fcc54e14db55,2022,Under 18
P1768,K***,G***,10,M,f0c37d2d24b70e03576a07ee87a69a42a4197835732993d99f093f0638423a11,078b2d7d8827db9d184d9fb9af43f9f8da78a3d5ef79e1c6343df02a17e1c517,51c3f4bb71509938537dce8adff8318f1e0661a6a99a31abbc80feb03ace04c5,2016,Under 18
P1769,A***,G***,56,F,2c7a28e206d67560e3025f84f3c07e891fe2bee289caaf36a13cb37be5995316,568145c695fb45408f633c2004f016204f7985d5e5b6f6a67c52455481f34a1c,b36a41b4b5cff04734bd2f5b5f3bc44e63ed7522b69ececf888a441c0de96125,1970,46-60
P1770,M***,M***,17,M,34ed7e5e3672a945a2bf3f691125dfaa0f80b0927d31585f087b851addd64f7c,06a13ee42dc24b5ab471986608882c273e84ef0d21df1d905b213806ac6e669b,202b61ef05b412191e036028281cfda1f671f419fd287822e5675e234ce0d058,2009,Under 18
P1771,K***,R***,74,M,ccc6e605b3a04485bd80be816cc13d8948cc742f65938ab1625ad38dbee70c2a,e627ab9ad72d86599739f1c9b14c43bfc3b1b6fac70e43181907cfd647f65d01,5b73efeb0db3cf7a9c88ccf3c2b13c2c0f618674e40ca04cdf277652ebe04fac,1952,60+
P1772,S***,C***,17,M,effc4f425280a5411499ea68bd49d4f13487291ca19bc1913648d61ba6b6cccb,4c83ad292a4a2ee91628683cef07edba2dc70a1640a164e22dfca2323113ab28,ca489a88a63be36df26e948da9fb6e82418c7d2403a14d187d5d6de61ccc7df3,2009,Under 18
P1773,S***,S***,84,M,058d01c7818f307f1204b236a300f41d9033f5e94b503c3714788991b3e4e3c7,eaae6ff531af536e4a12630df96baa4808a3e8e7ce2138d078bf04fe64ce2daf,fb17cf25cf5d18d383c571fafd4c85e16099ab1e5abfc2558db313714d2ec306,1942,60+
P1774,A***,G***,88,F,987e73c4bb17425cea43849e03913fad324b6393c0c7619393dec134a86e70e9,c6d9a47b8cffaeebca6f9e209bb46c8070336c83dac49aac69d4fd84d487fe01,08da527ef4641073164482866c37ede229fe38a35b9b007ca7a0bc2c052cdf02,1938,60+
P1775,K***,D***,69,F,ec588a7e06d2fd08c211e8a36b5ba99c8d4059948a048112f420d1fe590d1636,b2214be14dbf66f9f574257d8770f4b84b0d5f849b4375d29497facfb08c858d,f767e9d3c1e98b08124ee83610cf7fb3f2036ec10a9313e57612e990608594e1,1957,60+
P1776,A***,B***,34,F,34ff3e06ea8b0e385ad2a030f0c5adaa38262b0264e9bab2a6b3d1cf1694a756,dd6dd61ebf556d2cf87d773abf539e1fd6151da0c4cfd92f6f99c0ac3500a327,1f774a85abf693cc75f6dadce7cc9749eba15a1ff4efe26ef67e24cadd35342d,1992,31-45
P1777,A***,S***,6,M,c7b19514c4ae5264deba4cfff6732ec2d5b1627c125f7ab94b2a46a154395346,fb53320c35cbf53b9b3304088a13b3ab50adc5fbdc1244ec0f5ebd80c8d7077f,b59f0e546c9b7ce4eadf70da04bfc43f91d9c434b8f91df34c582fb686711ca1,2020,Under 18
P1778,K***,V***,53,F,c34236c62e16eac4c4f3c8ba189b1a454b6171cc1b05f04a58c85781dfbc452c,44008f751ac300e050da1f66e52eeaab176ed16822aa8979cc1d50891637e09e,5f711ed30cbaeb5b0a590c1b94a0b7af2d3643e30ccb02c796d82e716f9448d4,1973,46-60
P1779,M***,N***,66,F,c574f2d70195b9f169dcf46587c16c782ca426149553ae07d5921a32a47f8020,62739325325402807fcbf3c320a433ba0e7bc1a22137ae3a67dcfd530b13440d,47743785e8b50c4fb7ac93d5701cb527620bf165fc464d067e424fb59ea2157a,1960,60+
P1780,R***,N***,77,M,3b4477cad737cdedd5bdaba0b9c9d4ccdca3725d4c872381a027cc578d1efb4f,c512327959cdccd5e1330fbc87086757171db543fef597e296dc8644a74e8364,30ea864ade4826cf522f7f01c1a1d519f08c9e82c227d07871e09e94a2e28b2f,1949,60+
P1781,A***,S***,43,M,2fe09a444a1fcb529b5cc8a24ed993eb96ab8ed0b1afdb6aa41a006f35723816,58ae325a80e37d84342b54cc95af7b44d4dfc5c0e894ab6e39df03c164a6748a,24060a0109a59ad9b7eec6e71971e4e61fe95cdf7920c347e9910ec73a1bd7ec,1983,31-45
P1782,S***,N***,75,F,6a8441ebe9edf3db74f58552ea50c1876c5a59d41a9c951cc5ca30580c06235f,c8a0d647559d3c460650fef7685cbaa0747f683df8858dc97981b8a4db94ca2e,b5f55159b539ec16adeb14ab68a44503fcdc9c60008813e3ed0ce2d26da1eb32,1951,60+
P1783,A***,K***,23,F,99ebab167b135bfcf4fcf2723fd25fba883b4008dd426ac835d20b45977ab963,b99a0da0e371fce2ae963fdf0e621772e1d7a0bba3480eb7a8093eaf4d7ff95a,63c1e2e6992d78c971b3668419695fb8d0ec6b221a1094a0ec1a1648eb63e380,2003,18-30
P1784,I***,K***,55,F,1fd55c0e56909dd5b2f095f183a295a86163e7eb7aa137701d6ece4c24674190,d17483a065516e2e5512a5b9bcdb0e28a160d324d99a31562ca498ef4c156d69,faf211f63d6a042163ce0d90cd7bacd6f2109712d0846f8cb316c8628b561dd6,1971,46-60
P1785,A***,K***,80,F,57d2e03b6133179894b2343055e91898ba51abf6493211b5130ab5ce81fc8470,557db8664db80a03ab41944df7a50619205d02bda65be390ffce1ec0de1b93ba,7c1451107931b196ade2b96b75e55cc2e7633068df1346ae2b28b7fa60846c93,1946,60+
P1786,K***,V***,75,M,87996ccdf5db4b0a12c29cc07df787672b088bb456f4f0d42474a2938bbc3f0c,cfcc2952f5a2e6d0f7674e588ba6f0aea3ec66e100e9f54be05d5047f179dc9a,ef4d8a22f6954c66c7159394f024653b1f6eb2c091af665a86391d90379e0835,1951,60+
P1787,R***,M***,16,F,5cebb3ef80b10522b9953b0ab236c2fe6df10cdf04336bfedfe9b8ad4d94ac8f,6e730129b879d22cc2c4dc761f70a9a33dfce0666151ede4666cc7b4cdacc901,794a5b4302b8f8eb05391604be4d83f40a5b1d164b1e4f4e09f03cea870ae81f,2010,Under 18
P1788,R***,M***,8,F,d3db3d438081b1c5b62448346d3da4fbd92d763cab7722a81f9ec7b8d230dab1,f2bbee29354bab741c7ed2c496ac684f217c598e2ba641ac326b3c4e53bbb405,d5324091b2322e03f0aac8c54b63858af8b75abc10bedc42c69c82e643d83279,2018,Under 18
P1789,A***,G***,4,M,01fe0968fdc60a2ddfa290168170fd1a78d2b5a8cf9e38e5f43be298c1989dce,251af2b28bf4fd02576e8ec8e27fc02dc365fe64743745d3398a169cdc9056d9,aae3c67571652b1e73fa2ac2911131cf530d3ec5f132a3a577b8b0477d3f4276,2022,Under 18
P1790,S***,B***,4,F,49eee252dab4681774681fef02a3240eb4420b87d8eb051d88a8e3e83c1eb7db,6fde2ac5a7a6011a22f7529057e6f98352de746ec635ddb1686a387fecdf20ed,543a9c1dbcf7f29df78751ce570c4be93e9923b43c4e9cd1866e1d780d013089,2022,Under 18
P1791,A***,J***,56,M,5eb0a127260e8a30931b2bd46f6bcd7fe6eca3c275ff885d5cfe41f33ae02e9c,c2de6cd1b52689deea6429be5e67e438ed9233ed42f99b9256b8e533e02242c0,20189f9f893147367466efde2f91c980b18ac613fb653949f8b4d3c400125295,1970,46-60
P1792,I***,C***,25,M,fe6cc23d0e4309ced77fcb71c74a2d0b0053335fd11f103940054b3bee19b966,33477523630c25e1ece9b94cce35a361595d9074926e9731c7cb0058ec4f7a3c,b493131f0a2ea606fba50372a9f811a3025d934f4a42967f86dffa64eff38747,2001,18-30
P1793,A***,J***,67,M,cfc28b7add8f38238e85825d6ec77639ea61b984a32ef1e9c8b16c78f54d3108,9d83e9e417569bcecd1d2c3c75166a338baa0b57bff16ee9e635f59a36bfa394,78d544250e2d4b58c21085b1355df9e9c7d351813f4b0dfa1285417b2cbe5b34,1959,60+
P1794,K***,J***,67,F,378e4b85af9bb6236298e6c8a7756ef577ef4b343b47d5fa722c357e0f34d052,0211d0ac8b09c539553e6bcf0b38276fea0613e990b9d8aeb6659505806919a3,9fd500ca5f1ca520cf84f15794d635fb74446f5af5eac45a9e7d225dc2ad0698,1959,60+
P1795,S***,C***,27,F,d294ed105cf17b58450b23daead4afd08e7fabc51ee591d63ab31aaef77e7fbe,83d41e7db081b8569f7b3f0a296d5cb3d6e6dc69134b4c7dc577b67413b313e7,3078793d097cfcc0c023519383c42822584c719eb54250d3254777973661f05f,1999,18-30
P1796,D***,A***,32,M,c83d4c3031b76314f154520c83fcf6953c301d30248af2f8f389d469c626070e,6cb935e35cc6298f98bf1993b16f55acb23524929e03e65b1f861af3746d4545,786833063cf1b7b31fa46576fdc9d05aa4c60b2dfa00a3111ad05c679359b065,1994,31-45
P1797,A***,J***,50,F,c78fb34bd0b38ec950b89afb1b9f50ac00a50134c680e5cf6080334806b5f488,abff93b4c2a5a9b11f90dbc4756720046a1d0ca5caea03150b4d0ec75a12c3dd,5be383fb0c7959572cdf68108148703b1ff9187039729bcc0ba7e752707409b2,1976,46-60
P1798,A***,M***,61,F,d45df84bf978401199337fb10aad1875ea4bc73b8d5cc59ef81f99f9960bac83,5a08c3ac243f466ea97f7d1a94de7d399703d70b3a3e3844cf32ea4aac58ea80,26468633680aa52aeaa9839669248168a33a977f2f72cb40811abdd322f8a76e,1965,60+
P1799,M***,S***,51,M,3c03de13d2e55ff655c9b5c5ba169e4b6b436d523260953bdf8ebe7da06855bb,5f87923cb1d28b4377e5138ee36e67a3f64d2da1d4eb11c69e11e38612ea4278,7340ffca9fddedf11b229ff0d7af04ce2e2e11248c36ed09b7110a1c0187fec1,1975,46-60
P1800,R***,J***,19,M,a6b9f05d2515087a7337be765183bf628886090eab99de009e7c4893cf329766,507649e411463cb1a8bb8ffadd8f9230b6e3b8a9c83733e14c94e9fdaa0060eb,046c2851a01d52e79cf3804d0fb2cb2768fec56a61d40d87b84f248978d8bafd,2007,18-30
P1801,A***,S***,21,F,86cde43ac0a93d4b8c83469f32b0278b26ccdb587ea97347a957c17d9ef4ed91,cd019fe2290b976f95f657a9d3a43bf73d15de2147faa55e03775c5a860c1a81,bdf50c4e3c014c15d047fdbc84ad177ba3f63313303515fbf60bb1630305f1d4,2005,18-30
P1802,M***,G***,5,M,a776669e5f83fc76e37991f3035f1de21d25dcfe6c9b16e99d27e48bb9d2d7de,298f5c8c702bdaf37bf4a7827193af5474ffe787e8dfc777b216151eec3cab02,7770d60b62ae10fe0c16d487767b0275bf904f4492efd03cc7228506d739febf,2021,Under 18
P1803,K***,S***,82,F,66ac22014a3d7c80f559b016150e852f4c2073662242466757056167192af567,dc65790ec751d11812593fa3d134c8edf971d4b90f76b508ef4ea4d1584883ec,21dbfb56ef509c30c45b139d599fae510979acdf686fb5a89ed39991fa44a76d,1944,60+
P1804,M***,B***,42,F,6bf9c82b2598142cea9561e07248766b447033b3a14f7942945909d72f11a119,0dda70556682dfcddc25eb38b1968efc2bc144ae7ad22506a47862c59ac4f591,69d8f046dc2254ae19bb6d1b3190b7218c3972e310fc3d7ecbe5cfe6d0a0ae3e,1984,31-45
P1805,K***,P***,61,F,b7d93d793731e34b6c7f2cf0cacd5a2a23bad6b9d22d515aa50d9a6d75bdd6f2,e024fe6d06d927852da789c089a50c8b2c755208f835ee43b32df9c1d3ccb015,ae8c2695edce8aad0b4ba15e7ec733ef08d7e91bf104cd0348c52c658329e3b3,1965,60+
P1806,S***,G***,22,F,5a3052585139bb8bc2c14098bf1c1b3569cda40804f3b4532bff32620c1a3f4c,0fb0d1b44b8f43918d4f3b52f5bda88d4b9fbe361e1d402effdaffef852f956f,ac187487698f74925dc410732638cec044722936d46306fd725556a9c68f20d7,2004,18-30
P1807,A***,K***,21,M,1b6e33435a441d1dbaee745049c35adf10a38a880edc32c9fd640a34b38e5f61,6907e7eadde77c3722f5d0a5321dd30e9f19108a13991ccd6704017a1b4c4172,c93fb56b7eee3c8213cb20e620583d9996341c355b8f4ef1de5dceddc56c6ba2,2005,18-30
P1808,A***,J***,70,M,c6f71fecaac44bb7a5690339dc589d8759c041f03c2d1dad68390ca23e947467,ce4e78fb4979e4d0d29363cee5a8b45d876738f0919202e61ff7acf7417c0f03,a0bedd80f4919de67417b0e10ed4b1ebedaff72a856c2b5726aea732d302cc39,1956,60+
P1809,D***,M***,1,M,fb23cdac2e537c18250d9eb2ea762299f38ce2e70d8fc252d03930bb8b54f835,7056c8f1b88bb5fd4ea2d04feba8e96ce86921b27430c11def869d13d2f0bcbc,845cafca9b4d8c758a9a0af6692886b0c7941c7ba1232ac8a191c3e00b525464,2025,Under 18
P1810,I***,N***,5,M,bca0c5116131aa4bb667012f6a57169f07075f7aab451094d31c3b5ac9df108c,321f7a905325bd3cb2ef8a009bd29ea6efa7cdf6b1bc381cced92045b2cff259,b311a568a4a1a2eda369bd946561bff48db6488f7036439b28876883718ad15d,2021,Under 18
P1811,M***,B***,12,F,c3e46fc7ad194399dea914f6752ba51cceb595c49a76eb35f989c4d66234ef13,3a0ddd5d95dfb45b84c760551208561cc42577e3f0d558035fb19b8865d7fef3,9d0dc55a3b23aaf9e416a434780c10cfe080aff8793cc805c58afbf8816b35c0,2014,Under 18
P1812,M***,P***,46,F,4cff46882b613c14bf7bf99d7b2616756efdb61c982997b81c2139f921cc8bcf,5c6b3fe68ef7836e07d6a8823e4d87a455e2c5ae369ef5163e7584a65fae6fe1,9e65e9a52d292e1b485098a749ab62dc8142fcf021bb0db828f9c95dc9c44e67,1980,46-60
P1813,K***,J***,34,M,a858c7b687ef6882864d5285a21d4a61b22cf73f6790772b3589d710592a662f,a17d9856e21b21abd717cd627f2a0246ff88aee890d7eea7324829ee81524c27,db86d11910976d932a710dbf4d1899ca7403fb3ce3c6520400d9081c6caaae14,1992,31-45
P1814,R***,P***,49,F,49b5f68cabfdd7ddfaf9a84b5d160a86011bc55cef8e82207983e01449f3336e,9ecb87a9e3301870f24c37e8a12d3963de4ab5e699be8b044a66173f1d49f238,9cc04074a44ed82ece7637a7f547dce2871f7e15149e9348cfeb6805ad3eeddf,1977,46-60
P1815,M***,A***,78,F,090935d2f3c0db1bfe193a92188ba9d48133f305df4823fc860f6aa987e79377,19e6816f666063791350434bb82ce7064e56d373102750ce4080e8881b842a82,dbe3f2a9a4cd98d4874fbd54d11fc7bcc62af4efb4c2ec929c760e4ba0763ec4,1948,60+
P1816,S***,J***,45,F,289dd7671cbe5b38415a60dcf2f9aeb3660f15d9864acc394bcf1a751e25b5f3,09ea0bf4f7abe20e46bc2713d957fce32b4f36f74d71a73573a525ee4cc3c580,93fbedf9929b8c3f31bfd95e3a9e893ec78d0c0f42ad445051abb9d58becd71c,1981,31-45
P1817,R***,P***,27,M,4ba62cd7a188924d043d455d2f407d2f052e24567ed7e6213bd8c9418410345c,c71a62b4c2953d255898798b494ce4b8dc31b68459baa03434ac3c0ec831a3dd,bfd70160a3f83d2ace72fbc04143b7139fc67390215558612af6a6b64f30312d,1999,18-30
P1818,A***,D***,73,M,4c79c3078689131583f1006db9f0d563c7705d04200f22b2d62e1531d84cfba7,bd628b92018d854d57fc3b68acb282b7c8a805d83bfc4aea346ee4d7ba81f6ae,72886a0e251ba48c23f30fb840db184b3accfa265884d90a32fe6dbe0cfdd5a7,1953,60+
P1819,V***,J***,26,M,ec9f9e43e5676036a4f64111e727626dc9e853c75cea476ac7ed543ead6a8ae9,46726baad9ddeaac98b91c309819bbbc594daf4b8ffdba121b93192887d864cb,1606114736e97f9d458a306265f97d2591055f7527445ea0da704d6f1bfd99aa,2000,18-30
P1820,M***,B***,47,F,f6cfdb64369c0b4576538252700dd5d9d6a3c3ad21f5c3626225d050627cdf9b,bbba409beac7debfd98f00e7d9feb4e9ccc16e12e917c11eddca8867c87794e4,9859aa5853339c71640fb18e27d5cad2c8ee2b337268b80b9dc41c5feef10556,1979,46-60
P1821,A***,P***,86,M,aa8a67ca5a3e4ba7892f746d6b84d20bb7f06f6c7faa8b7aa5ae0ad0cd6d28d4,9dd1b04f601108884dace09e136034076e84ba07c9bf1f0f304490bb140a8d2c,49c3bc0d0ea933ffe5274f4c30056f8b116c62b156f51a9f26e45c77eb24c080,1940,60+
P1822,I***,A***,56,M,44f4b0d6c51e9ed8144de59cc1184ab70368789c18b0fc8874f425c8f679683a,f34b749bf4a3fa031f2202427cb8a5b9a98bb2fc975ceb129b757ad049d0925e,e7e1f58eb16f9160ff5599938f26c7f856ddbdd5b078dfca251056cc6e3e4cfe,1970,46-60
P1823,R***,B***,63,M,4932b8b57f89eeed9f204efc170c24797747def1ea78cd023155215be18b38e0,525404bd7bcb4dab7b46ff496b2bcbd926a4e059f22f09f9c27ccd1a43b4be78,85881c55adb5b3c99625efc8cb69266e42eaa0292ee859efc39717afdcb37cde,1963,60+
P1824,I***,A***,48,M,4b4b91134c518553afab282d60d63364f13c33655b26b0b0a5cab73da89dc8fa,20d17e52ed712191194354024cff4b20e999ef6ea8900e5d49e4c744a6d22332,cfa442be4e5113855511b382a5e85298198faa5d683b95cb9c485cdbcfbf887a,1978,46-60
P1825,I***,I***,61,M,7fd423a13921d951ce35a0657a2614083e4a6d88a771b623b36cb7307bf8cc30,88fd80b0eaa3b353ab3f7a651ef5ec54155d48ef7a25b7ec4d74cd37bbfc01e3,71e57e4f18e7dd4ccabae3f8c040d869d3ead884c1074a924b23f95cd944666e,1965,60+
P1826,A***,A***,81,M,93dc6f53b866985c6eb6d467ee6d7e4dde55e1124fb9ed2b6f01b2f99ba6778b,e95329cc300dc718de4631642fba8ec1e25816a5f6836ac09935171df9687515,d2ef01122915880ddfa711e906836cbdd9bb16c00636429460e8700236be0f79,1945,60+
P1827,A***,K***,26,F,2ea11a03effe7bc7fc1b74d27d1f8ed4c02e5ad650686bea975de739bac53f5f,9544733df6d344c4874c8cc341537076e3473db211db0d33c8919e174dad9e23,26ae2852af51c651effdcd69963abaf01ff1661b081e1b0c64b6a10d5641343b,2000,18-30
P1828,R***,B***,36,F,82da5dddc2fe84a696cbdf8822c7191555ca478bef360285bf21cd67b1af0bce,7f54f834e35da86daef4ee482f9b816c378586b002d006bce754ed2643b7b526,9cfd6dd4ef9fd3ecfe91a9a48a8e0b9f5b8b782a4aa7a793ebf91379defef072,1990,31-45
P1829,A***,R***,1,M,3791d7b1540e1eccdc7c877b1880c94bac20abfad88484c487bfe042ade7553c,58f0dc53120aaaf2f779521bdb0b3c6a25f7b4c3903fafd78a3c28b93d0c9216,2231ef22069910ecc6d6c11fe8dcf2f6372972b79bfb9c9b0f9a5bc39313bc07,2025,Under 18
P1830,M***,J***,8,M,ff7c9c4da0ce01559fbee297669fd1a75d28bae6e43621fba1aec560331838f0,bb138b49bee3318d061e49418e3bc8ba3e811818eb3adcdcbf0a10da7bbf55a3,f8180a6bf77de6fffdac11ea98544d721309d649e09240d17bc6098fff29d85f,2018,Under 18
P1831,D***,B***,52,F,145eb517f9e12b290752863cbec6e5d4df2aa85b9bd076fc13d29ede0a133b56,0a66bf76ca63e9f48f038072474b0f982faa8c8efe3d5e8b63a3dad4b20755a2,9993d6de30b4e0decebbf1f3fa89952f2f2fdd213ab280b5c9245c1fd89d17f2,1974,46-60
P1832,K***,B***,79,F,d781d063f75b467adabb0fcc72b5b73848b1926b112c655d8a969906f82944f1,0640ba6fb0bb81993d6efd4eb141e5def291eb42a61f56ceafe023cf3f593497,9844a75170b58ea54a59ab34c5ff1ca912ebde205473e477a259032a845f7b20,1947,60+
P1833,A***,D***,47,M,4a8b75b12115ac9a99124e8d515c88bcc1184381bd328a82f90f205622ea5ec5,26abd64a0fbd1ed5bebc7a3a27723d50bdc64ca3beb8eedeea73a1bbaf7aa227,9f5bffd594e165a34e657f44fff2329215c3e32838a5e8deb0f209723675cb43,1979,46-60
P1834,R***,S***,56,M,fdb4735648b88a03de0bbf799c4c7e5b060a4e14c04fc6d7d4bd8ed6edb11b94,57f6b3eeb070187ec9becca278946d5d072b4fdb8fa2d69a3c6bb987b2bbf553,d1e8cf2334a045548dc2472a4839eedaf798edc2ccb31e0f863be1dd08edf197,1970,46-60
P1835,I***,N***,86,M,20c882a257472c98d21453aa95338ff5f47a5b2f006d08981a100c64a0bbe8b5,587b0287069764da1507c0be5855c95262fd79dd7abfb750ea23191371bd5d60,af9463787fb0ca13ee9e377a75648a9e8a81b0ff240411ecaf9d294d59a93262,1940,60+
P1836,S***,C***,14,M,435613ddb1fd6c3f9c88292c27c7636c3a04cd30a19f1803b66de201e177f352,818fc3ebde852218763b11b9ccd11060b935da69f1d436d040693c91d35804eb,039883c82bcda7bf172457349c19e38a58942203936544717e293a3a7fe04c88,2012,Under 18
P1837,A***,G***,28,F,6d29755845ae3466dc56093abbcebaeaaac7deaebc6dd37edb99730d1a9b0e04,c86bd505a38f46e2fcd1a767945c5a2fbcfc81a327455abc278a3c838365a45d,7cba388aef9df2ea4660a1bcd146d4a9465344271ca19b0e4d8eb86f53facbf3,1998,18-30
P1838,I***,K***,87,M,1f1c94ff39a1ebc3cc63c9429235607d195befe6e4831589aeec3a245e67e022,3baf3604c80251080df711930597c688b31ea3ba529813526831e17c4ffb42dd,776e8b44f0acc19f8d67b89b5b8f83ec61994770e889b9f4e7e98ae678d48347,1939,60+
P1839,I***,N***,78,M,e589a3c790567c0bdfb8635b34baf781e334e774c7da081d9ea7d5d2a9a8d075,6d3652d4aeb98c5a75adf13f27ec77ce1ed84588a28a92232267d9eb8a1a5632,95a7e8328348b3b7a732da15b978832ba1fc99e6e5dfe584c8bed0fa4dad6388,1948,60+
P1840,A***,J***,88,M,957e0cfea6648d6d10d8a57094509775422d5fce35ac394f45e090d1f642e29d,3f3d2b5feaf5c1f76eadc2ebed956191a83fb037cab525379ceb29ac4de88116,03bada4fae57a563045021ea8de23a267c4c2a7fedcc3bc8ba6c07904beed58c,1938,60+
P1841,D***,D***,2,M,db120d91a035f3e3d306cfdd08d174c2be7f1d1b4e73fdf0bcace8293db5eece,49a8f255c7bb83503ab1442003310230dca1cb6b917961399bfe16025214485f,74ac803abc64c52b4d5a46033681f307d4d0b354abebac9c1b101d866d4a1a71,2024,Under 18
P1842,I***,B***,26,F,ddda92bffe2c8e50fb86fe813286ab7cd6b50cf5df6e1a5702f281d78002759b,b3970d05b4e7e50829ce2b44751725b65a6fd6d55ea34fa1cf6d07e625dc6854,2c334b319fc70214b2d5a5a7b9f287a0222b00a699432f27e939420c3eefb42b,2000,18-30
P1843,V***,P***,14,F,a51afa51469f87235a55f0fe69c383863b1eca4741d613a9189124f7ffcca944,032a65ca8c89f7c93e21e0082b42a66ebe67527d747b54f08c08285839438281,dba7da02f51ff9045213fbb8c8864a088d6ee0327750db392de6409a0294dcca,2012,Under 18
P1844,V***,P***,59,F,13599e729577f51844411cc3558d9acfe391681ccff1250aa01b74b618201cbc,a4b20ebf0dc7efe4c9626f8e680b9040ecd884cd04f1ac27672677d606de475c,29888606c49dad00aae54703290005dd7488bea02fd4f4553e9ab0c576fa2435,1967,46-60
P1845,A***,S***,56,M,83d5cfe38b98c86fafa53c73f210219f134b34a48a559d01344960ab6bf283ef,0f350d4a66d157af5c6a083947934547073671b581c2b44bd4f6683fe55f8ab6,08b536912447243540fa224adc6b65dbf21948d1031b7298b811dd690dc5b1a5,1970,46-60
P1846,V***,V***,7,M,2e4b7b1dee2a526fe9ff59b206b5dca7320bca6bca6d4b4d238a8c6b026e70f4,59b158ce649c348bf6c8bd86e08321a39fd763948965c74b2224f70452d3ba6b,ff3f03d6ff19f9b4550af9be808855ba4efc9d5d6224606e2bc92593c5eafd2e,2019,Under 18
P1847,A***,A***,3,F,db7a9af20e62f8b17cc5916fb2721cab72d532d577ce39b1d2282919308c01d6,47e0d61da78c54d7f268f53a31794e84c0bd36a5f0f70f1562380b26257d6b66,95439ccb5c7b50f293e26e0d6c2aa5a25cdf758f6cf55e1ba81bd4ce7f64ff28,2023,Under 18
P1848,K***,R***,23,M,2f5c5b1d0cd85d33bf09a064fdd4df2a6152024bcbfd7e59d340d6d9bb29e1c0,018e7f1025585a50e0dd32eb7992774458b7264fd602f8b37d09c9c3bc084932,29b594de387c5cab3a949cb3ce1af265c91400d680e3527b12b443601f8d1e36,2003,18-30
P1849,A***,N***,18,M,ad3ac1911a10a78347982e356431ed894bb84938031527ffe5dfe5bf65ffe6a8,1b934405b5294628a37728408aedcedb84b76da5b91f1316c4d6542b89a8e475,0c35c370cc843c04edf46eef96972ee6ac039ffd7ab497c4d52d2a659e3fe56c,2008,18-30
P1850,A***,A***,38,F,4fed59ba6d72270c15b7c34163cb8e2c0b591d53ffa935d74ad29d4a8f4f5f22,a08328a0100902fdf5cf9974359ed6cf8f7640acc51b99b6384b6ebac123efc8,fad8fec6fd3e210cf2d49b7730a6e0786b9f19bb8beaff5407741891923e072a,1988,31-45
P1851,R***,P***,15,F,49e9fcb660d9a207bbe63777266b48c338cca8327486cc669c9eb34b6fd66ef5,8770be2024716a2d36bf03ac1eec82323de8ce07c3499d41bf0321ac59f61d14,9078d199e10b8281a4c272fb06b2fb56c96ecd2525cb005011b5382bf77e9c84,2011,Under 18
P1852,S***,G***,64,F,8551461373659dbdb989418b059752df0912354673b90930dca45cdad38f6efe,e12a0b898b2a828831007f7ebb4f31fa590604f3898d01c4364fd2847dba9966,723a88c19ac3a51c61bc8f5703e57ee0aaec920a89316358284399c76b4579e5,1962,60+
P1853,D***,A***,89,F,c41443e03cc32b2c64463b8195e2ca029080581e308476b473b8bfba5771f99e,89841b0bc4130ce2f5932303ed266918add004809b0e4c50803ddd20520ac7a2,60213fb61b380149bb7a55e1d6f41a5076cf8838e5109ee5fd3523bfcf0d83ef,1937,60+
P1854,K***,B***,28,M,4ee82e26a4128a83ae0161d4824a4b90315da9d705868ac8652473c2fda65ec9,7fed75028acb373f2b2b3dc95b5638153557f4c8156de279c5ab4c653623856e,f710b17e473f585474ba5ea3f1c802273f50f7cd948d775b8b314c0c6429b0b7,1998,18-30
P1855,M***,N***,74,M,6e61f7b37840b847bb7debd9a85d0e72b15176e5bf4d995e36e5234a434b4f45,7fe1c461b30967fec1d706cb099f165f609c5955d3eead16cccc724d45aaf0d2,21c17d13aa699108985bed495d4e8635120d0c6d9ad5bf7f69b22719d933212f,1952,60+
P1856,D***,K***,39,F,d85228d879592782d4b8dd1c8f345ac77b1afa9c7f6f8114800afc9ba5357322,b50cd4d2c612601986871221f05aec3cd6c5d4bb96c323d923183d487fe63a75,3bfeef9802d2ac0db4e171cce5854269d808a82ce58918f779cf10589ec8bf4a,1987,31-45
P1857,I***,K***,57,M,f975966f44990508dd975e472ff6fc6303e40f70b940bd29112236317e0fe4b8,1c5a7d19d739e0d6b8afb0ca7c35e5f531a7b44fd851da8d656ea6b6410911d2,b831e4ace1cfa66e47c338e94261f3c13e4d4e0cbe890332cc6c8cb1b72b4e35,1969,46-60
P1858,M***,G***,17,F,e7ce234542c77b8c556348bca159b8ec28d5b2aee23fcbfbf2950d0164ceb38c,8395cc982e3e816f58455d033f31188e3d54f7728409ec9e9211afada096091a,ba4b9f58ff747f82277a0c394e765891c933f3ad7dfdb27cfdaefa03182f2b46,2009,Under 18
P1859,S***,K***,86,F,de7c9386539c69381d92196861c4ac93f07ea97590ffd28a5b7d8f980ca4a8b3,10fb7ab1802a49966c02986f30b55e9bff97f708ad7dc08d22129f1c3879108d,d726e34e44ae03e9ffbdeaa7577d0af75c2adc834af3da91843864341e8f247a,1940,60+
P1860,S***,C***,44,M,00e8723a12b76fa5cec60ca2b051ac265f598fb2713124af07a5e19d2128b9e2,b65d41bba3c77b078c334d3ed66ffd964f2e13b761830e775b8df01ababce20d,1aa59d38eea9143cdfa6fd15762d24a3f98a52095f6b243358426a74a9f1d960,1982,31-45
P1861,A***,M***,25,F,5f218db02924b9ca1f0cbd493f82df2dfbe6cef4fda3dac36ae3ca5b4f122b92,4007e75b2f7a4b7af4ae19f831b81e247f2913f42ba248ffd1d54dd4d4919c8d,2842f21a0ebf75f58196743203c392ad2d38ca9d82f0a1e167b3e29e759850e5,2001,18-30
P1862,D***,J***,17,M,11bfde5f6f2817adaad0f1075b125e3d6a787ea26d99e90517fdaab05630abfc,e7cf92c27ab6a87010343d5453c491157397f2d5479cee5e95f84b9346f63a60,f4c654747c0487b288540a69d655b85e42dfa3a5d61e8b9ed7e4e89a76b9fa44,2009,Under 18
P1863,D***,A***,13,M,d557c43c8f7708c074677ca75a43519bcf2e398f50c8bbfa5554e2955b14a465,201dd5ae0ad127ba16679ab5ecdbdb1b583adcaafdc49b253a651235d5addb48,f9e158d7c7d56344151556b032b14beaaa572818375296f66987dbe19ffbe473,2013,Under 18
P1864,A***,S***,84,M,2bc6d151f0fa04a3f7a5c8341c88cbe780ff3ba064154087ddc8c93275b76aab,a0418eb76356e578f56a81c02244d9622eb46a7683be4719ba0047eba9bbe48f,2bcac525b7894efdebc82d0089786d1bb9fdb92197f807ad7ccc887afb698bd4,1942,60+
P1865,I***,M***,25,M,f03b8bf89a784ac6a194b3bdf20d142591246605278f001e3fb84bb3d72cc86f,67c2c5fd5c0a66cec6a07ef32a3d3c8ee7d8675a57660a94dcc0142a951cc097,f50a26ebac3709b89ad2382b1d58a36482b04fe1754ae40e1d2488954c3c03ce,2001,18-30
P1866,I***,G***,68,F,03eda54b751d4e51abc2b15f4930fa946d53a8c503aa6f8bc235bf70a3a95d4f,f0b6362d5cebaf58f4fbabe3275e5a30c2b7dd85f2af833d3f7c3c828cc99d2b,7e4e7396f6f68f80b6b018334cc4088ca55878c13ca986ec533af56ab8eb197a,1958,60+
P1867,K***,D***,10,M,bace08a5604b8a184e73c5043c4a89e53fac3fae81d954d34b9adc383c11a76a,152121c69bbd132e641f954e0688637b3293cdde26c12900c62a18c137528e44,75045d3f92f4eb0670e119d5cb7a3abd763beee7952c0969905e9d6ef1bf82c5,2016,Under 18
P1868,M***,P***,67,F,c6737afeac6b918c80f85fb3d19b4e1806acd46ee06f1d6d15fc20067350370f,2e56a8482730b95064637b134247ca2b1365655b5d4b08f5dff79c77dc4b48a2,5d9cf5c04658bf5c811b63fde487efe4fe9896231a85d9f37b3dafac0310822b,1959,60+
P1869,I***,R***,18,F,6eeaf6a3f246b9321ce23ef4bfff6b54531597371e9819d561ef654b3f8bb601,8892f168d4f2d3a31cf4fb3ab9d4b93c469b31b52f82807a64d8322a81e81f7a,5360dc852eea1f36a92e073a6c7d69bb656f9ba6e864f24fb338f9b5493eb1c6,2008,18-30
P1870,R***,P***,86,F,a97aa50bb3c4d047c54f7649385fc8be99c57d571a62bbc6a47297125588e8ff,cc5d5edabf9fef07687fb7540f5ee1d9a7f831f7680c03ae3b787ae349f2d5e2,f94cc26a8a3b9c8c6a8ab3790db32dbb2585dc20e313133363a6c00fe1cce59f,1940,60+
P1871,A***,K***,34,F,0baeb3ad6ebca7bc7c49bcbc8d7888745d1464e342302508318644eb2bf7bd1a,142892ea731d62ebe302cdf69ac3e215fc74f07d866855a2ceab362c80e43c84,acd616f2cc8a4223fb8deb5eaa306a6333f8b796890314c759417177f849ec5a,1992,31-45
P1872,K***,J***,8,M,04584d1c41311928956b676f633f3cb6b647371dfd1a06fe098f36111c97d144,aaa9108854229c5136db27a855658cd5003ff7d42f751270cf90e9ebb2ac641a,82fe3d5fb274ed4a5409667270f520ff8bf89efe2c23060705d35cb2fdfed989,2018,Under 18
P1873,S***,R***,40,M,19070e2e995ae59a6bbaea4fcbe3e0efddf782c92bf06206425509728e70e447,dcbf3c1f3f3e72a4012e92ec3c9b138b6e4fcf8739c845acc65eb3d449154af9,65872dfcc5e5d58385546afc1aeb01d82a03364904cbd6d8219ba03d4dbf9305,1986,31-45
P1874,M***,N***,83,F,3d15ac9d6df26a784d42cb8681ae7f3ced2250a8d244e77b087ff961a3823817,ac994c8c91bf2d052e635b13e9266edf9de59db566eb275ec1ea644de85daa54,25cd443fe48c575fa99234069384257ebef567e8e29308644948a1268b2fef09,1943,60+
P1875,I***,A***,42,F,d836f0e5d46cb7d079b206b3a6941bb06942f9abc297d95831d7fe06bc732c12,864845bbf44e72908ffa0c0888aba246ad8223ebc1d739b71d827c12c0fbfe4e,dc41db2fe328d01ea55f0e7d5586c01fcd971310bc87dc0e1f3faff05d0917e7,1984,31-45
P1876,A***,G***,41,M,7f000682c951633c24a3b703120792b677726da155d15aeaf180109545279110,bd6a79705a9a5ceb6f0ca523ebbd14368f629ea78be1e0e505a2a44e26903bec,819eb05cdca9a6a0d10041a5092f8714aa9575f082ae97e9d754b7cd0dfa9c52,1985,31-45
P1877,A***,K***,6,F,91eb74ee48877cdf825ff86c878dcdcc7aac41dc6ac6f132c73f5fbe418091db,42d33638f0d76ea7d2f6c28e8801dd002511694a86090395d3644fb69ab4fc60,6f602c503128d07fa0ee8854115c8a2140df198d098cab7a001401d40d3905c4,2020,Under 18
P1878,K***,S***,52,M,f04b01984b5af393ccd1030af991571c4cccaaa0e556237c399f30a3167db850,5624389145dbe34be865a866dfde43ebbad41ea011164bcc5e5c040e6696c917,42bbde796ee6b191b6d0b7a80bae903c582bbb10e9f8c6c4451df0fec402237e,1974,46-60
P1879,A***,K***,26,F,f7b599654e241cd27f9b105a4702fa41ba41587e856762ca6839e481fe2b6015,fb74762a6f4f7cddc899017dfb43ef155365ee9a63d6ba0d8144b47639f31b48,5ed49c7167abd0b5809b18665ed7c286c3e55656d2c6e3ea15264c545dabc077,2000,18-30
P1880,R***,K***,64,M,d70cbd28213cb913ec1158e3c45e8f95913cbf26b1ba654372da0d8ffe2d2c1c,c71e8a5ab3b17ab0352471137ac82e8d29f5b23d589464688004564ac9b12f2b,c9d576e3b37ecc903832d14fbf6f97114d209b127cddae95cbc65adc6f219433,1962,60+
P1881,S***,G***,59,F,2ddbf09c3d5875912991731a0021fd128f3268503b302a8396c71c3af95cc638,7d99628cad41b16059dfc8f26b01ec961666a7099c16a6a904d646bc8cee5565,e1f2df2b763311610d690e898bff7ebd50496ae3f779dc5e2fccba603a47cf51,1967,46-60
P1882,K***,G***,56,F,67c5e42167036108c47d1cbde7d3a8fd458ee6a40ce8cb1bacebb26d1c27450c,531d2febdbe0705e9574fe1acb519d89c5a59eebb49de0de1606873a26751fd1,0a19fcede5ee3962dba74aa8cdda9ab4ec03b1958a7ccb33417523f6c5b02c6d,1970,46-60
P1883,R***,C***,59,M,6a5d4c02c1e35c16d2280ebb28df28e07281dbf5e0f0f849b1deafd04969059e,411f5c015ef1f739c204d309c84f2357c2060aad2de76efacbe2af40bf68240b,6b3031df225e133f68c32b4b2d103c0007ec9479b6735cc80c1b5a5545f74cb8,1967,46-60
P1884,A***,C***,70,F,2941e4105ecd3d1ed3e92c0a660f3aa90897ae13cc0c9eccae825aa2e63c15b9,18436300b995cd1983534342a6001f9518b0637888bdf56527d35712442c4c5c,6196a9ffab2ffe1c552076013dff66332e5faabab43f15b071abab94e8fc0da2,1956,60+
P1885,I***,C***,33,F,e4b0b7d6c6b2eb0edbe02952d491fb43d646ec471eac25fd92eaa34a592b5c83,be121c18e18b8bf2abe26624ee973f2de5f6996dd17b7e195d63a2fd9ca030e9,72dd52969ab84be387062b806e4fe7de1bb7ab11f3cd0490f262956cc8cfb02e,1993,31-45
P1886,D***,P***,53,M,123801ebc7a098e936081fc63dadedda3adb52fa80ccf37de6b2f880f96f8a39,27174e0e3f418ecd207eb27480683998053d5cf524c458034747c7ab10765cf0,2dca492efbde2d8bd6cd7ffba57d0ec5989e503e35142be3c04183e98dc22d11,1973,46-60
P1887,I***,G***,22,F,6277a5da16c5f91fa34a75e257c2124f204bbc286c76bb8c130c7286fcf4a339,5c3fbe5d923ff478da80bb089f6e8d3242f5aa2edfb20fff01f0d2c05d060aa2,6f16f2c6365298dada68d35304a0edd1e83f4f72fbc7fb2b037737116d4ed787,2004,18-30
P1888,M***,N***,21,M,f6b554051ce4dc719e0f94b35c55edc61843ddf9c3f80797c6bdbbdd54ee7712,7bbe40c1ad020f9306ed26a2cf34055b3b94f6e56aa5584a0b635ff40b0fc630,b74f861ffd49e2b987f4e41760f57fc06c2c287e684425e815f93c4b5d3bdfbd,2005,18-30
P1889,A***,P***,70,M,cb6545286525f5cf2023a3f562770d11cad64fcf1e17dee2c0b31538a99e2e73,b04d4165fea2fa0be6b49c79b551a659e3e1de67704bdaddf09f89e19f0248c7,323118de96a3c1b8d9c5162888394dcc4ac326a12153a644eedd0b5ffa0f782c,1956,60+
P1890,R***,S***,70,F,5ca7e65c9ce7dab454340051ae13e159f1ce3d83b91d32f877560bb7fe9a087f,0c69ecfd3155e318188c1b18e1e407675633301723285d1714e1571db8c92633,86e7b8f0ec647fe704fd8984de2d792a8f2b57e334f08a5c24e340de0b70a4df,1956,60+
P1891,S***,B***,4,F,cd4a6228e693911c01f9d7faf2cd0aae5c83a5d88faeba213492a3938ce42e52,50166e74aa613e7b236815b7f4f2cd9cc66ab3361d1ae6869713e98bdfea3e41,a9805dd5ba7d70915d3a22a5fcbe51606b2f0094fc34e1684e07ac28b8aa8fa9,2022,Under 18
P1892,A***,M***,75,F,b3d3d0be5bf32682d56be2d401e225f41d34dc417b867f154b848f856b64edc7,50ed0966b442157d8ed0880897feef757f868885dbefe54267a7c50fafa90e52,b46edd93b0423e5fb5d96e7fa0cc5c264bc6ecf3996c8817e19925141c9decde,1951,60+
P1893,A***,N***,62,F,ff133f54f95d4412b0408d8028b11e3b0eb702b207dbc886d4664c3a2c23f084,fd3239134de9128eff5819991b6387893b54afe1c13fe512debfb9287c12e5cd,cd7c3098aaf5f517bac8ddf894b53985b336e6d2921799b7d0710c42f04a8fcf,1964,60+
P1894,K***,N***,62,F,d726b46bbd998f23ab113a540d984ab5fafe248baf28da568673d1b01b0e5ca3,89f047f17e48a38bbe3549f11a2cffda4d4b46bbbd0337a8d5f3a90273405d07,70e2b49776f6d29e48dff9dfb87ad78a31673862f3ef4d89adcc8c4780858a0b,1964,60+
P1895,R***,K***,24,F,923ba2eca1e25e4e4c140c565bcd5513b0f6155466767e50bed988e09709ad5d,6ebad045544f747c763bbfd86531c7afcd33122d22e529db4540f0a4834c67f5,5933309cac1137c93ff873277dc44e4b8e62da87d73a9055bafb6116f6a7be3f,2002,18-30
P1896,S***,K***,55,F,9a2e6fb59c1dfa987f37e744f6befd3e6ed750203807277badf8b49c55fdb6f8,14fcb6324e60f7e2b9ce27cee6810c3c00cc0796666da5c8f178aa6dabeda6ad,7af89155027d1da0d1cf01ad92aa523392a96000143ccb73ce4e6d3f838ae80f,1971,46-60
P1897,K***,M***,9,M,f910cf1570071c5f96f57e470a06221fb6534e77600ca4ca31b57ad5b3f58b01,fdf9a748534817846ddef64eceaf7d2ee0b0b506fb13b451a25832e55d0124ad,5ae08c6f91de111cd0fbe1d7c4e6a8616950faae8af2fa335b2c08332fd146a4,2017,Under 18
P1898,S***,S***,3,F,8a2b4949aac68724847d558c97a4b62e4c7fe708145817768c1d02d38f209f52,ec6d30d4cd2809c7e77b498efe94414be9422642c00446815c4d41bad95ade1e,6db94bfb1dbdabbb92c6948750c2682712405c67b027828520959ab6c09a6324,2023,Under 18
P1899,S***,G***,31,M,94cbfc2e67337a4168ab78b33bd442e4aa3bfc798a53940f273190c94159b207,93f7c4afbbf9d85a8a5a8a9d9a03bc76eb652d3363904e56ab17ffa8cc5fe11c,41f3e27f292ae52b7854382beed0de15be4e9629205fdeace98d92ece2ddd93e,1995,31-45
P1900,R***,I***,40,F,971e5dc812af6f6fc28cb5e390583c3d4364e105075bfdcb494ef2d983bbad3f,432c9746a7ed5529fdae40b49f28ca4d942122e38a81e3e90f4b7f302a54c11b,f65aae14fdc5e86e3b89f4f1b0b1e5a4c8cea26a6b95c7d3b19b066d6e3b0655,1986,31-45
P1901,A***,P***,36,F,ccaf33126572f342e7765b184320eb9e9f9fd90a76f92dd182a8f84d069f0545,56d62297e6b0c1151404a01577e2a1040b5767c8e0b752986c8913cb0e61d2d5,5f0c21be71ab672581d279b282f9713a6800b36de1b84c6ddb220eaae08342b6,1990,31-45
P1902,V***,P***,24,M,12aa31c5a20a9ca7faf00c64fcf57eb4364e04a0d8a34b99f942406963112981,31d5b4562e47688d4a303302bdb829669bcb62616ff801dd240d0f512b7ca2f0,4fa975bf2f5b7d35a140d754b8b14d4ada6e6685d43c49f7e3500d606bb5c7c6,2002,18-30
P1903,A***,N***,6,F,294f914b8f20fd7e368c2e47b4209281f91bc6ac2a14c468c625fb6dc18c7628,a3a7441b722771457330aad50e7daed88ad870f2e56af263d9f4d11ee68013fd,2323e96c83425a1ecf22c5d9f9aad7bf5854828790b803071b1079cd864fd9c4,2020,Under 18
P1904,S***,J***,66,F,e79438daecefee08f0a584d6db9d663591b692542cbbce605b897c5f15f8c3fd,8fd52ecff2e5af1dcd4c223e1ad527ed2c88b48124a802a2664c4f97347ba2d6,480dc5c4a16ffc5764cf449e758fdbb655c84fad9ad2a3ca690aa1b8c555de2c,1960,60+
P1905,V***,P***,84,M,88235518fb4d8a183121635021d5c1f50e40d6f4ba8eb7ce0a57fecd6907d97f,7fdff3fa9bef19543ae80c03f037e58840d0cbe6fb57bc2a1bffe32185c1d220,db64fe524b175faab20705c49441bc2cb3c671980461fce85dbaf9cda3e5ef02,1942,60+
P1906,S***,C***,75,F,5da859256b915298b83fe7d9e0f2a36fb630f85ff145d99f3c56e1d80854e293,e8f12514fbca75c81630616ff8244194f7584c1f192b161be33cb8a3d2a1aea4,0892a7e4fe56ca245228a655776ea352bcdfdf30cd87fb278cc10360a853b2b2,1951,60+
P1907,S***,S***,4,F,6b5889fc69e1d0c3cd69a5acf23832ec3c81c0a47c2e9ec6ecd9e8017fc5beb6,6008bf081f47dd80be2478ce9b76714b635e006ae305a292abca968a32c2027c,697e4925c003841adfb237738ad2956379d6021896bb5d6703b4e70701595d40,2022,Under 18
P1908,A***,S***,79,F,7ee6f392fde8164d6196c1d3d49f604a24ca4921ab711b3b28d36530a02182b0,e390b220b99e6cfda6edcd1b86a70facb2f691e5ab87e1ae7df5a8cbd75a2cfc,7bf1792fa069b9dcefe4d1af0ffb93468bf02e5cad31d3001482856c27cf6756,1947,60+
P1909,A***,C***,6,M,d20819061e827feb459934b99a83af20b657407706951d15b5f77f13b5b380a9,f0df3300d2219b4e35fc1b6931b7dc2b100fbaf01c9ea7e27419d0edda98e149,465a8e23b6ff732b658ec03bcbd11a1018609a4d2ebe0189dd7caf2af92c6141,2020,Under 18
P1910,K***,S***,51,F,fd8ec45284d9a487bc087f90f8b61ca30b4f610f2bf95f9e2321cf52cd792f34,6f7262d11f3c5c713dcb894bae232093fc72ab6bc403e7e84751773e4bc78a06,726a31dcd3d01a365eabbb924ab7cc1a34077c4bf5fff04988e7d940a0a144f0,1975,46-60
P1911,S***,J***,62,F,4e4eb0a2f018543969c13f3f8dc3b9c36058a97fab23f944cd913ca663d2c246,fcd0d0ab0b223967c68922a1a0552bee371f8ca02e333c3bbb5b3a48c9d1ba30,24070d22577d368c81ddd177b16645c5b4ede76acd61ce0a3317df084ea34677,1964,60+
P1912,D***,k***,57,F,a793247a7a49dabf71614896714422b23d9b541e9a9a54599f877f543445ec7d,936fc3635bf8599dcbb2900b6e60f6890f59425022b179bd5ed30c205ded7db4,77859407f38cabad538bd4e874139ff6e947955887d41839cfbef542ff43fbf0,1969,46-60
P1913,A***,N***,66,F,3b995fe8b61e4450a8149886448c0b31d453abd4bd7c1c08ce18ff927c4fa07f,7f27c32ec7d0a1c194aa97c554d69bca57c6ed95c6266bdc3e4fcc223618a8b9,c4eaabf1fadbb829faee6aa35a386cb77f3f1d700c2befd169554b582fcdecb3,1960,60+
P1914,D***,B***,79,M,f96cbda3a941d13402a4f2102bd96f363c118141a29d7fb76e93b0a5621c3f71,a47674443e66def385a2fe42c0f7f0928f329020e64442e57f88f126e1d881d2,d8b3a03dace1d3ffc3a5ce6ea60fbaa5b55c8dffbbb25508699812f36f035829,1947,60+
P1915,S***,P***,75,M,4a40c2f6533c77c5f93c24c02420bfe9e72f5ec0d1a382685e973f37f32a7dbe,dea923d88dcbb9a90ae2905f683238e3685d9ce512bc41a1e3b9e8e6f33f3598,8833d575418ea137d6911576c9c03bb161a3a9cc1b84a51172eb1bca9ed40045,1951,60+
P1916,M***,D***,8,F,cde50cdc06878d7bec1d94204a58ebdce917fca2caeee190b60d44f98dfce39e,c72baa5d3d041f585a7a886780f5f683413e6a271b6fbda73bafce72a7d86628,12d9278c894059378d3336272d85581d5deb2df2ccb551668086cd3f6c30d46b,2018,Under 18
P1917,K***,G***,26,F,ea434817d8e6bb340e60d1466f00340d143882f5c0a6d16b3e66da2f45a2525c,e3b9a5696d3c96ca17c62e7bec9642423b77bc7fd402300e67fe4e75aea11a58,d7e0fa073087ab52d90d45b6bf2cc4642123f8cf5865839bb3d8499c3937136c,2000,18-30
P1918,A***,G***,51,M,67b1c18fb85877a29d28483bc9b859f84d9f09941b40f4d286d835c77980ec8b,48be108964e80eecbe0cb8d7b5b290606db5ad971af6f65046b49aa9b1aabc92,2a6ee74626c250756e2d83ba9addbac79e910455dcd2d6553a5da96ded973e67,1975,46-60
P1919,A***,I***,45,M,ebd68fd01e6d9a5127acff5d95803a13ae4fd02315ee0b3032f423553bc7ad1a,f0b2982e17d6fca0d482e4eeef0419aa5088d64e10d72821b9330b422e1f765d,2990f44eb6a534622fc648b0075a657c40dd05b46a2934ffb30c2dc77c3182c4,1981,31-45
P1920,R***,A***,44,F,5efb108f329006a1ae6e27e6d5ded81ec39839c3150d4900fc0825d11f3fd24a,77ff8940aae0942b8b6dc17ccee9d62692b2ed462340b370349899ea28992919,2f47ec0abdb27868de786b224f96d67bd21c42b0b8582df44598459f71553940,1982,31-45
P1921,I***,C***,5,M,11a42d17d79b0edf3cc9201d82b985e88b85f051e24dfb326bcd45246602b91f,493598c999529f185c7c887f693ffea454b54d7ed1c15b79eb2c61c5b515be92,af5bf111603d43181af1da29327fe1dc99334a798a294c3df56926dc5737b788,2021,Under 18
P1922,A***,G***,70,F,89021c0bd9a97b4a5a5ea9386c6b6f65fddc550863df9d12908440a0776a33fa,04bb428aca0735d69c371d78551481513e085d1adfda3230abf29d22762506fe,3a99de3c421905672049c91785fa19524278a48057e1a2a0813a895447239066,1956,60+
P1923,S***,G***,26,M,277a4afa2619d92db450f56a02134d08cdd6a891e435a91edcf4b1705865bdaa,60bdc68ddbcba59b37de1e12249d6b85c4f9bee30a0bd5e2c88b032224d55198,e269993756d6a9ff3aeabf670825169d51e4a7c45486481e4153c2da85a1d5b1,2000,18-30
P1924,A***,R***,68,M,2d47dc81dc07758ae3415bb24e8e686984604c404272a8a28d364f26d0ef609a,ed4b5f2f9a6d2eec6d0d583126f25349da36a3d6fa9aa2f4547aa356ffa0ed9d,1b97fd67d416cc968087eae61c3b66f72fbb465adb7f52ac49afffaff5a8e74b,1958,60+
P1925,D***,N***,19,M,c47b1cb87f7c54895979cdb7c207375bac3b412d3b3c0897839ddff30f15bf5e,0150b8acd628f800d7478e85d7e60730376b1c9b34e828caa923aaf0e4b47df0,a82a6f4d7f09f09c7fd9fab5944df48bd676cdbce6cb10786af1b346df27686d,2007,18-30
P1926,K***,I***,84,M,2b780c50e0448d0299907bd969f3d5d4ed5dde04e1b4fb254ce8716a9a1dd331,123f52c3e01a76c56338059a2546451872f4111fc24d525b91541afbf9685f83,bcb4ff1123b5e1aedb8ff6907d4d6145ec1b05d40e3a7bd12b43695bf54fec1d,1942,60+
P1927,S***,R***,20,F,2abce4f23f03608c54c339f3537459334969da678d5d9abf878439b15455a802,720c1b58c9f3c0f4d75ab208a41b9af39c41b90eddbaf63bee05f14a49db2d3e,72a788bd737dde7ee2769d202efd3de30ef6d4e380966acac6cc15da8578a0c8,2006,18-30
P1928,S***,A***,12,M,823e039400152ff7377c8bdfb0e606d1484ce911adc0c79b72cfb68691546e5d,ecabe450cf7af5595cbf49cdb927b80c2c325668dc7ebeb73f2fafb1d5c491ae,699baab82a1fdf63e22e6337518a59f8830258bee7e28d08370f1fd838b30ab1,2014,Under 18
P1929,A***,S***,47,M,8c2a319eb0304bc208a1033777bda1df4a23240e1480b9987bb7370a983ffb9c,700ef98f4594c2b8b35bea927097d7d66a638a336f28fa42585660778138ac31,d54c55c7d6aaf177049348f033e181c24f957080c6cfb8397de2dcd0635097c7,1979,46-60
P1930,V***,G***,1,F,4f073c94ef2aea6fe4bc5f90e0d3f0dc93cb8e1e754a4b814f86c6138d6a1a4f,81a52c2a0041b19208d4deffd816d4ac6114db6c578a2274974217c077b572f6,f713b48a2eab905877b769f1a3607d685d33efd8a28ecfb5de9359b8082f6927,2025,Under 18
P1931,A***,V***,14,M,3082da073e1e5942719a1b2b553fe77fd76d71ed5362aaa0f1d83ace7798ca4a,95b5958b48745dd2cd31ff2efcae67f31d572b9d21739f6b2803038759771f7b,e53f71e19699657377b6d44ec3d6219d5bb587ae366025fcd2662d1885d7635a,2012,Under 18
P1932,I***,G***,64,M,52584aaf4fe7debddd6eb3ae84195eb2c09516d6b178595b59bb356ec52ca9fc,fafd3d922c51bff01696c495263e70ccada7e336a32c1e346194995109541ec2,e76abe05b9ece44637db816f5c38dd571f42a1f38c2cddee38933e5816a779d8,1962,60+
P1933,I***,K***,38,F,047fdbf4bfe33b918dddfa88fb9dbd35aa8d9663220482a7d65bf92b1b972816,d6f0e1516ca5954f4d079d2dbcd2335e0f729a262f914ae46e2890d262740e96,71d9c0dd9708833c79efe7e18c1394ba63d6ec8d0de1506a46404eb6b0fc1983,1988,31-45
P1934,S***,V***,37,M,c712aafd5403069cfb94c5f82c09cdbb5965a1fc6c905f9bcc570af4ad9754b2,fac8f9998d5baceefcd3dd4154090b1ed4c0c01848347e4a9b19c9f97fd054db,d3d4f0faf38299b690ebe05a5e665f6c2f516cbb476c78fab03f980ed8e06acf,1989,31-45
P1935,M***,K***,11,F,d1cf0d258583eb1936f4e42f01420bf171b2e6d37c66c61792d14e053db5ca9f,79737b4a525f6a3958b7a406fdfa1d426a5f0c9e21b037df7355ec087ecff533,7d061fe60b597aea6591ade70e668393db68dc364afef236eeb76cb00430cb7e,2015,Under 18
P1936,R***,V***,77,F,1b1900c5a4095bb1141c1a376768e2a17a17928ffee8613206af103141e7fe0a,6c51f4a60c203a88276b63bfa08ba6037fc007eeb3965a2fb12b3f771dc40946,062e7a8e7dd637b35c5090f12217451785859e0ec94e36cdcf7308f73cb3c288,1949,60+
P1937,A***,G***,3,F,7d49030132005c115ab663b35341fdcb247ec6169059f32c905c6d54d5a4efb5,0269b5722180bb8c1893b3f763df8cf4ecc12bc5e2285ec0cacf3451f40b212a,dec5508568df92cf0a2e20fa22c879e65c07926f37076d94be278e8a9b17c381,2023,Under 18
P1938,R***,J***,33,F,e48ec765278dd8444289c0c259297600636ba59f24a4e6b2799abcd1e5f73591,346c34fb143276677c292bfbf737f08c23f996347fe9ac0258893a3771a47d59,9f97e9c55b416e4d8c8d0e768f92e6db5ba9f44b77d5003cf95d6cb982757ca2,1993,31-45
P1939,R***,M***,6,M,54fdc7bc4872293833a0209f969551d509b9f09aa0aeaf8f8c14f3919886cad7,ac238e6ee5fda21404c4ba905afd9ab28c806cf16cd26fde66d13d6fe5cde44b,5c308df562ab7a908f2d94f52246d3eae9460fdca673390241a2e50bcc85a7dc,2020,Under 18
P1940,R***,R***,50,F,844f80e8fae54d5c93e6178c71dcbbfad4cb72f65cec119f6db37648b38e9abc,0f451bdd262a69739b9284c75035dc75f28e059a3792e7336cbb4cdd6f7d822c,ee320687492fa47fc3e23e5e716ce48b0fedf0d73eccbd843b2e0115e8f77925,1976,46-60
P1941,R***,N***,10,M,22445dfe18c95dfa7dd3223f71b3e0403eb9a917df563655c02fc54800cdd940,5936cac95e3a2ccf956efbf36d57cee64d259d12a2bfbbd0234c30dd3c6b3e1d,4e40db18dd6f6a7191b5d25af45c2c58738acb0ce1922d00c8d80447b97c8225,2016,Under 18
P1942,R***,P***,5,M,9768d7e5d01068cce01e640517d136e837e029616bc7db1b11ef195d8922a385,057b19d737c420cf5ac7c48286a117cd94ee98aad9d9e6dae6dbb315807f30f9,36cf098d837cc6767b48510f6f316ec9496675ca34f06dd37603057c67d37136,2021,Under 18
P1943,S***,N***,23,M,cf12f4cd8fa14d5f22f5df2e3432bff89cfa57510bd9037188feebdf8b01edd7,ba4b019a9ed7b77f5258a61b5dd96d723f48159d2508aaea9266788b0adebb01,d6c014b9fa03b6a00743dfc8513b4e95a815e6b60bb81c7a203ef840fd5a34d5,2003,18-30
P1944,R***,G***,10,M,425965ce362cbb87460e1f2ad05103888cefdc544c292b57b88b5f2dc1ce1e9e,a2ab64045274bc219693a098384424b5cbe05daa2a2f19626bd3397f6531419b,7571f2d2a7015c1dfda9214e6af3409ee5393cb3b481b427b6668093ab4354fa,2016,Under 18
P1945,R***,V***,44,M,78887c7d4c4a38df678050bf5488137b6b8847d676e0cccd042d84080e55821c,db392a0017f3f3c37bae1625673fbeb0e8438694812752dbcdfd7ea0eb381618,3a5f291e4a01d42ca3fe5566f5ef6d5d3899ad7ac42651c469a9396b4d39e1fa,1982,31-45
P1946,A***,M***,2,M,3da81ce7a20122bc7767821891d988f262807be49e422fecca2426d1170d673f,18910ec692592d22a358128b4365381eb38c64df9bf0eb5074801a02a10953e2,a35b451bb9bde536bf9349d48cd96d7b5f8e060f4041a888f8ec993507067454,2024,Under 18
P1947,M***,S***,13,M,cbc1dc469eb8affc98013bca02cb319b85d49602f6b1789219b0169b7c864f07,30edf69b053d8ab5f03c02f95d4802ce53a932ea2ff878c002eafdb3a674ffac,bd40e54880b6fc09ac8395ab026be4a17c90a8acf4ca4ad6e5b85b47692765ee,2013,Under 18
P1948,I***,V***,40,M,8cdbdf45160ec570f0afeec2768bb69e23443635e8a9f4233b4b33aa33205a04,2209ed2a3b4f2937f235a0eef92014d6a80e6bcbf6bd157f66d654f4fd931b9a,278c95230879ba1189e69e5fd5ff1c63ce397c641357841437b4941678230b34,1986,31-45
P1949,S***,G***,2,M,cf9016654f4a544fc6065b9fc241ade6f42b2db4172e703d854a84af38233b0e,9c9e513893b9315cacf94000afc3e4fb1c9c9e95a6c49e17e5b3e8423b233ed9,6e05d6368edde85aed8a812d9b9577bed30002c8646d2278f99978a6f069a737,2024,Under 18
P1950,A***,M***,84,M,f0e78b216f2db36229b4872ff8456bcb68a5af25baf49203e862021dd1b71e0c,1257aa89e2c43606bba0a108b86615cdb803715c6dc8336b777ad9c33ebfb71a,84ebd160100cbe19682b23b3195e5a6cc84f7ce507c31ddea6de7b54f4d11c4f,1942,60+
P1951,V***,B***,65,F,0fcbd0262dd46d7034ee156d12389412225b06c52ba6a6a698cbf6958d446f82,b94d33ee744c3f294e50565dbd6275e4e1b37fc50a661764b65b7c0c23c6c3d4,c48c8a753e23e759cc4d99e46c2697062b406f7a71ad25ea4b35be43e2fc1e44,1961,60+
P1952,M***,D***,63,F,bb6d00ce5be719b67ae4b431b760fd4030de23896c02e84359b4c94cf96117a9,89f5382a71ec7ba325895f3f97e6be7b244fdfc8a12edb8ced3b2fc65d21d537,20bbd1b3d0a26010e15821b01cc0e5f959657c9ef78ad3ebfa704c8d59812036,1963,60+
P1953,K***,I***,73,F,3638829c36dc29ba885cf92b6d759c7bfb4a83861e15ad63278a5c65c3a2e130,4c7c2556301b6211b86ff89f4dd9b85300d8986ef5375a457c5334fae0c5f93f,d07f13d4f2812e94205199b3e073556da1ceb1eae373e5bddcf32052637fe8a7,1953,60+
P1954,A***,A***,17,M,5c14a38772c39281557980efbd910d2487330fd46e2332e895437caa65456294,d60135552c795afcb7508b6faf5dfd0db057aca45604af247b590f02584fe731,a1afe5bbb9b810cb5fad8903c2acfb219b97606c6b910972f10700993f89e424,2009,Under 18
P1955,A***,D***,9,F,b53a9e2efa60df9fa866aeeeb1e376d667edcd996d8df89935a9a34b27b7ffd8,f5afa9b88350becfac2ff052c73f5d72e542dd7a3c0189c992210a9aa903b79b,a2f5a646a9c8d277e3434f14c83b655935a584b2cfc773d46598d839c7f5d714,2017,Under 18
P1956,A***,I***,75,F,34bc82b2f151259b8cf33ba28eb294fcc55e36b4fdc7de86ca9a6f0c43d0ed3d,cccc0907c7b1b67bf29523a2b2b6fdbf781814f19cf87702e7e0994b58006d97,6d6936ced9823f4dd4d6dac1a1197f25376115a1e101bc424cec63d44fb07b2e,1951,60+
P1957,I***,V***,15,F,7fb111a7709eae39a5f7be5e084539adec9dde50e45293ae2a3f4576fbe53c7d,5981910d8e65674911ee27260768bd66e70a74340663b910a6f6e2b52818b492,ced8401a0cf6f5fd784a604d4a01401a4c3ac561fef0702f09c6aac862e80c96,2011,Under 18
P1958,A***,G***,24,M,46266e1ad19eea2250edffa565b1481cfc094b084cb8bb9007fbf427c594e79b,1ad3ec033afe8b5ef85d3c00b70addeaecf4d1ae59202ca0d820ecb68020f957,8ac2acee7808edd0a624ce5a22d782f5b917242d73dc1324386c73b988e8ce62,2002,18-30
P1959,S***,K***,38,M,81955f498c4b1d58dcd5fbad6661d34d6ca7a7d89b65effdf9a1f80360b0a6d9,853347a73d2540218069470b2e784e413261f59e4ceca23875dbb9071ce865c0,f0c5ac4d312946371eec3e4a9534e80e40173ae87dae3839c1c6de984feae352,1988,31-45
P1960,K***,M***,35,M,1d7290b3ec6f79718e6fcabcfa047ea46d0a705b410319a79c2655e46d7241e9,b697ca591cb28d7c56a5e4d53ce6d51b01b2e876cac430a4e9090d32efe85560,3723180ad3e19e514ade761ef9468b8035e82cdf47f6cce3f779f27c8e0e56ba,1991,31-45
P1961,M***,I***,49,M,a0e724ac9e82e1ebeae4e43e5c2011b4abd4056912d3399918bda664caabdc0a,683ae4829ed68041c7f0a9db63ed666e0efcad5e3788b2289ebc4066f74c2e74,e6482734eddda8d2ad5948b5aac5f3999e98598dbeeba1d3fb91b16aa2aef5b3,1977,46-60
P1962,K***,S***,69,F,edf76b41e2deb739b300e3ef0cb4a4072c50c1d4a89208a7f62af25f033f7203,cf6de9d72229367e8c61bcf4fd79d9f3502dc86ab9402952670b11e4b450c6fa,bfeda3b774cf62897f1fa705daf2a10a5a8ed24fad605d3f2baeba0165070496,1957,60+
P1963,S***,P***,62,F,8c4541bbc252aae9b0ae88656a090901bf1fe66f885ef6d41ee11c97724fc6e9,a289fe338bb9a7c40ef34264bc295ab7876ef9052eedf5200008c32dd1b36ecf,39dabb9d338de3151e7a8a75a0ea47156802c6adb6976e3fb92c1e2e88cf3ad1,1964,60+
P1964,S***,V***,60,F,e87a4012cd7488bfbf7cc76def1aad49e63dc0c1e6d66966045209f2ccd6bb3a,7e54da678ac4c3dcb1de1dd6a3dc94a9e7ce7218bc350f570dfa62e154f5d8f4,3d18243cb3a17d59a9a3282fb3f1f89b1db7b0624b3c21fd7365b9a50885087d,1966,46-60
P1965,A***,B***,50,F,8e21354e8575949e60e1610c84e8ff320a874d8ee4d71094683469dfaf5bfc73,4b7d98034922f1f184b141a3c94c42c7089acb4681dba201aff3db7f10bd5dfa,2711bd45f3fb40eb1626f623adc9a034bdfa3078111836c66659750c4e95bebb,1976,46-60
P1966,R***,S***,78,M,2b7e48564fa158442be004c60e5edb34cfb4d6576f3d026e7fada224f201f61e,322741675dbc2a317f5de0926ceeb3952c3d31b50648ceb9ffcc621368ba28fc,4268963d9a2acb1574cecb59226bd186e54d96faf3db79c6193e77ffb779678b,1948,60+
P1967,A***,I***,75,M,84229cef7bd22f13be86b15a28d8d00e7b4e7e3814351b18f1f10f61ea6a42fd,beaa5f154a6762e83aff840bc143abe165dac453b7a0deba897cd242d49408ca,338de401d190e5bb691d222ac935e97c7ff9bbff6414807ec4a99dfe563ff863,1951,60+
P1968,S***,P***,9,M,ca004af45c20064f03333be6f6e1ebec44060eb2522b810f0f245374b59add97,c094cc31e2a0ab3c0beac50c1e545e8c1df58c7a233f3c9aead467fcf9127653,b46eb8b66f2923e72548b14616e2ba02648783f3a6f3b45d16299fd906c7e22e,2017,Under 18
P1969,S***,C***,34,F,a4af4015408a1b2da001d8191c51dec89544cd2d734f782ef2f03c51cb7ef7f9,9cd98781b442c8155a5067530c9f0519b9ba9e2f609bca4c4d804887b03d2344,19607d77231e0d202f7eecd1f9d5ce8693c7dc665400419e3cc2962e65357b6f,1992,31-45
P1970,V***,V***,76,M,c979ec45ef2f94664f4887ca71c2db96015487aed3495010970a3cc2c0f09406,8ae3a94f97bdd4f243b11da7045b8085de877693449280578599cb808dd803b6,9a810bc995dbba4f7eb4d695a2b982edf3f526f8091aeb771e510b2b7c4d00e9,1950,60+
P1971,V***,G***,35,M,fd9d2b3d165e07838e07e52f0228c5a2313179f971b4534efe2a2f56791b70ed,fcc187ff2ade5c24128c92cac29f0e4ba07825946030c1f8187fe785bb4daa45,dcf81f0f0f7ddb76a0cfe2630d587a0a46793e3d5692474b40f85bf41cd8fee7,1991,31-45
P1972,A***,J***,1,F,2d103d93ed5cd1f3b872feab317657588c0f38c539a58e0ff32019086543f77e,19447799362c38d799bac5fb7a2000bb14d7c061bef4a5dee569a953ce369404,d44d530ca9caacd514b18a79b8d5415d6544e8b1c61ad6d7d03082d2b1f6da0c,2025,Under 18
P1973,K***,M***,40,F,7aa6dc12b838ce7174c8a43e11f1765a10e95ac31cd4fdfc8f34b3d367baefc5,050851bb7837b8f96667894dc91cc185efa7ae6ceee5239991275efd5df3826c,44429c3a075fe44d7fe606b10344fc03b88c53042e9971314aed33b1ccb20aed,1986,31-45
P1974,K***,M***,64,M,639bd8621cdc2b2768667ec22d5d6cc9f431a7856387dbc96e39c4e4ffa41ff7,2195d341bb9ca9d1494025eab0addc4956a64715acf6ff3b9b53acc0a63b49b9,4fbef2cb0ec1831d3adb237bfcbdc7a9e915472d63188059cf79d2cec384c3bc,1962,60+
P1975,R***,P***,22,M,35932376b2a783ddced5bccb0482f90de2dad24cd0c7f6be0ee9391ab8543649,fc60255b3b152968c5a44f72fb6900e13eb359de079a9d77b131ca3bac23bea1,20926f96c0e847593cb03817c1b234f496493093c57a57cd2cb593433b2ec9df,2004,18-30
P1976,R***,K***,60,M,b5c8e3ae556e94c3e1c6f1ef5133d2f67e58762cb9498589827cf7de8f339d20,14fdaedc7b7e610e51017f44ca9edf2acab3556007fbce24d1e4a99738b0cb9f,dfd7159c825af4b25cddcd0719ced922012a448912de7d5bd0b35a373be5f0b0,1966,46-60
P1977,S***,J***,64,M,9217b5f18fa5a7cc7b4b3744ee87c38a9dac84353d5878590723c83a384ca096,6a0c770f57856275d74c129666809947e6077d4912363feda28c77f7238e126e,ba122df4f0185ecd04f5b7c65fdae02a47b636cfdc8a1ec8226d346fd1ac4245,1962,60+
P1978,V***,S***,72,M,0583dff4248fbd5868277cad2441f862a5b4a8b7d7ba2cc14beeba09f38bb948,9ed51edc914d62b8ede0736c805e81b046417e8aa39d2ce6bdb36864ba330c92,8cf1ac159a9056bbb289e08449e30cc9c6b408b0020e1cf0cbb1ee518e2402ea,1954,60+
P1979,K***,G***,11,M,6581ad685d52ac927db40110a1455ec0edfc9d15c70d2e873429336e1a12396e,c7dc04f4b96c7803da34627f02ed5020e536a1f34d894373d0d9ae2c9c806d4a,6a0671d193498ad638f86b1a9f01ad5506c68a7d4f65315a70f555857e364359,2015,Under 18
P1980,A***,G***,14,F,11ba0fb51017e21c5c28095d221c427b20ec7f51300c26b0f717b9223c74d0fb,e43710569157c3acfdfee540baea4bf7941b00eddf0eb669e60c0f33afd639f2,d339746ac57c33c2f939f97a0c117261d31a033a5de8e6deb50752dd604b68d0,2012,Under 18
P1981,D***,G***,60,F,7fbd3fca04b9ca127a9f6e3ba0bce2900c3016767249440125324171d6b6d8df,34ab392f871a4077e5f1b2ed03fe51ccc45b4467b8504448ec36fb2d493bfa17,18e691d50dc56bfe5b7b69c809db64df8e1eac406d89f3447ce4b25e04afa85c,1966,46-60
P1982,A***,D***,30,F,dcdce263f8ef77b9f69285b369293f163acbea761d3c1a6fbf94c49d5de2b904,8b73c68228c9fb58af7c1437a65e475bfb11cbce0bd5b40b88e592d0f5374f25,71190ed4d6e3c68270005e6ffc0ce82eaf13eb677781216d8fd371b631869750,1996,18-30
P1983,M***,K***,35,M,619ad819c2d984911970c31960e6c3189868088c3e9d40f7029ea1ca3e692b6e,c2231beedff8fe7a9ededeaa0c02ad1f62535a9c8808d2659d1e55df17b7b4bb,9bc4008d51aef33ea4779b626a477549abbbb3d6841cdc7b62f86fdcc69dd5a1,1991,31-45
P1984,I***,S***,85,F,2c3ea1c0e71a1797796ddb98a1c390121d009981907a5f7300ea815168a6794d,ebce7945e6097c474cb7350e7b2a150686ed8099dbe3cb74e94ac5e3b6b54b1d,48c44838495892af58736cd492178e49bfd43bc9559b9da7fe47f25bbfb50c78,1941,60+
P1985,A***,N***,37,M,8d0b8971ff2a385d4e9d287c7d4f195a5ff0a85bb8d04189c561c3da6898a0c6,94392d61a7218078bc5263c3a44bb7b48013d1eacd5f2f89c93ef8e725d0a53e,f0abd54df3fcc56ece60526fb312a2eefd86e83550b7137558fc1c72162f7479,1989,31-45
P1986,D***,K***,5,M,d20c4388ca5a8f0e0db77e72f97153bf66cbc33709ca7cf9972d6857bd0e46ca,dc42742ca402eee960bc3890cf5ab3118c78e36c36014a89aaee93afceba6213,b367469ec4a1780764ecc7af2abc65d667f0515a31eacb142f1917926e8bc4bc,2021,Under 18
P1987,S***,P***,83,F,2806b17b321539384db041fd90e68f2cc8b12fdeb4db1ab781e635631ce8d88f,5658bbe612df0e806410f258bada3812f2a8eefe57d2a5bf40b1187cceae5d4a,547c967f0f7e8172ed444480479aea4d9ae17888cac30312d308647d232f3b13,1943,60+
P1988,K***,I***,78,M,4ce944556ed4bc43a5fe64d98feab8f51cb072c474e032d4f6c4c7d9c20c8512,442e8ca5f3a408dc99e6848a88b7d3371ef1717682ba3eafd026e22cdd00cd42,12defa537a139d554c92bb51a646186776c76fa0a001429538b87e7b4a7a4a29,1948,60+
P1989,R***,C***,26,M,b5e8627c6f3319c572dc2b8cbd4afe7a400d81d8af14e8f3bf5c0e8aed069e6e,3d8901f8b5186a3985cc46a28d174cc6675e40693fd70a10aacd28c4e1419b8d,3e3960d3d7e8bc84e267f5da6e039ed38d18e8bab7a92acbfef36239f44a7d3b,2000,18-30
P1990,A***,A***,62,F,4777ef9380c1bf462a8c59d0c0431c8b492fdf89e744b066549ecd9bdac9ecdb,f2f01e5393cbaa70fc8054f94d98d8fb2c3421b227bb3db14b22d4dabf57a8bb,41dc4b89287c44da884875a14ef605b694c403bd783f8c0a10d0558bf0bbbdab,1964,60+
P1991,A***,S***,4,F,72b2bb801886aaeeb819b3ae95dbb85d9503674e3ad32fed09e94ec40c3784e2,4bda9588faaf5edac1e6e6f9eed8c2289c035092049ceb615bba4d5c371ac755,fd774f82028095cc0b5ea70829cd623a5bfc7c999b33e21a69209ec0b28d119a,2022,Under 18
P1992,D***,S***,89,F,6989ca5e0d0b122a4cf94af74d7d4eae92afba2dc675af746375c33e032ab97a,3bc3a256f9c33d5c687f231763865f505ca6cd2cac548c960201eac090ee334e,8d39c2132e5659e93d3a8f5282e8b5b540a21a078d20ca5703ce128214bde34b,1937,60+
P1993,M***,N***,42,M,e4c002da05dd05e680eac1babbcd76206059a808397ff5550ce2e9d7abe308e9,ebf2872d0a3eb185dafcb984a13ae309e7f86fc708dd8ddafa3a7aad374f035b,ecfdc8cb3a98be292672bfc98cb0b0f4e03d0da717b03d0cb966acb7c632792f,1984,31-45
P1994,D***,K***,89,F,c47618585eefa290af7cfee236e546a5a1818c92feaca6e5dd47542e818fb6b3,0d9c3aa66aa8f44b8fa48272dda19b03f414f58e813e8b180cb17f7612483792,b33646fb5c7da684e1bcc28111f24b56df9149e3b9a9d90e7c4f5bc13fc8c8f9,1937,60+
P1995,A***,V***,18,F,c5cdef7230acdf7dcc0e08628797fff98b311a5fe25e0cb5125293f54bc7e815,386b49359446750dfad54aa794668099f1ddd7146562c55c30962685556fec6b,726a282476e56321321d4b12a09aa7f17a6df01f3b5114f4465515ce124371d0,2008,18-30
P1996,I***,N***,40,M,14d7f1d59d6ed759486d783396b3b03959554c8c35be78caab33dd33ad20af36,d2ce309b11830ea648f03f080da15d634d5132e322f7c9f3a540c6fd29877292,062a39c9fbc9944280a8545618f0e447220aa7cedef060e09b8ff358ce77d024,1986,31-45
P1997,A***,R***,72,F,06bf4ebc1c5e83dad19be3f502d099cb0380942540578259277ffe7e76c4e7e4,fe91b9479a06e542524d4c70d02bb957475a77821d066ad3a9cbbd9f32fb8e2a,a99d14e00d90376a37877992373016b5894942d9ccbf0bd94736a79a1fe039a2,1954,60+
P1998,S***,K***,39,F,8a53092ab5cfd2fc70502bf156f09e00b268271d14a9bb028a25cf2d275b43da,1caa82d8251c38873dc75b4cabf97e4f0a02b3a737e662fae05acc2c04f99747,7af6921615444f906b4bddc47bcb73e83bc0babee485d091367e85ac07731bf8,1987,31-45
P1999,A***,P***,14,F,a902f2d244800b0aac6a93a79c0ebeac712ec8591abcb321db1b43e810377efe,1a50c6877626d8f3a410397d8d1d7f22a85aaa4946677183266d06683737d237,d2cf67016230d3b9a4f57214978113470e3f6e24fb52de4cdb327b9680116f68,2012,Under 18
