booking_id,passenger_id,flight_id,booking_date,status,passport_number,seat_number,emergency_contact_name,emergency_contact_phone,airline,source,destination,departure_time,arrival_time,duration_mins,is_overnight,duration_hhmm,route,is_delayed,departure_slot,payment_id,amount,payment_method,age,age_group,gender,first_name,last_name
B1000,P1591,AI192,2025-06-14 11:37:36.951,CANCELLED,461cdc82d560421d99d9c186e313d2b76fa5358a61a4a5fb3d7bffa7940b86d5,3D,I***,9b24a99d92bb1b64e3b8f15923dccb3dab79c33fdba9bdc6536207534bd6dd12,AIR INDIA,MAA,BOM,2026-04-20 23:05:41.703,2026-04-21 04:04:41.703,299.0,1.0,4h 59m,MAA to BOM,1.0,Night (21-05),,,,4,Under 18,M,K***,M***
B1001,P1803,6F026,2025-11-02 11:37:36.951,CANCELLED,2471051494f427578858f933380ab1b0db61059016439bca4b2681f4a70273eb,18A,A***,15a2d5dbab51e893ca8769c8dd3dd68fec48cf952ac6eedc1799e4be7f2dffbb,INDIGO,BOM,CCU,2026-04-20 22:46:42.000,2026-04-21 03:13:42.000,267.0,1.0,4h 27m,BOM to CCU,1.0,Night (21-05),,,,82,60+,F,K***,S***
B1002,P1083,SJ010,2025-08-25 11:37:36.951,CANCELLED,63519a67cf0f83992e046f0075ebfaf90ee9ee1311c75e2cd371fc24a8269b2f,30C,U***,119db85e5ed5f81c66beeeba9eaf15fbf5389cff876622c6f9068a135bb1463a,SPICEJET,CCU,MAA,2026-04-20 23:38:41.701,2026-04-21 02:32:41.701,174.0,1.0,2h 54m,CCU to MAA,0.0,Night (21-05),PAY1305,6087.22,UPI,62,60+,F,A***,B***
B1002,P1083,SJ010,2025-08-25 11:37:36.951,CANCELLED,63519a67cf0f83992e046f0075ebfaf90ee9ee1311c75e2cd371fc24a8269b2f,30C,U***,119db85e5ed5f81c66beeeba9eaf15fbf5389cff876622c6f9068a135bb1463a,SPICEJET,CCU,MAA,2026-04-20 23:38:41.701,2026-04-21 02:32:41.701,174.0,1.0,2h 54m,CCU to MAA,0.0,Night (21-05),PAY1912,2505.86,NETBANKING,62,60+,F,A***,B***
B1003,P1364,AI069,2025-12-30 11:37:36.951,CONFIRMED,1b0cae8ce7774b10afc55c7d92d7ac9591259732cde1b214af4e7e227304e636,33A,H***,1765622f1401c863ff700954a32dc1229f7d0b4d52b146a59efd3070480bef5e,Air India,DEL,BOM,2026-04-20 22:43:41.702,2026-04-21 02:29:41.702,226.0,1.0,3h 46m,DEL to BOM,1.0,Night (21-05),,,,60,46-60,M,A***,G***
B1004,P1885,UK003,2025-10-02 11:37:36.951,PENDING,2bf7efe1aab555160331c3749839fe34c57eec24cbd5d5070c05448e0f58b877,25C,P***,409b784fcf87df5bd6481abd515de3961cbb632f1dde1c0147890493b56e8112,Vistara,HYD,DEL,2026-04-20 21:41:41.700,2026-04-21 02:19:41.700,278.0,1.0,4h 38m,HYD to DEL,1.0,Night (21-05),PAY1738,12222.48,UPI,33,31-45,F,I***,C***
B1005,P1548,AI048,2025-08-31 11:37:36.951,CONFIRMED,8c22bf3e83019d0b429b1a9b219c6d1f430fc5126e82ab3214ba1d9afa26fcda,13D,A***,72cfd8fa529e3b31b04a569c0545e32037a69aed01e69f8db1f30cef2f82e9cd,AIR INDIA,CCU,DEL,2026-04-20 22:23:41.701,2026-04-21 02:15:41.701,232.0,1.0,3h 52m,CCU to DEL,1.0,Night (21-05),PAY1122,13378.9,UPI,52,46-60,F,S***,N***
B1006,P1341,AI140,2025-06-29 11:37:36.951,CANCELLED,a517d419ea3ad507722a75b6d66ef504a266260258e70618fc1fb10940b04f4d,17F,T***,1f5a84ce6df723114977e7dbc98d0c8dd3bbbdaacf15eb609b81d17fc82a47ed,AIR INDIA,BOM,DEL,2026-04-20 22:25:41.702,2026-04-21 02:08:41.702,223.0,1.0,3h 43m,BOM to DEL,1.0,Night (21-05),PAY1206,14980.37,NETBANKING,58,46-60,M,R***,D***
B1007,P1838,UK167,2026-03-12 11:37:36.951,CONFIRMED,c69e79d96e35d6e363aa5cbd452f8f5df2a74f6bb2f843c96675e2abd211d509,22E,Y***,c2813831bca28395b41c80d1ffa0108c03ae00286fd95afea1893ac2d987f81e,VISTARA,DEL,MAA,2026-04-20 22:45:41.703,2026-04-21 01:46:41.703,181.0,1.0,3h 1m,DEL to MAA,0.0,Night (21-05),,,,87,60+,M,I***,K***
B1008,P1406,AI245,2025-09-07 11:37:36.951,PENDING,94fa13e5d477716c1f266cdb257eb51cd49bbb936c94673d5c2b93d1b32e176e,34F,R***,ee4a470d31a20904daa0fb7eb6fb09c52de5b20299a1bb4dcaf5acae49dc1425,AIR INDIA,BOM,CCU,2026-04-20 23:07:41.704,2026-04-21 01:43:41.704,156.0,1.0,2h 36m,BOM to CCU,0.0,Night (21-05),,,,40,31-45,F,K***,V***
B1009,P1424,SJ158,2025-04-28 11:37:36.951,CANCELLED,ad73ec2c5492f139290fd9f2178ab7dc4c010041c9776f768ee63ca86290d9e2,33C,T***,fa7d91c9cf6e429aa292137d1a44096899f361602661b2a1d21a26f81c11ff8e,SPICEJET,DEL,HYD,2026-04-20 23:05:41.703,2026-04-21 01:24:41.703,139.0,1.0,2h 19m,DEL to HYD,0.0,Night (21-05),,,,34,31-45,M,A***,N***
B1010,P1743,AI155,2025-11-24 11:37:36.951,CONFIRMED,e5714a969a451bd9fcdb451a03baa8ae2392a0d90a3f97336e323ba153a0061e,15B,A***,a3ea29235c41b381587e6942c5f3168f541b4c20a8efb147ba7e74428f29ca45,AIR INDIA,BOM,CCU,2026-04-20 23:35:41.703,2026-04-21 01:23:41.703,108.0,1.0,1h 48m,BOM to CCU,0.0,Night (21-05),,,,79,60+,F,S***,M***
B1011,P1092,AI179,2025-10-25 11:37:36.951,CONFIRMED,9989d87892b03dfd9ad59b911f62b9e6898bb795c1fd505d941358cd1fa9fa6c,22C,N***,b6a56560094bf337a2b6179db87194402ee6386c9d927b4541bbd00263958a79,AIR INDIA,HYD,BOM,2026-04-20 20:41:41.703,2026-04-21 01:19:41.703,278.0,1.0,4h 38m,HYD to BOM,1.0,Evening (17-21),PAY1537,2115.18,CARD,60,46-60,F,R***,V***
B1012,P1847,AI137,2025-08-15 11:37:36.951,PENDING,beb6d1a598720bb33337ecb0d3446f9a593ea729e3a021b20a1f1a999c34a5c7,28B,H***,3a72a53d3f3a217a9f77d896db65a08b0e728b76826036e32ffe1fea2813bb75,AIR INDIA,BOM,DEL,2026-04-20 22:49:41.702,2026-04-21 01:17:41.702,148.0,1.0,2h 28m,BOM to DEL,0.0,Night (21-05),PAY1050,4074.67,CARD,3,Under 18,F,A***,A***
B1012,P1847,AI137,2025-08-15 11:37:36.951,PENDING,beb6d1a598720bb33337ecb0d3446f9a593ea729e3a021b20a1f1a999c34a5c7,28B,H***,3a72a53d3f3a217a9f77d896db65a08b0e728b76826036e32ffe1fea2813bb75,AIR INDIA,BOM,DEL,2026-04-20 22:49:41.702,2026-04-21 01:17:41.702,148.0,1.0,2h 28m,BOM to DEL,0.0,Night (21-05),PAY1274,12647.86,CARD,3,Under 18,F,A***,A***
B1012,P1847,AI137,2025-08-15 11:37:36.951,PENDING,beb6d1a598720bb33337ecb0d3446f9a593ea729e3a021b20a1f1a999c34a5c7,28B,H***,3a72a53d3f3a217a9f77d896db65a08b0e728b76826036e32ffe1fea2813bb75,AIR INDIA,BOM,DEL,2026-04-20 22:49:41.702,2026-04-21 01:17:41.702,148.0,1.0,2h 28m,BOM to DEL,0.0,Night (21-05),PAY1407,6979.86,CARD,3,Under 18,F,A***,A***
B1013,P1613,SJ001,2025-07-20 11:37:36.951,CONFIRMED,89a3eb3027c35b8a0049e177e0912e965a28e5a6179627ef0a31cc2eb9323a73,26E,N***,bb2cf4b3f407835a5340b236c28bbc7e9910d5896c25d91030e9d586925fb5e5,SPICEJET,BOM,MAA,2026-04-20 20:28:41.700,2026-04-21 01:15:41.700,287.0,1.0,4h 47m,BOM to MAA,1.0,Evening (17-21),PAY1185,1176.33,UPI,62,60+,F,A***,S***
B1014,P1411,SJ172,2025-09-15 11:37:36.951,PENDING,7eb2a606a80f25c3b63f47d2ef5d583702eab6afbab047839714c7c246901219,21E,G***,640468c58ff56cd00ca6cee17c06673f2803b2d4226caeca4b2fea74b839489a,SPICEJET,CCU,DEL,2026-04-20 21:58:41.703,2026-04-21 01:14:41.703,196.0,1.0,3h 16m,CCU to DEL,0.0,Night (21-05),,,,19,18-30,F,V***,G***
B1015,P1431,UK094,2025-10-21 11:37:36.951,NAN,041c1cce64eb3187fc2fe736b0a12b48329cb889a1d816b75558e2168557fe59,6F,G***,89567be73b0e2e65f5e352d67fe1c5d2d11077c9c7583fc6a943d613e86ca848,VISTARA,BOM,CCU,2026-04-20 23:26:41.702,2026-04-21 01:11:41.702,105.0,1.0,1h 45m,BOM to CCU,0.0,Night (21-05),PAY1339,12008.1,CARD,63,60+,F,I***,P***
B1015,P1431,UK094,2025-10-21 11:37:36.951,NAN,041c1cce64eb3187fc2fe736b0a12b48329cb889a1d816b75558e2168557fe59,6F,G***,89567be73b0e2e65f5e352d67fe1c5d2d11077c9c7583fc6a943d613e86ca848,VISTARA,BOM,CCU,2026-04-20 23:26:41.702,2026-04-21 01:11:41.702,105.0,1.0,1h 45m,BOM to CCU,0.0,Night (21-05),PAY1694,7601.56,CARD,63,60+,F,I***,P***
B1016,P1677,UK027,2026-01-13 11:37:36.951,CANCELLED,8708864513ffbac367e9fef737bec0375c16e9ecd8ba5312a9e75f957ef47607,6A,G***,99ed1ad3e9affe04a0ebbad9e35bd0ff545a08f523441d6e145153213671f7a8,VISTARA,BOM,CCU,2026-04-20 22:44:41.701,2026-04-21 01:05:41.701,141.0,1.0,2h 21m,BOM to CCU,0.0,Night (21-05),PAY1577,14076.51,CARD,69,60+,F,D***,N***
B1016,P1677,UK027,2026-01-13 11:37:36.951,CANCELLED,8708864513ffbac367e9fef737bec0375c16e9ecd8ba5312a9e75f957ef47607,6A,G***,99ed1ad3e9affe04a0ebbad9e35bd0ff545a08f523441d6e145153213671f7a8,VISTARA,BOM,CCU,2026-04-20 22:44:41.701,2026-04-21 01:05:41.701,141.0,1.0,2h 21m,BOM to CCU,0.0,Night (21-05),PAY1824,9724.26,NETBANKING,69,60+,F,D***,N***
B1017,P1158,UK067,2026-04-04 11:37:36.951,CONFIRMED,dd47560214197c026348afe9fcb72d0711736671626bff1a757ce1715f583abe,13B,H***,5d6ad008d8efdb964c6e16ba9ff5418149eb31502cc21087fac15b3336cee17e,VISTARA,BOM,CCU,2026-04-20 21:36:41.701,2026-04-21 01:02:41.701,206.0,1.0,3h 26m,BOM to CCU,0.0,Night (21-05),,,,42,31-45,M,M***,J***
B1018,P1013,6F196,2026-03-25 11:37:36.951,CANCELLED,658f456236f2b59d51eefc10a628bedd1324d5669ebb13ab6f990f32ffdbe5ba,19B,C***,d1571a43a2635909df464d71730a7479f35decc4de99dedfe2fd048c9596c9d0,INDIGO,CCU,MAA,2026-04-20 23:04:41.703,2026-04-21 00:47:41.703,103.0,1.0,1h 43m,CCU to MAA,0.0,Night (21-05),PAY1141,2588.63,UPI,53,46-60,M,S***,I***
B1019,P1372,6F164,2025-07-31 11:37:36.951,CANCELLED,798bc9c3fa54e53b525745f3ef8282531763ea6fd3a9188e351cfdfe3c7925d3,19A,J***,64dc67e310a377ba1c206030029af75b69862895c2fc58778063bab206104a98,INDIGO,BLR,BOM,2026-04-20 22:18:41.703,2026-04-21 00:45:41.703,147.0,1.0,2h 27m,BLR to BOM,0.0,Night (21-05),PAY1162,14810.27,UPI,16,Under 18,M,A***,N***
B1019,P1372,6F164,2025-07-31 11:37:36.951,CANCELLED,798bc9c3fa54e53b525745f3ef8282531763ea6fd3a9188e351cfdfe3c7925d3,19A,J***,64dc67e310a377ba1c206030029af75b69862895c2fc58778063bab206104a98,INDIGO,BLR,BOM,2026-04-20 22:18:41.703,2026-04-21 00:45:41.703,147.0,1.0,2h 27m,BLR to BOM,0.0,Night (21-05),PAY1911,3810.73,CARD,16,Under 18,M,A***,N***
B1020,P1224,SJ112,2025-12-06 11:37:36.951,CONFIRMED,2e5a3ca6ec9a83054abd8f899abf0e0b1922ac9af1114ec25ed55c9bfd81058a,27B,F***,16676ef42e6f6132cf1e4fd88fbb590cc82af1c56cf0dd2ba667c89cb16c195b,SPICEJET,HYD,DEL,2026-04-20 22:20:41.702,2026-04-21 00:40:41.702,140.0,1.0,2h 20m,HYD to DEL,0.0,Night (21-05),PAY1367,8150.35,NETBANKING,16,Under 18,M,A***,G***
B1021,P1504,6F190,2025-12-07 11:37:36.951,CANCELLED,4900933b79777ac5603149d4e15b0d1677356450f3ef8c7e45511d896387c65e,4E,J***,24e6fd5602b40f01beac9af79b919a653b58a344f74427349c9d178c5c3d65c5,INDIGO,DEL,MAA,2026-04-20 20:02:41.703,2026-04-21 00:36:41.703,274.0,1.0,4h 34m,DEL to MAA,1.0,Evening (17-21),PAY1455,6949.93,UPI,36,31-45,M,R***,G***
B1022,P1072,AI080,2026-03-25 11:37:36.951,CONFIRMED,bce95538d57d12d7df0fd684ba5f697107655dbafd556cbbb4109143d6863f2b,16F,E***,78a48dabb54a1ea02c53133bdfbb06d8796c83934491bb0a6dbf15715515329d,AIR INDIA,BOM,HYD,2026-04-20 23:03:41.702,2026-04-21 00:35:41.702,92.0,1.0,1h 32m,BOM to HYD,0.0,Night (21-05),,,,18,18-30,M,K***,B***
B1023,P1248,6F213,2026-02-03 11:37:36.951,PENDING,a7291f2592735d41e27d17b4aa16be30e56723a044d98257be81e4d9bf8d822b,24B,V***,73265c61bcbe3cede54c36fc4765f7643af00451d23725d7c1b34a2d305a983a,INDIGO,BLR,BOM,2026-04-20 21:05:41.703,2026-04-21 00:32:41.703,207.0,1.0,3h 27m,BLR to BOM,1.0,Night (21-05),PAY1905,13057.27,CARD,23,18-30,M,S***,G***
B1024,P1510,AI115,2025-06-21 11:37:36.951,PENDING,0503750fc2e01660a701d4b4f251b205b04207f082e36eff70f49757d49ae23b,30F,F***,c4fd9244498599a568178b831294dbc1e92babc11af188c0e05c5b2cccc5e598,AIR INDIA,MAA,BLR,2026-04-20 19:37:41.702,2026-04-21 00:26:41.702,289.0,1.0,4h 49m,MAA to BLR,1.0,Evening (17-21),PAY1415,4857.79,UPI,24,18-30,M,D***,C***
B1025,P1602,SJ049,2026-03-18 11:37:36.951,PENDING,a8941a6ae7e6cf5914e87688531574683eba244fbced7846de311d77ca6be25c,1B,H***,ec811b5537dee32bf32703b221aa9e30dfb8a4a953a375d69ae73684f52a8ff1,SPICEJET,CCU,DEL,2026-04-20 20:26:41.701,2026-04-21 00:26:41.701,240.0,1.0,4h 0m,CCU to DEL,1.0,Evening (17-21),PAY1628,9721.62,CARD,67,60+,F,K***,S***
B1025,P1602,SJ049,2026-03-18 11:37:36.951,PENDING,a8941a6ae7e6cf5914e87688531574683eba244fbced7846de311d77ca6be25c,1B,H***,ec811b5537dee32bf32703b221aa9e30dfb8a4a953a375d69ae73684f52a8ff1,SPICEJET,CCU,DEL,2026-04-20 20:26:41.701,2026-04-21 00:26:41.701,240.0,1.0,4h 0m,CCU to DEL,1.0,Evening (17-21),PAY1658,11899.89,UPI,67,60+,F,K***,S***
B1025,P1602,SJ049,2026-03-18 11:37:36.951,PENDING,a8941a6ae7e6cf5914e87688531574683eba244fbced7846de311d77ca6be25c,1B,H***,ec811b5537dee32bf32703b221aa9e30dfb8a4a953a375d69ae73684f52a8ff1,SPICEJET,CCU,DEL,2026-04-20 20:26:41.701,2026-04-21 00:26:41.701,240.0,1.0,4h 0m,CCU to DEL,1.0,Evening (17-21),PAY1663,14501.45,CARD,67,60+,F,K***,S***
B1026,P1215,AI058,2025-06-27 11:37:36.951,CONFIRMED,94333a570d816ebc0cd811db75abcc621079eb641f38afaa5284388b5721525f,32C,A***,5692958c9809e397e9960d04939bd4aef6295ff09310838f03073618c5b41fa2,AIR INDIA,BOM,CCU,2026-04-20 22:40:41.701,2026-04-21 00:18:41.701,98.0,1.0,1h 38m,BOM to CCU,0.0,Night (21-05),PAY1235,2015.66,NETBANKING,75,60+,M,I***,N***
B1026,P1215,AI058,2025-06-27 11:37:36.951,CONFIRMED,94333a570d816ebc0cd811db75abcc621079eb641f38afaa5284388b5721525f,32C,A***,5692958c9809e397e9960d04939bd4aef6295ff09310838f03073618c5b41fa2,AIR INDIA,BOM,CCU,2026-04-20 22:40:41.701,2026-04-21 00:18:41.701,98.0,1.0,1h 38m,BOM to CCU,0.0,Night (21-05),PAY1841,11188.7,UPI,75,60+,M,I***,N***
B1027,P1972,UK036,2025-07-25 11:37:36.951,CONFIRMED,ab70f92e0716ad36ba0ef55de33fe9f72699802d8bd1270c1324033c3aa38d17,22A,J***,4489c30c8a052186b3fceb11e544bbd66c1233d628cd49dea5b16beef0296936,VISTARA,CCU,BLR,2026-04-20 19:48:41.701,2026-04-21 00:12:41.701,264.0,1.0,4h 24m,CCU to BLR,1.0,Evening (17-21),PAY1306,7503.17,UPI,1,Under 18,F,A***,J***
B1028,P1601,SJ239,2025-05-25 11:37:36.951,CANCELLED,63e0e5008053d0b79f67286825d2131337d88859570c16865e60d8aa4c6e79c6,26E,K***,ab8e35f2aa828f959252dd218ebece2de7b167ea672bc00b6e6b5eabaa28f4bb,SPICEJET,BOM,CCU,2026-04-20 22:24:41.704,2026-04-21 00:10:41.704,106.0,1.0,1h 46m,BOM to CCU,0.0,Night (21-05),,,,39,31-45,M,K***,N***
B1029,P1540,6F025,2025-06-06 11:37:36.951,CANCELLED,7d2d91f958fa95a49e416f1902dd882ae0b7305fcc2ce1304cb77c00b677dc40,19C,S***,3c445d234e1ab0f6b1fb6f5065fd2c6e960c86712490c5979eb65f64aea462a9,INDIGO,BLR,BOM,2026-04-20 23:02:41.701,2026-04-20 23:57:41.701,55.0,0.0,0h 55m,BLR to BOM,0.0,Night (21-05),,,,28,18-30,F,K***,K***
B1030,P1946,6F236,2026-03-18 11:37:36.951,CANCELLED,a0f0b09d0bff05934fb6b6f49221a343ef63212dfaab56e6696a5d86ceb04ae2,21E,E***,71463c881e74552673219a21eaaf879113d084253b8ef472afba57f99805a83f,INDIGO,BOM,DEL,2026-04-20 20:35:41.704,2026-04-20 23:54:41.704,199.0,0.0,3h 19m,BOM to DEL,0.0,Evening (17-21),,,,2,Under 18,M,A***,M***
B1031,P1816,AI060,2025-11-16 11:37:36.951,CANCELLED,e6e5e3f629439383e9df6df98af127938a6c8e67a94f8669c75a74862f317def,1E,Y***,d7a311ca46c0e7c53626ba5686b9653329aecad025c09a43bbe2e347bab070b1,AIR INDIA,DEL,HYD,2026-04-20 21:58:41.701,2026-04-20 23:51:41.701,113.0,0.0,1h 53m,DEL to HYD,0.0,Night (21-05),PAY1268,7056.42,CARD,45,31-45,F,S***,J***
B1032,P1938,UK021,2025-09-03 11:37:36.951,CANCELLED,3d05d61da72155cbc1321c42729e1aef6d9df12ec452a14e49b2753534957c10,18E,T***,98aca8a73a0c04e84d96582bf4893e1f783cec415951d12184e229c4e8fe4c5c,VISTARA,HYD,MAA,2026-04-20 22:00:41.701,2026-04-20 23:50:41.701,110.0,0.0,1h 50m,HYD to MAA,0.0,Night (21-05),,,,33,31-45,F,R***,J***
B1033,P1987,UK026,2025-05-06 11:37:36.951,NAN,6b97556d2d5407d02d50eb3a95d871b3fcb49c8a7327cc53b8e40fb4b5c9ba36,19A,A***,bef207436c8e0d967c02a3ae9e905a865a4948938309cc9f0cd10363c423f5b0,VISTARA,HYD,MAA,2026-04-20 21:38:41.701,2026-04-20 23:44:41.701,126.0,0.0,2h 6m,HYD to MAA,0.0,Night (21-05),PAY1189,9352.83,CARD,83,60+,F,S***,P***
B1033,P1987,UK026,2025-05-06 11:37:36.951,NAN,6b97556d2d5407d02d50eb3a95d871b3fcb49c8a7327cc53b8e40fb4b5c9ba36,19A,A***,bef207436c8e0d967c02a3ae9e905a865a4948938309cc9f0cd10363c423f5b0,VISTARA,HYD,MAA,2026-04-20 21:38:41.701,2026-04-20 23:44:41.701,126.0,0.0,2h 6m,HYD to MAA,0.0,Night (21-05),PAY1930,7723.56,UPI,83,60+,F,S***,P***
B1034,P1219,SJ179,2025-12-31 11:37:36.951,CONFIRMED,cfa57658d5e19bee65c4bda1435a136b6f1d9178b543728cca8f98f8b634343d,22F,E***,bcec85bb0e6f5c75cf8647a79dc82c8bc73596dd325b175c0d9c1f43b08851e1,SPICEJET,DEL,HYD,2026-04-20 20:09:41.703,2026-04-20 23:39:41.703,210.0,0.0,3h 30m,DEL to HYD,0.0,Evening (17-21),,,,24,18-30,M,M***,N***
B1035,P1839,6F251,2025-08-21 11:37:36.951,PENDING,8a1cc0ec2b27edf140e678ebca5395402cbea39445e38b2c07b4b1655f42b52e,11D,V***,ab71320ea0c9e4fff3bfc111c0f333c0ab5b9d8d5cd76b0aeba42a5bd5fa7bb2,IndiGo,DEL,BLR,2026-04-20 22:56:41.703,2026-04-20 23:37:41.703,41.0,0.0,0h 41m,DEL to BLR,0.0,Night (21-05),,,,78,60+,M,I***,N***
B1036,P1726,SJ149,2025-11-24 11:37:36.951,PENDING,faa1183e8ebcdc00f8602421467b713a726b50f7560e9d48d8f0b377ce4a6dcf,5B,D***,2aff54154bae0a2795d7ac4c0f0f7d38073c29af5269400d16527b0c3b86e691,SPICEJET,HYD,MAA,2026-04-20 21:20:41.702,2026-04-20 23:20:42.000,120.0,0.0,2h 0m,HYD to MAA,0.0,Night (21-05),PAY1271,5144.89,CARD,32,31-45,M,M***,R***
B1037,P1220,AI188,2026-03-20 11:37:36.951,PENDING,4f49a8d68bca787c6f4af154d348e7359355df6c984618d59c561d17dede3a1b,33E,A***,fbfbcf471723f4be840e3df95622ac8c238ff153d6d805e6969622707c0fc29a,AIR INDIA,CCU,HYD,2026-04-20 20:16:41.703,2026-04-20 23:02:41.703,166.0,0.0,2h 46m,CCU to HYD,0.0,Evening (17-21),,,,69,60+,F,S***,S***
B1038,P1388,SJ093,2026-01-01 11:37:36.951,PENDING,8943219e8ef203b1b2f61aee452948839a84da4f0daac16362032ec13d351982,12D,S***,4f3b0a9aae03c0587fbfc6af4e8003ad26701e409784c7e4f040dc9ffcc4eab3,SPICEJET,BLR,BOM,2026-04-20 21:55:41.702,2026-04-20 23:01:41.702,66.0,0.0,1h 6m,BLR to BOM,0.0,Night (21-05),,,,58,46-60,M,R***,D***
B1039,P1553,SJ205,2025-08-21 11:37:36.951,CONFIRMED,0a01f27b7076bbc240c7cd8ab6cd1958f4cc6c5920987d226ad2da1f0c4aa689,11E,S***,65756cc4fb0068e103f6018f0666cb538252bf19fb1a3d9e5dcf6dfbf1eab2c0,SPICEJET,HYD,CCU,2026-04-20 21:56:41.703,2026-04-20 23:00:41.703,64.0,0.0,1h 4m,HYD to CCU,0.0,Night (21-05),PAY1441,6604.98,CARD,57,46-60,M,A***,K***
B1039,P1553,SJ205,2025-08-21 11:37:36.951,CONFIRMED,0a01f27b7076bbc240c7cd8ab6cd1958f4cc6c5920987d226ad2da1f0c4aa689,11E,S***,65756cc4fb0068e103f6018f0666cb538252bf19fb1a3d9e5dcf6dfbf1eab2c0,SPICEJET,HYD,CCU,2026-04-20 21:56:41.703,2026-04-20 23:00:41.703,64.0,0.0,1h 4m,HYD to CCU,0.0,Night (21-05),PAY1457,8185.34,UPI,57,46-60,M,A***,K***
B1039,P1553,SJ205,2025-08-21 11:37:36.951,CONFIRMED,0a01f27b7076bbc240c7cd8ab6cd1958f4cc6c5920987d226ad2da1f0c4aa689,11E,S***,65756cc4fb0068e103f6018f0666cb538252bf19fb1a3d9e5dcf6dfbf1eab2c0,SPICEJET,HYD,CCU,2026-04-20 21:56:41.703,2026-04-20 23:00:41.703,64.0,0.0,1h 4m,HYD to CCU,0.0,Night (21-05),PAY1889,9866.37,CARD,57,46-60,M,A***,K***
B1040,P1646,6F099,2025-08-08 11:37:36.951,CONFIRMED,bb1fd1d079df889306a8549800d49e893f78c4ef5db8c234c5f85f57d3c52303,26B,M***,4d59db4dfd5e1f66c5ca2149303db17ae216d3f4c7b099b7ffeb1cc43ec4d6f2,INDIGO,MAA,DEL,2026-04-20 22:24:41.702,2026-04-20 22:59:41.702,35.0,0.0,0h 35m,MAA to DEL,0.0,Night (21-05),,,,57,46-60,F,A***,G***
B1041,P1041,UK176,2025-05-28 11:37:36.951,CONFIRMED,c09a37dde3db0d2d3ac5924c45330084d6659431267e69f92edd75a4817b045e,25C,L***,701958eb6913ae378362d00cd2572cf781082442697dc4cb9e91b1c4c6695d77,VISTARA,HYD,BLR,2026-04-20 18:41:41.703,2026-04-20 22:49:41.703,248.0,0.0,4h 8m,HYD to BLR,1.0,Evening (17-21),PAY1614,13829.91,UPI,51,46-60,F,S***,G***
B1041,P1041,UK176,2025-05-28 11:37:36.951,CONFIRMED,c09a37dde3db0d2d3ac5924c45330084d6659431267e69f92edd75a4817b045e,25C,L***,701958eb6913ae378362d00cd2572cf781082442697dc4cb9e91b1c4c6695d77,VISTARA,HYD,BLR,2026-04-20 18:41:41.703,2026-04-20 22:49:41.703,248.0,0.0,4h 8m,HYD to BLR,1.0,Evening (17-21),PAY1894,9750.27,NETBANKING,51,46-60,F,S***,G***
B1042,P1675,UK200,2025-12-02 11:37:36.951,CANCELLED,b206ee93d6f71ae8a95592301b1f6ad06b6478e21e919b561a3fd6ea9cdb0699,24F,L***,dec4ff45b11be31af4d208e39164809acb8dafeeb321ec52692eee2acbc23e7c,VISTARA,CCU,DEL,2026-04-20 20:54:41.703,2026-04-20 22:45:41.703,111.0,0.0,1h 51m,CCU to DEL,0.0,Evening (17-21),PAY1048,14402.39,CARD,6,Under 18,F,M***,D***
B1043,P1872,6F195,2025-11-22 11:37:36.951,CANCELLED,4e5d10e375968648b80b8a96acfd6ad1191a26d75e5cfe7c97fd3f6dcc50515a,8E,A***,c841c4cdcb4305c46f3642235a339f60e955c26fb159f37464eb0026ecb0b0a4,INDIGO,CCU,DEL,2026-04-20 21:44:41.703,2026-04-20 22:39:41.703,55.0,0.0,0h 55m,CCU to DEL,0.0,Night (21-05),PAY1007,8291.6,UPI,8,Under 18,M,K***,J***
B1044,P1282,6F174,2026-04-12 11:37:36.951,PENDING,526712696e445c636c2343e7e1ae26b6f474ae9af1e4578397b56a7a3bb35204,16C,M***,f5d5968263d3792ab9505882037ef30e361111e1d713b9e18fa57054b1c8ca56,INDIGO,DEL,HYD,2026-04-20 21:36:41.703,2026-04-20 22:16:41.703,40.0,0.0,0h 40m,DEL to HYD,0.0,Night (21-05),PAY1225,1199.88,UPI,35,31-45,M,K***,C***
B1045,P1057,SJ214,2026-03-19 11:37:36.951,NAN,74ce760b0e95213e3fff5ad00f196eb8b7aee43eba7a279932e33f2b2e0bf426,18C,T***,54195bffad59a4b40824c8bfc6a865ed256df7e1d21fe4dd117b01f2c1575334,SPICEJET,BOM,MAA,2026-04-20 20:54:41.703,2026-04-20 22:10:41.703,76.0,0.0,1h 16m,BOM to MAA,0.0,Evening (17-21),PAY1281,2330.65,NETBANKING,44,31-45,M,I***,G***
B1045,P1057,SJ214,2026-03-19 11:37:36.951,NAN,74ce760b0e95213e3fff5ad00f196eb8b7aee43eba7a279932e33f2b2e0bf426,18C,T***,54195bffad59a4b40824c8bfc6a865ed256df7e1d21fe4dd117b01f2c1575334,SPICEJET,BOM,MAA,2026-04-20 20:54:41.703,2026-04-20 22:10:41.703,76.0,0.0,1h 16m,BOM to MAA,0.0,Evening (17-21),PAY1296,4401.56,UPI,44,31-45,M,I***,G***
B1046,P1813,UK059,2025-10-14 11:37:36.951,CONFIRMED,9ef4cfe5f49dffeb5ee2cb45c77ac2296960d555977e173bb79d08f3f0d65226,2C,Y***,74f42d9c34b8813cc0f2db3edd9beb9d469045cfec3de7ff9ac0ee33d38da8d4,VISTARA,HYD,MAA,2026-04-20 20:33:41.701,2026-04-20 22:10:41.701,97.0,0.0,1h 37m,HYD to MAA,0.0,Evening (17-21),PAY1112,13689.48,UPI,34,31-45,M,K***,J***
B1046,P1813,UK059,2025-10-14 11:37:36.951,CONFIRMED,9ef4cfe5f49dffeb5ee2cb45c77ac2296960d555977e173bb79d08f3f0d65226,2C,Y***,74f42d9c34b8813cc0f2db3edd9beb9d469045cfec3de7ff9ac0ee33d38da8d4,VISTARA,HYD,MAA,2026-04-20 20:33:41.701,2026-04-20 22:10:41.701,97.0,0.0,1h 37m,HYD to MAA,0.0,Evening (17-21),PAY1942,12592.83,UPI,34,31-45,M,K***,J***
B1047,P1833,6F151,2025-12-29 11:37:36.951,PENDING,f1327daf6d0806c29ba914371d194ebff99550be73b529ac8cd5dd09b91d1081,7C,G***,550ab7f72a573e443da44b68aa48893c643eba15af457e359cae7ba19c0519e4,INDIGO,CCU,HYD,2026-04-20 19:44:41.703,2026-04-20 22:04:41.703,140.0,0.0,2h 20m,CCU to HYD,0.0,Evening (17-21),,,,47,46-60,M,A***,D***
B1048,P1536,SJ236,2025-09-19 11:37:36.951,PENDING,9ca6bc2ee06f407195f72ab04e27e6e35c8508645b814da1c8d6de45fdcaca7c,18C,I***,1ddc5c2d0e37ee29724e7885576fb8f1f3f1bff6838a076ea6855bb1758b302c,SPICEJET,MAA,BOM,2026-04-20 18:03:41.704,2026-04-20 22:02:41.704,239.0,0.0,3h 59m,MAA to BOM,1.0,Evening (17-21),,,,19,18-30,F,R***,N***
B1049,P1072,SJ153,2025-07-28 11:37:36.951,INVALID,8892e475973ea45d20ee6a81747ffba930cdac3e8756db71c2ee65b46368ad51,3C,N***,9f2b3b6cc9aba7f1a8870c96f2fef2c4db701eafa640eda7ae9f3815bfb1e9d5,SPICEJET,DEL,CCU,2026-04-20 20:37:41.702,2026-04-20 22:00:41.702,83.0,0.0,1h 23m,DEL to CCU,0.0,Evening (17-21),,,,18,18-30,M,K***,B***
B1050,P1884,AI220,2026-01-15 11:37:36.951,PENDING,8b3bf8d35d3e4909e442ba2abda112dbafbf6fe6ccae7975d61624709546eb9a,7D,D***,cc2eb73f8a708421e9a759141f13ca76b28485d72d60e1d40070e4c8813f16dd,AIR INDIA,BOM,DEL,2026-04-20 20:19:41.703,2026-04-20 21:57:41.703,98.0,0.0,1h 38m,BOM to DEL,0.0,Evening (17-21),PAY1606,13350.33,NETBANKING,70,60+,F,A***,C***
B1051,P1922,6F028,2025-07-05 11:37:36.951,CANCELLED,3913d9f27a1083b63f485011f1a5735c603567f107c6f0ef103ccc85b7a20f89,16A,L***,f4a9fee8da500b0317ed60b28d8921b78272920793d0975f9a6cd427baa4c179,INDIGO,HYD,CCU,2026-04-20 19:49:41.701,2026-04-20 21:49:41.701,120.0,0.0,2h 0m,HYD to CCU,0.0,Evening (17-21),PAY1135,10875.08,CARD,70,60+,F,A***,G***
B1052,P1128,UK209,2025-12-30 11:37:36.951,CANCELLED,a9f0d094907de9b253f942342b8d067ca2afdc3c5a9e1a877e56154c91f966e1,33B,Z***,5bb86f682a147b6ad834f774c5e5d8c4ef37f18e4f5762c17c6177f69be6b090,,,,,,,,,,,,PAY1688,9827.3,CARD,35,31-45,M,D***,P***
B1053,P1598,UK216,2026-04-01 11:37:36.951,PENDING,6026bae8d80e2985cb0741aae88f922af9d58894228c12b2adb34969fbb4c14d,28B,I***,a08c846d54f583be4abca84c0cb6134e203c5244368d66727405a1b9cc80da7e,VISTARA,MAA,HYD,2026-04-20 18:33:41.704,2026-04-20 21:47:41.704,194.0,0.0,3h 14m,MAA to HYD,0.0,Evening (17-21),PAY1082,4621.1,UPI,39,31-45,M,A***,G***
B1053,P1598,UK216,2026-04-01 11:37:36.951,PENDING,6026bae8d80e2985cb0741aae88f922af9d58894228c12b2adb34969fbb4c14d,28B,I***,a08c846d54f583be4abca84c0cb6134e203c5244368d66727405a1b9cc80da7e,VISTARA,MAA,HYD,2026-04-20 18:33:41.704,2026-04-20 21:47:41.704,194.0,0.0,3h 14m,MAA to HYD,0.0,Evening (17-21),PAY1219,3081.42,CARD,39,31-45,M,A***,G***
B1054,P1841,AI132,2026-04-11 11:37:36.951,CANCELLED,56855c69424bb7849a2d7b53bb7fc0cb24c1ae804c3ae497e81f15698d3a1265,19C,A***,a628ad89b0f2da8ea6f87539f28a2f64a1bf9bfe232d3ab14493cf09fd4b8b29,AIR INDIA,BLR,BOM,2026-04-20 19:32:41.702,2026-04-20 21:41:41.702,129.0,0.0,2h 9m,BLR to BOM,0.0,Evening (17-21),,,,2,Under 18,M,D***,D***
B1055,P1425,6F012,2025-10-14 11:37:36.951,CANCELLED,d7d69ca8aa8e66e16760666cc98d69a755bb571beb6bbac08d651548e6742eb7,13F,I***,1ff4b64e3737f1e3b9f3a156636693bb230b3f5817c2e528208d16052401c133,INDIGO,CCU,HYD,2026-04-20 18:06:41.701,2026-04-20 21:31:41.701,205.0,0.0,3h 25m,CCU to HYD,1.0,Evening (17-21),,,,48,46-60,M,A***,G***
B1056,P1947,UK173,2026-03-24 11:37:36.951,CANCELLED,b7e5a7c1c37c38c56d0d5681960c65375153ca62ca9c1cdb99530be4391fe992,15B,R***,2ffb3a8db3c84b1423b10334c6c5a268db8f7e0c9fb1b96718d754f81619763c,VISTARA,MAA,BLR,2026-04-20 17:06:41.703,2026-04-20 21:22:41.703,256.0,0.0,4h 16m,MAA to BLR,1.0,Evening (17-21),PAY1616,3173.87,NETBANKING,13,Under 18,M,M***,S***
B1057,P1664,SJ047,2025-08-20 11:37:36.951,CANCELLED,97e3c8bc82cadfce5bfd6069fbd7854bd82cccc2d4ebafaf0388a64712b30740,14F,S***,29f125fdfab5fc340e2502665c46b183b6c0006cc0c6e56ef9bd3d0cacc0d534,SPICEJET,HYD,BOM,2026-04-20 20:44:41.701,2026-04-20 21:21:41.701,37.0,0.0,0h 37m,HYD to BOM,0.0,Evening (17-21),PAY1170,1987.07,UPI,27,18-30,M,M***,N***
B1057,P1664,SJ047,2025-08-20 11:37:36.951,CANCELLED,97e3c8bc82cadfce5bfd6069fbd7854bd82cccc2d4ebafaf0388a64712b30740,14F,S***,29f125fdfab5fc340e2502665c46b183b6c0006cc0c6e56ef9bd3d0cacc0d534,SPICEJET,HYD,BOM,2026-04-20 20:44:41.701,2026-04-20 21:21:41.701,37.0,0.0,0h 37m,HYD to BOM,0.0,Evening (17-21),PAY1566,10224.13,CARD,27,18-30,M,M***,N***
B1058,P1693,SJ043,2025-12-07 11:37:36.951,PENDING,d8a016d44f8fb4dd44817d6136c0766b303c46a6b4e0a3b01b29ebe9b8a2103f,8C,A***,1e06383ea28c4aebc3f7131f0ee77b51445bdbc67acbd9ae6c8260c98031595c,SpiceJet,MAA,DEL,2026-04-20 18:59:41.701,2026-04-20 21:08:41.701,129.0,0.0,2h 9m,MAA to DEL,0.0,Evening (17-21),,,,89,60+,M,I***,G***
B1059,P1124,UK140,2026-01-03 11:37:36.951,CONFIRMED,952825bedec0aa05bfd0351cc754d3b8a353e9d3a226b381578196124d5c2f87,23B,P***,73fd27c7bb94073be04ad0e9800b8531c41b4c5f4e2ef7f49f3dd7a02333fb5e,VISTARA,MAA,BLR,2026-04-20 19:37:41.703,2026-04-20 21:00:41.703,83.0,0.0,1h 23m,MAA to BLR,0.0,Evening (17-21),PAY1844,10839.07,UPI,88,60+,M,M***,V***
B1060,P1066,6F086,2025-12-30 11:37:36.951,CONFIRMED,f9ca2a32cebf34cab8b4ef11ec729ad154fe448d87a803425aaef59c89468b55,11A,H***,bd9b364e2d7a496fac7d8a13d748c059a17888465bddc1cdad4d44e9d18e4685,INDIGO,MAA,HYD,2026-04-20 20:23:41.702,2026-04-20 21:00:41.702,37.0,0.0,0h 37m,MAA to HYD,0.0,Evening (17-21),PAY1571,11681.98,UPI,2,Under 18,F,R***,S***
B1061,P1005,6F114,2026-04-05 11:37:36.951,CANCELLED,ad9003efa468fdbe111494edfe161ea825c4054234fa4b757e49517663ee26f7,19C,Y***,0236f89e048b0f1f68eb483f25f86b57f9a5c5828a188ab17f638fc15c6a00b7,INDIGO,BOM,MAA,2026-04-20 20:10:41.702,2026-04-20 21:00:41.702,50.0,0.0,0h 50m,BOM to MAA,0.0,Evening (17-21),PAY1621,12021.5,CARD,83,60+,M,R***,J***
B1061,P1005,6F114,2026-04-05 11:37:36.951,CANCELLED,ad9003efa468fdbe111494edfe161ea825c4054234fa4b757e49517663ee26f7,19C,Y***,0236f89e048b0f1f68eb483f25f86b57f9a5c5828a188ab17f638fc15c6a00b7,INDIGO,BOM,MAA,2026-04-20 20:10:41.702,2026-04-20 21:00:41.702,50.0,0.0,0h 50m,BOM to MAA,0.0,Evening (17-21),PAY1796,6835.68,CARD,83,60+,M,R***,J***
B1061,P1005,6F114,2026-04-05 11:37:36.951,CANCELLED,ad9003efa468fdbe111494edfe161ea825c4054234fa4b757e49517663ee26f7,19C,Y***,0236f89e048b0f1f68eb483f25f86b57f9a5c5828a188ab17f638fc15c6a00b7,INDIGO,BOM,MAA,2026-04-20 20:10:41.702,2026-04-20 21:00:41.702,50.0,0.0,0h 50m,BOM to MAA,0.0,Evening (17-21),PAY1907,12722.62,NETBANKING,83,60+,M,R***,J***
B1062,P1636,UK153,2025-06-12 11:37:36.951,CANCELLED,d11af476d2a04ce4b16f3e2a729bb2b57f25cc0069c222e3b6db5b226d4e828d,15D,M***,b3919ce319f8a82c84e443c3952de27031ff06f7b6e5bb154fdf9b32ef6ac052,VISTARA,CCU,HYD,2026-04-20 16:52:41.703,2026-04-20 20:53:41.703,241.0,0.0,4h 1m,CCU to HYD,1.0,Afternoon (12-17),,,,47,46-60,F,R***,G***
B1063,P1313,6F149,2025-05-19 11:37:36.951,CANCELLED,c3e96515e9766f108d617b0783346b2f5df111ab0aef960c69defbc136a55f91,9A,N***,c4ee5bd2a2528c01198445707e325e98db6644d39ca68e761ea06002cce40da1,INDIGO,BLR,CCU,2026-04-20 17:57:41.703,2026-04-20 20:42:41.703,165.0,0.0,2h 45m,BLR to CCU,0.0,Evening (17-21),,,,64,60+,M,A***,N***
B1064,P1325,UK145,2025-09-14 11:37:36.951,CONFIRMED,03f05ae617b4e4642810f15a55140e5a6b54b884862a27e4cdb101f5c84e00a1,24E,A***,c9789e16ecdea5fcbdafdea7df013374f1c47ed3f0b9f1d36d2eca5380e4bedd,VISTARA,BOM,HYD,2026-04-20 18:30:41.703,2026-04-20 20:41:41.703,131.0,0.0,2h 11m,BOM to HYD,0.0,Evening (17-21),PAY1899,14413.72,UPI,46,46-60,M,A***,B***
B1065,P1564,UK010,2026-03-06 11:37:36.951,CANCELLED,704a6756874de767784a88883479547913dc6bc187dbe630de93b5162aa91f6d,7B,V***,9cd86bdc77d3f2b857316116943bbf7e70037049456b7f0ec2f62106f9940d94,VISTARA,MAA,HYD,2026-04-20 17:53:41.701,2026-04-20 20:40:41.701,167.0,0.0,2h 47m,MAA to HYD,0.0,Evening (17-21),,,,18,18-30,M,S***,C***
B1066,P1577,SJ003,2025-11-05 11:37:36.951,PENDING,f18257df952f379af59b7275c3a6b3aeea1ae172e5c9cdce5d7a9fabda955839,1B,I***,549f5aa82d2341b3ac3fbc3e6211a384033e9ca61c5c1dd90f2248703d5dd849,SPICEJET,MAA,CCU,2026-04-20 19:50:41.701,2026-04-20 20:32:41.701,42.0,0.0,0h 42m,MAA to CCU,0.0,Evening (17-21),,,,27,18-30,F,S***,J***
B1067,P1825,SJ160,2025-07-23 11:37:36.951,PENDING,1351f29cd163d15ec71db960c1ba1beded8197a85477f6d46f63b24cdfa0ffce,7F,D***,1a90769ff69fa5a0ea9a5fa65b23acd0b014149e988d0c7bb42a0ce52001d9b8,SPICEJET,MAA,BLR,2026-04-20 19:45:41.703,2026-04-20 20:30:41.703,45.0,0.0,0h 45m,MAA to BLR,0.0,Evening (17-21),PAY1611,4488.44,UPI,61,60+,M,I***,I***
B1067,P1825,SJ160,2025-07-23 11:37:36.951,PENDING,1351f29cd163d15ec71db960c1ba1beded8197a85477f6d46f63b24cdfa0ffce,7F,D***,1a90769ff69fa5a0ea9a5fa65b23acd0b014149e988d0c7bb42a0ce52001d9b8,SPICEJET,MAA,BLR,2026-04-20 19:45:41.703,2026-04-20 20:30:41.703,45.0,0.0,0h 45m,MAA to BLR,0.0,Evening (17-21),PAY1825,7570.06,UPI,61,60+,M,I***,I***
B1067,P1825,SJ160,2025-07-23 11:37:36.951,PENDING,1351f29cd163d15ec71db960c1ba1beded8197a85477f6d46f63b24cdfa0ffce,7F,D***,1a90769ff69fa5a0ea9a5fa65b23acd0b014149e988d0c7bb42a0ce52001d9b8,SPICEJET,MAA,BLR,2026-04-20 19:45:41.703,2026-04-20 20:30:41.703,45.0,0.0,0h 45m,MAA to BLR,0.0,Evening (17-21),PAY1871,5374.84,NETBANKING,61,60+,M,I***,I***
B1068,P1505,UK224,2025-11-22 11:37:36.951,PENDING,432ac6ae13a6604f5dca36570735abb990de28dc1332bca7daea9b45a208cfe2,23A,D***,fc5e03baeaf905013fb6a940416a7e6619697b6d54b1962ffc31eddcafe4cc64,,,,,,,,,,,,PAY1584,5274.94,NETBANKING,89,60+,F,M***,M***
B1069,P1081,UK152,2025-08-02 11:37:36.951,CONFIRMED,c36a0309dd1a9f857b98002d47c23dce6a9440e10fcc78158fbaa780a11bded9,16E,F***,eda633b54cf9e72e0fa066870b40302cad5244c6e4437972562341bc23747dfc,VISTARA,BOM,CCU,2026-04-20 17:24:41.703,2026-04-20 20:13:41.703,169.0,0.0,2h 49m,BOM to CCU,0.0,Evening (17-21),PAY1214,14992.95,UPI,78,60+,M,K***,G***
B1070,P1598,SJ034,2025-09-22 11:37:36.951,CANCELLED,0933c05779c2a8063c64b044d7e297793f4c6422d840ffc2f87ddf5e8831046a,15D,V***,1eca84c7410da5aa565dcb69b32cedb47759866f9b3bc6423ab13755588d801c,SPICEJET,MAA,BOM,2026-04-20 15:20:41.701,2026-04-20 20:11:41.701,291.0,0.0,4h 51m,MAA to BOM,1.0,Afternoon (12-17),PAY1043,5631.13,NETBANKING,39,31-45,M,A***,G***
B1071,P1001,UK215,2025-12-21 11:37:36.951,CANCELLED,5efefc01c12ab2f1c1e3fd9df9000ab194599a4e1cfe1516be3b4ed5b555ac48,15F,J***,6ea14bb59681d57f690b8e0fbc7800d8ff32575ee691b88f7b72efc504faab51,VISTARA,BOM,DEL,2026-04-20 17:38:41.704,2026-04-20 19:50:41.704,132.0,0.0,2h 12m,BOM to DEL,0.0,Evening (17-21),,,,15,Under 18,M,K***,R***
B1072,P1203,UK089,2025-08-10 11:37:36.951,CANCELLED,7f803466d1db29aa83fe092a11d4a5b8790e64230b780006727af34ba26d540d,18F,V***,0d7d1807de6b5d46ad1c8337a88004b78b61ae50203b7ea48561a8ac584b3cfe,VISTARA,BOM,HYD,2026-04-20 15:38:41.702,2026-04-20 19:50:41.702,252.0,0.0,4h 12m,BOM to HYD,1.0,Afternoon (12-17),,,,54,46-60,M,A***,N***
B1073,P1661,6F180,2025-12-04 11:37:36.951,CONFIRMED,c4fc17cfe6f90194cd68e0b191abadab12eabffa97160d69deb16f722188dbc9,16A,A***,a9510d14023a2a647b4d2e03a08437770d349c235e156793e8b3a86bcf04084b,INDIGO,MAA,BLR,2026-04-20 15:24:41.703,2026-04-20 19:48:41.703,264.0,0.0,4h 24m,MAA to BLR,1.0,Afternoon (12-17),,,,28,18-30,F,K***,N***
B1074,P1804,6F188,2025-09-25 11:37:36.951,CONFIRMED,c621ccd1a8b23cf9ecc5021acb90dddf915dc04cf743287e80be7957fcae207b,7A,P***,4d81cff610753e8302272e0a80b9a1bb7d56b810a5864aed713a759b20bcc881,INDIGO,DEL,HYD,2026-04-20 14:57:41.703,2026-04-20 19:39:41.703,282.0,0.0,4h 42m,DEL to HYD,1.0,Afternoon (12-17),,,,42,31-45,F,M***,B***
B1075,P1403,UK131,2026-01-03 11:37:36.951,CONFIRMED,6e2817bf37de3fee237804cec259e12f05fd61c2b3dcd87022397eba245713d0,2F,S***,fd573ff437bc8f691c406c962845b9a481bec5a2f66d6133c4609eef1da04cee,VISTARA,BOM,DEL,2026-04-20 15:33:41.702,2026-04-20 19:39:41.702,246.0,0.0,4h 6m,BOM to DEL,1.0,Afternoon (12-17),,,,6,Under 18,M,M***,G***
B1076,P1102,UK055,2025-05-04 11:37:36.951,CONFIRMED,a52c7223e6b7f2841491df5b1badd8190d0a210a55c6c00cf4dfb9177da8fa7b,12B,M***,1c7d7bdbff2937044b606fc1b9266f113163e7b2becea10eb01da433006a0742,VISTARA,HYD,DEL,2026-04-20 16:48:41.701,2026-04-20 19:31:41.701,163.0,0.0,2h 43m,HYD to DEL,0.0,Afternoon (12-17),PAY1523,8247.5,CARD,1,Under 18,F,M***,K***
B1077,P1535,UK181,2025-05-03 11:37:36.951,PENDING,73021aaa4ada84c5d967727d32c29594b444536e1c806dfebd0d1d945ece7267,3A,R***,c77c98d3447fd8d1e7accc891706d5abcb6e3f55417492415cc58a0509004c13,VISTARA,MAA,DEL,2026-04-20 16:44:41.703,2026-04-20 19:26:41.703,162.0,0.0,2h 42m,MAA to DEL,0.0,Afternoon (12-17),PAY1198,2981.73,NETBANKING,61,60+,F,A***,P***
B1077,P1535,UK181,2025-05-03 11:37:36.951,PENDING,73021aaa4ada84c5d967727d32c29594b444536e1c806dfebd0d1d945ece7267,3A,R***,c77c98d3447fd8d1e7accc891706d5abcb6e3f55417492415cc58a0509004c13,VISTARA,MAA,DEL,2026-04-20 16:44:41.703,2026-04-20 19:26:41.703,162.0,0.0,2h 42m,MAA to DEL,0.0,Afternoon (12-17),PAY1381,8279.97,CARD,61,60+,F,A***,P***
B1078,P1367,6F077,2025-09-21 11:37:36.951,CONFIRMED,130d4479708de90747d0c5d2ae9422d7c103bcda03b4f09d0cd6252e691e0c4c,1B,S***,b9ba77b7d88ccd68ae23d33f6307503b540da45d26d4c3cd710afa1deaa01566,INDIGO,CCU,DEL,2026-04-20 14:55:41.702,2026-04-20 19:13:41.702,258.0,0.0,4h 18m,CCU to DEL,1.0,Afternoon (12-17),,,,36,31-45,F,R***,D***
B1079,P1211,SJ085,2025-06-03 11:37:36.951,CONFIRMED,efcf344155dd47ad520e9feae060713d329ec750ee01974187d5f2ba20ecfa1e,10D,Y***,5e2604701242798aba5d8fa8336460c34b35774b87b244ed2a9f53a45a33a97b,SPICEJET,BLR,MAA,2026-04-20 14:41:41.702,2026-04-20 19:11:41.702,270.0,0.0,4h 30m,BLR to MAA,1.0,Afternoon (12-17),,,,70,60+,F,I***,A***
B1080,P1576,SJ023,2025-06-05 11:37:36.951,CONFIRMED,7a9a9bb594bb3931019c593abd67a759381bf4328ebd6b2da6cb793c8c2a1cbc,22D,D***,fc1b4823e4dc498357e874430c5aeb6acebb265a58f3e19a5274e598e3357218,SPICEJET,HYD,MAA,2026-04-20 17:27:41.701,2026-04-20 19:09:41.701,102.0,0.0,1h 42m,HYD to MAA,0.0,Evening (17-21),PAY1640,6604.5,UPI,50,46-60,M,I***,N***
B1080,P1576,SJ023,2025-06-05 11:37:36.951,CONFIRMED,7a9a9bb594bb3931019c593abd67a759381bf4328ebd6b2da6cb793c8c2a1cbc,22D,D***,fc1b4823e4dc498357e874430c5aeb6acebb265a58f3e19a5274e598e3357218,SPICEJET,HYD,MAA,2026-04-20 17:27:41.701,2026-04-20 19:09:41.701,102.0,0.0,1h 42m,HYD to MAA,0.0,Evening (17-21),PAY1676,14564.92,CARD,50,46-60,M,I***,N***
B1081,P1960,SJ202,2025-11-13 11:37:36.951,CANCELLED,13e4f5c4ad8de058c5ac80795cdec81c5924e57a06a38a59a175211a8af951d3,29C,A***,c34f3ca3340e2f42ffb8073c38a31823da97cbe04584d318b24ed0a711c9135d,SPICEJET,CCU,HYD,2026-04-20 17:21:41.703,2026-04-20 19:08:41.703,107.0,0.0,1h 47m,CCU to HYD,0.0,Evening (17-21),,,,35,31-45,M,K***,M***
B1082,P1208,SJ150,2025-09-09 11:37:36.951,CANCELLED,03fd40a05f2bc4ddedc1c5da9481cc89cb0fd4fa2f26c8970ef545ac2971cb81,30A,T***,d62b718d754cc47c1aa766d82031e5d7b099c16f5abb6692a0b2d79082b04df6,SPICEJET,BOM,HYD,2026-04-20 15:33:41.702,2026-04-20 19:03:41.702,210.0,0.0,3h 30m,BOM to HYD,0.0,Afternoon (12-17),,,,53,46-60,M,A***,J***
B1083,P1762,SJ116,2025-05-12 11:37:36.951,CANCELLED,4ed931007b406419b8b208a68d7c18ff3ae82e66a439528132e4276f6f3c9017,9A,E***,7feca0497b9e508209b12b7746ddc56aac3d2c675eef3b1dae44c01305d2c094,SPICEJET,HYD,CCU,2026-04-20 17:33:41.702,2026-04-20 19:02:41.702,89.0,0.0,1h 29m,HYD to CCU,0.0,Evening (17-21),PAY1467,6777.38,NETBANKING,30,18-30,M,S***,N***
B1084,P1896,6F270,2025-06-14 11:37:36.951,PENDING,057ece20e48dd1a2073328e0a4ca4a72376f76a3b5596a85c6c3f2395415230f,16E,V***,3a49231b167bbc6d0b9e900c2cd32437c03b3fe33cd528bddac95ce056d78b05,,,,,,,,,,,,,,,55,46-60,F,S***,K***
B1085,P1116,UK150,2026-03-24 11:37:36.951,PENDING,3198ac38444c37e4751053a4890a2d42ec70a2bc9aa53d6d240cdd64cf0c380d,12A,A***,583771feca141dcb2c649e37009c907ac29a10892adfae8959840fd46242dedd,VISTARA,DEL,CCU,2026-04-20 18:31:41.703,2026-04-20 19:01:41.703,30.0,0.0,0h 30m,DEL to CCU,0.0,Evening (17-21),PAY1976,11410.8,NETBANKING,73,60+,F,V***,G***
B1086,P1627,SJ237,2026-02-16 11:37:36.951,CONFIRMED,ee9fb89728687754b382c3a3ff7e9b2d14fe227ad567b0bad2832dfc5429346b,5D,E***,23ba33a8e454065ee31492d90afbff53242117158437b8ee8b67d60f2030f689,SPICEJET,BOM,CCU,2026-04-20 16:32:41.704,2026-04-20 19:00:41.704,148.0,0.0,2h 28m,BOM to CCU,0.0,Afternoon (12-17),PAY1421,3704.21,UPI,21,18-30,M,A***,I***
B1086,P1627,SJ237,2026-02-16 11:37:36.951,CONFIRMED,ee9fb89728687754b382c3a3ff7e9b2d14fe227ad567b0bad2832dfc5429346b,5D,E***,23ba33a8e454065ee31492d90afbff53242117158437b8ee8b67d60f2030f689,SPICEJET,BOM,CCU,2026-04-20 16:32:41.704,2026-04-20 19:00:41.704,148.0,0.0,2h 28m,BOM to CCU,0.0,Afternoon (12-17),PAY1610,1169.75,UPI,21,18-30,M,A***,I***
B1087,P1748,AI221,2025-05-08 11:37:36.951,CANCELLED,a66a20449cb6bd532d4ba7e9c5e3cd76a54bef678424dcdba4b39f3eb1b9a499,2F,W***,645c3bdd37cbb27ed78afa9b57888b3f574f40c8ea0a8089bf32171ee27d096e,AIR INDIA,MAA,HYD,2026-04-20 16:18:41.703,2026-04-20 18:54:41.703,156.0,0.0,2h 36m,MAA to HYD,0.0,Afternoon (12-17),PAY1183,1154.4,NETBANKING,51,46-60,M,S***,S***
B1087,P1748,AI221,2025-05-08 11:37:36.951,CANCELLED,a66a20449cb6bd532d4ba7e9c5e3cd76a54bef678424dcdba4b39f3eb1b9a499,2F,W***,645c3bdd37cbb27ed78afa9b57888b3f574f40c8ea0a8089bf32171ee27d096e,AIR INDIA,MAA,HYD,2026-04-20 16:18:41.703,2026-04-20 18:54:41.703,156.0,0.0,2h 36m,MAA to HYD,0.0,Afternoon (12-17),PAY1278,2037.52,UPI,51,46-60,M,S***,S***
B1088,P1477,SJ081,2026-03-25 11:37:36.951,PENDING,c3f2a2d2172019d4e119f02cab6e15ec79521e047c770f1d9f16de30e94ac040,31A,V***,1281fd85d260cc8c58b4be6796564921d6864f5860e5c65de3d34592fc9d5bc8,SPICEJET,BOM,BLR,2026-04-20 17:04:41.702,2026-04-20 18:53:41.702,109.0,0.0,1h 49m,BOM to BLR,0.0,Evening (17-21),PAY1940,7375.1,UPI,51,46-60,F,K***,M***
B1089,P1104,UK189,2025-09-03 11:37:36.951,CANCELLED,3d7a65c4a55484413c0a6c44d44f7a1be5b17b113a4b77435b8ca8df66a957cd,25F,K***,e2c984839128a59a8df08b6083f13c56e5387eac9c07743325ecfeacd6551724,VISTARA,BLR,MAA,2026-04-20 15:07:41.703,2026-04-20 18:51:41.703,224.0,0.0,3h 44m,BLR to MAA,0.0,Afternoon (12-17),,,,88,60+,F,V***,V***
B1090,P1494,SJ068,2025-05-16 11:37:36.951,PENDING,8a7dafa24c3dfb43091f548f44e751616351aa66cb93a2fd9473cf98dfd67e99,31C,X***,5de4f4424493c30149709e53d37a6cf2eac3f62a54d37303f42b21f05fb744f2,SPICEJET,BLR,BOM,2026-04-20 16:44:41.701,2026-04-20 18:48:41.701,124.0,0.0,2h 4m,BLR to BOM,0.0,Afternoon (12-17),,,,81,60+,F,K***,C***
B1091,P1770,6F043,2025-08-18 11:37:36.951,PENDING,a3e6a4a3036bf10aaa5456e44d849e4c5935de70118fd111e4334e4c88aaa5d0,25D,N***,b32fc97b3524a999a4848c95c4eeb794539b6148a333f11a8f328502323cfbf3,INDIGO,BOM,HYD,2026-04-20 17:17:41.701,2026-04-20 18:43:41.701,86.0,0.0,1h 26m,BOM to HYD,0.0,Evening (17-21),,,,17,Under 18,M,M***,M***
B1092,P1045,UK187,2026-03-18 11:37:36.951,CONFIRMED,19359d199d94b4ca8ac1c6a53eb236b98ff234eddee093a67566f71f705260e8,16D,G***,1e322f84e3f1c78cb00d956fd5485c1ab33843ea651d354c6c04274133c23ecd,VISTARA,BLR,BOM,2026-04-20 16:52:41.703,2026-04-20 18:42:41.703,110.0,0.0,1h 50m,BLR to BOM,0.0,Afternoon (12-17),PAY1171,9120.54,UPI,39,31-45,M,K***,R***
B1092,P1045,UK187,2026-03-18 11:37:36.951,CONFIRMED,19359d199d94b4ca8ac1c6a53eb236b98ff234eddee093a67566f71f705260e8,16D,G***,1e322f84e3f1c78cb00d956fd5485c1ab33843ea651d354c6c04274133c23ecd,VISTARA,BLR,BOM,2026-04-20 16:52:41.703,2026-04-20 18:42:41.703,110.0,0.0,1h 50m,BLR to BOM,0.0,Afternoon (12-17),PAY1786,5439.03,CARD,39,31-45,M,K***,R***
B1092,P1045,UK187,2026-03-18 11:37:36.951,CONFIRMED,19359d199d94b4ca8ac1c6a53eb236b98ff234eddee093a67566f71f705260e8,16D,G***,1e322f84e3f1c78cb00d956fd5485c1ab33843ea651d354c6c04274133c23ecd,VISTARA,BLR,BOM,2026-04-20 16:52:41.703,2026-04-20 18:42:41.703,110.0,0.0,1h 50m,BLR to BOM,0.0,Afternoon (12-17),PAY1893,1339.36,NETBANKING,39,31-45,M,K***,R***
B1093,P1822,UK074,2025-05-11 11:37:36.951,CONFIRMED,9e74a73a944f57070d8a4dcb32e871340d640a443814e41e5a57b92973019f1f,25E,R***,03447267d1cb151e127ce546569493471f2a8c1e1b4d89ee4ce3c1419519369a,VISTARA,BOM,DEL,2026-04-20 16:44:41.702,2026-04-20 18:41:41.702,117.0,0.0,1h 57m,BOM to DEL,0.0,Afternoon (12-17),,,,56,46-60,M,I***,A***
B1094,P1330,UK004,2026-01-07 11:37:36.951,PENDING,75dc1891db8d5e79d54e2c4edfb0ac37f117a88c6c4f81db6064c7622bcdd9e0,24C,P***,e83411fb727dd8c5054833ffcd5e0e5c055e3915392cdf06d4322aabddfdbde6,VISTARA,BOM,CCU,2026-04-20 17:56:41.700,2026-04-20 18:30:41.700,34.0,0.0,0h 34m,BOM to CCU,0.0,Evening (17-21),PAY1400,6923.06,CARD,53,46-60,F,M***,A***
B1094,P1330,UK004,2026-01-07 11:37:36.951,PENDING,75dc1891db8d5e79d54e2c4edfb0ac37f117a88c6c4f81db6064c7622bcdd9e0,24C,P***,e83411fb727dd8c5054833ffcd5e0e5c055e3915392cdf06d4322aabddfdbde6,VISTARA,BOM,CCU,2026-04-20 17:56:41.700,2026-04-20 18:30:41.700,34.0,0.0,0h 34m,BOM to CCU,0.0,Evening (17-21),PAY1412,10637.23,CARD,53,46-60,F,M***,A***
B1095,P1215,6F194,2025-07-30 11:37:36.951,CONFIRMED,ab1b060b94519bd912d2ffb9ac227e6be98421df0a5afd570487eda34b3d2c25,14B,U***,4865b928bcdd95eb9dff8a371e529763928c9ef9213ff3fadda3e4882292df61,INDIGO,BOM,CCU,2026-04-20 16:29:41.703,2026-04-20 18:27:41.703,118.0,0.0,1h 58m,BOM to CCU,0.0,Afternoon (12-17),,,,75,60+,M,I***,N***
B1096,P1981,UK068,2026-01-03 11:37:36.951,PENDING,f89bae9a0ed9fe64374567f88e2a14553e0cea1dac86e761b68847ed9b24f7bc,12B,G***,8ac859aa0ec950c8b7bb331d3d566bf0c0458e3b20f303474632bf4718b588a6,VISTARA,BLR,MAA,2026-04-20 16:28:41.701,2026-04-20 18:09:41.701,101.0,0.0,1h 41m,BLR to MAA,0.0,Afternoon (12-17),PAY1336,9995.45,NETBANKING,60,46-60,F,D***,G***
B1096,P1981,UK068,2026-01-03 11:37:36.951,PENDING,f89bae9a0ed9fe64374567f88e2a14553e0cea1dac86e761b68847ed9b24f7bc,12B,G***,8ac859aa0ec950c8b7bb331d3d566bf0c0458e3b20f303474632bf4718b588a6,VISTARA,BLR,MAA,2026-04-20 16:28:41.701,2026-04-20 18:09:41.701,101.0,0.0,1h 41m,BLR to MAA,0.0,Afternoon (12-17),PAY1834,8168.44,UPI,60,46-60,F,D***,G***
B1097,P1959,6F017,2025-08-26 11:37:36.951,NAN,bb524ad064b24a2a44a22b3274730b8b2efe2272a986bfbe3ef35189e1e53dbd,34F,N***,3c836f376a4eb21ee87e3f8f04e01a5fdc9963737fed91a9198bde8adbc194d2,INDIGO,CCU,BOM,2026-04-20 15:25:41.701,2026-04-20 18:06:41.701,161.0,0.0,2h 41m,CCU to BOM,0.0,Afternoon (12-17),,,,38,31-45,M,S***,K***
B1098,P1491,6F245,2025-10-15 11:37:36.951,NAN,8dfcdbf9994646ed041a1013ce6743df4bbb70019d006b089ddebaf48b7a9f29,13D,I***,f893470580c19f78e294b73abf32e858dd67f0a93abb5506cf60aa1576ec832a,INDIGO,CCU,BOM,2026-04-20 15:25:41.701,2026-04-20 18:06:41.701,161.0,0.0,2h 41m,CCU to BOM,0.0,Afternoon (12-17),PAY1768,10455.66,CARD,2,Under 18,M,S***,K***
B1099,P1812,6F254,2025-12-07 11:37:36.951,CONFIRMED,9cc4a16d9c59ad1de3857446846de8527a1ac2ab8d481d9c1f82edc22bd9de4e,26E,R***,842d5efcd8a95a262b611ccbf60e86c4b60641d717f6edc5b1ded1f01981c7a9,,,,,,,,,,,,,,,46,46-60,F,M***,P***
B1100,P1921,UK077,2026-03-05 11:37:36.951,CONFIRMED,c172719ff32492e42c660225f1c2b38577b42a44fe307700bba8fbdf2feb54d0,16D,S***,cdba8ee2b6fbae7257fc81d40f6a1eb9abd64ca6677d0ec5631ea830f8e1ee39,Vistara,HYD,BOM,2026-04-20 16:22:41.702,2026-04-20 18:00:41.702,98.0,0.0,1h 38m,HYD to BOM,0.0,Afternoon (12-17),,,,5,Under 18,M,I***,C***
B1101,P1844,AI029,2025-07-19 11:37:36.951,CONFIRMED,494d8b56bd9a5cd60436382d6894b5f5bfa67c0f534858a3d514fb04aedd5732,3D,P***,42240a7ae862be2b30f7478be8d2e8f5193df1cd0379b4006cc091f28cb22dc8,AIR INDIA,MAA,DEL,2026-04-20 13:29:41.701,2026-04-20 17:53:41.701,264.0,0.0,4h 24m,MAA to DEL,1.0,Afternoon (12-17),PAY1853,2214.47,CARD,59,46-60,F,V***,P***
B1102,P1448,SJ196,2025-10-06 11:37:36.951,INVALID,bb5d1c131145767defed5f7a50081ac5aaad2f8bfaa2afefe8768ea24a64639b,15F,A***,55383556a4d767ace1f8f2333fdf04cf0acc952bc01b66110ae7717259f0a289,SPICEJET,DEL,HYD,2026-04-20 14:58:41.703,2026-04-20 17:44:41.703,166.0,0.0,2h 46m,DEL to HYD,0.0,Afternoon (12-17),PAY1241,10265.07,UPI,16,Under 18,M,D***,J***
B1102,P1448,SJ196,2025-10-06 11:37:36.951,INVALID,bb5d1c131145767defed5f7a50081ac5aaad2f8bfaa2afefe8768ea24a64639b,15F,A***,55383556a4d767ace1f8f2333fdf04cf0acc952bc01b66110ae7717259f0a289,SPICEJET,DEL,HYD,2026-04-20 14:58:41.703,2026-04-20 17:44:41.703,166.0,0.0,2h 46m,DEL to HYD,0.0,Afternoon (12-17),PAY1432,14361.62,CARD,16,Under 18,M,D***,J***
B1103,P1535,AI242,2025-08-08 11:37:36.951,CANCELLED,c2fca66d66c5b099d045746c6e969a10f9a3e97af410a9adf69c4b1a12b3f353,20D,Z***,2b8f3e18706e3fb6cb04aad4f9576567bf851de8aa4f2dca42f5057aedda9e31,Air India,BLR,CCU,2026-04-20 16:41:41.704,2026-04-20 17:43:41.704,62.0,0.0,1h 2m,BLR to CCU,0.0,Afternoon (12-17),PAY1217,10750.13,NETBANKING,61,60+,F,A***,P***
B1103,P1535,AI242,2025-08-08 11:37:36.951,CANCELLED,c2fca66d66c5b099d045746c6e969a10f9a3e97af410a9adf69c4b1a12b3f353,20D,Z***,2b8f3e18706e3fb6cb04aad4f9576567bf851de8aa4f2dca42f5057aedda9e31,Air India,BLR,CCU,2026-04-20 16:41:41.704,2026-04-20 17:43:41.704,62.0,0.0,1h 2m,BLR to CCU,0.0,Afternoon (12-17),PAY1398,3312.42,NETBANKING,61,60+,F,A***,P***
B1104,P1510,AI242,2025-09-12 11:37:36.951,CANCELLED,f153e42f34b204752227f1eabc553a66b15b882107c49a1689a0a175202921bb,16E,S***,b86e18305f1c86bb601664ec2827d15797ce4ffb95d21f2bf2f02c728993cbd1,Air India,BLR,CCU,2026-04-20 16:41:41.704,2026-04-20 17:43:41.704,62.0,0.0,1h 2m,BLR to CCU,0.0,Afternoon (12-17),,,,24,18-30,M,D***,C***
B1105,P1457,SJ044,2025-09-11 11:37:36.951,CONFIRMED,00e572dc2160729a7421149e9f79c3aecd5659dca66081ba143507a13887524e,19F,C***,ea629f3b635526cc3bfa03ac99c75542a9715f93f901b11e16be1c338f15fce7,SPICEJET,DEL,CCU,2026-04-20 15:06:41.701,2026-04-20 17:43:41.701,157.0,0.0,2h 37m,DEL to CCU,0.0,Afternoon (12-17),PAY1635,14294.21,UPI,52,46-60,M,A***,M***
B1106,P1546,UK063,2025-09-01 11:37:36.951,CONFIRMED,5ded0f1c52c01c32f1e52dfd6a97e30a90320c256555c8f05b608d35fa72465a,21F,A***,d35bd958405f3f37bba72c8e38f7b9e96abe819c962fff98b17ed433be91a3c3,VISTARA,DEL,BOM,2026-04-20 16:29:41.701,2026-04-20 17:41:41.701,72.0,0.0,1h 12m,DEL to BOM,0.0,Afternoon (12-17),,,,12,Under 18,F,A***,K***
B1107,P1535,AI056,2025-05-19 11:37:36.951,CONFIRMED,5085862467a28f2e14dcbe565fd6419c99d9796cc51a17f0cf998e4a625f8af3,30F,W***,d44b453d3ab7c687a73398804afb75d55210abd907598e1804406403e853cba7,AIR INDIA,DEL,MAA,2026-04-20 13:44:41.701,2026-04-20 17:39:41.701,235.0,0.0,3h 55m,DEL to MAA,0.0,Afternoon (12-17),,,,61,60+,F,A***,P***
B1108,P1539,UK207,2025-10-11 11:37:36.951,CANCELLED,3ef74a33f867cb76bc8b8af8b421dba240311bae35ee7a91495509d818c1a9b6,14B,N***,c28d1b49c8e42cfa4852a6e6816504dfeda606361ebea3c458eb950c3193ab7d,VISTARA,MAA,CCU,2026-04-20 16:21:41.703,2026-04-20 17:36:41.703,75.0,0.0,1h 15m,MAA to CCU,0.0,Afternoon (12-17),,,,71,60+,M,A***,N***
B1109,P1483,UK166,2025-12-03 11:37:36.951,CANCELLED,26057d06120a58d690f85944cae2d47eb1801df57df66e7860215044ca79f327,33D,V***,905bfbb51a193818c042a58a8d7d85e89357739692ca690ae47ee99d56a99486,VISTARA,HYD,MAA,2026-04-20 12:39:41.703,2026-04-20 17:32:41.703,293.0,0.0,4h 53m,HYD to MAA,1.0,Afternoon (12-17),PAY1602,13080.08,NETBANKING,40,31-45,F,A***,D***
B1110,P1975,6F261,2025-12-17 11:37:36.951,PENDING,dea7353e4786b878f4111383a0427327a10d48a808ab0258b1d6c3afafe8bb65,12B,N***,234e5579d3769f67ed504ca6d751d82d8a1c8bba3f3da38349186f3023d24fd1,,,,,,,,,,,,,,,22,18-30,M,R***,P***
B1111,P1999,UK134,2025-12-25 11:37:36.951,CANCELLED,f0108ed8772db2f7c020c506c7d556f9ee7fed9a272663f96a0751aec81f6960,34A,N***,6b72672f5e9421c5c18792e78d1067e828864eeb9060e45c41c935c7606fcd0a,VISTARA,HYD,CCU,2026-04-20 13:44:41.702,2026-04-20 17:26:41.702,222.0,0.0,3h 42m,HYD to CCU,1.0,Afternoon (12-17),,,,14,Under 18,F,A***,P***
B1112,P1015,6F152,2025-10-02 11:37:36.951,PENDING,83f9510f73a90451e7b108644b2909438ac9eef33ecf8cae1fc8811bd664f47a,27A,A***,d6a42df7c64739432f5447bb1c5fbd9852c50bd645b5a1e7821aada8bb94126d,INDIGO,CCU,DEL,2026-04-20 15:21:41.703,2026-04-20 17:25:41.703,124.0,0.0,2h 4m,CCU to DEL,0.0,Afternoon (12-17),PAY1331,10855.19,UPI,88,60+,F,A***,V***
B1112,P1015,6F152,2025-10-02 11:37:36.951,PENDING,83f9510f73a90451e7b108644b2909438ac9eef33ecf8cae1fc8811bd664f47a,27A,A***,d6a42df7c64739432f5447bb1c5fbd9852c50bd645b5a1e7821aada8bb94126d,INDIGO,CCU,DEL,2026-04-20 15:21:41.703,2026-04-20 17:25:41.703,124.0,0.0,2h 4m,CCU to DEL,0.0,Afternoon (12-17),PAY1499,9807.59,NETBANKING,88,60+,F,A***,V***
B1113,P1570,SJ089,2025-11-23 11:37:36.951,CONFIRMED,a19007490ebb5868fd1dbea35c44014a8c2b10243c16e381ad303ce7e37a4142,5A,A***,ec2b8d4e034f9a89d1babdcdb2b2e9af31c96a127711e071a4f6f450544f09ad,SPICEJET,HYD,CCU,2026-04-20 12:42:41.702,2026-04-20 17:15:41.702,273.0,0.0,4h 33m,HYD to CCU,1.0,Afternoon (12-17),PAY1316,9457.62,UPI,7,Under 18,M,A***,R***
B1114,P1976,6F123,2025-09-26 11:37:36.951,CANCELLED,56d68791be56c8243dc20726a07583267bdae62e75f1bc670a334c98a38f31f1,2E,B***,739a4df1211a1a17a4926fa89f483b28f481dd87570b5ec678f94c7687943191,INDIGO,DEL,HYD,2026-04-20 15:26:41.702,2026-04-20 17:12:41.702,106.0,0.0,1h 46m,DEL to HYD,0.0,Afternoon (12-17),PAY1061,8187.33,NETBANKING,60,46-60,M,R***,K***
B1115,P1242,AI025,2025-08-23 11:37:36.951,CONFIRMED,53bdda9a191fd1a86d530f2a39b31cf624720192441a2d2379c554c116a5b02f,10A,V***,04e285073578be885d3c8dc3d621e0c7470858a54b9628cc1131499658f8aaf5,AIR INDIA,HYD,DEL,2026-04-20 14:46:41.701,2026-04-20 17:11:41.701,145.0,0.0,2h 25m,HYD to DEL,0.0,Afternoon (12-17),PAY1136,8185.02,UPI,82,60+,M,I***,N***
B1116,P1949,6F030,2025-12-05 11:37:36.951,CONFIRMED,ad04d0f76cfd5421a8d8c5f704b0f58922e26c341ca9e64647406ba77fbd15c3,19B,R***,1259efbdf19100f41976a5ddd7dc615795c1fa96d07a7efae743feff4cdeffe2,INDIGO,BOM,DEL,2026-04-20 14:20:41.701,2026-04-20 17:10:41.701,170.0,0.0,2h 50m,BOM to DEL,0.0,Afternoon (12-17),PAY1000,9883.49,NETBANKING,2,Under 18,M,S***,G***
B1117,P1206,SJ222,2025-09-02 11:37:36.951,CONFIRMED,720b65b33cdd6f4a1ef78aaa001ef4046f273aee0f2bb01835a0f0c06bf6e313,28F,T***,3f34b8711a35c3b420e9edffb3c16ebb4c40fc69c25754c297b2b7786decb3ba,SPICEJET,BOM,DEL,2026-04-20 14:15:41.703,2026-04-20 17:09:41.703,174.0,0.0,2h 54m,BOM to DEL,0.0,Afternoon (12-17),PAY1737,11125.21,CARD,19,18-30,M,D***,B***
B1117,P1206,SJ222,2025-09-02 11:37:36.951,CONFIRMED,720b65b33cdd6f4a1ef78aaa001ef4046f273aee0f2bb01835a0f0c06bf6e313,28F,T***,3f34b8711a35c3b420e9edffb3c16ebb4c40fc69c25754c297b2b7786decb3ba,SPICEJET,BOM,DEL,2026-04-20 14:15:41.703,2026-04-20 17:09:41.703,174.0,0.0,2h 54m,BOM to DEL,0.0,Afternoon (12-17),PAY1926,13517.5,UPI,19,18-30,M,D***,B***
B1118,P1911,UK109,2026-04-03 11:37:36.951,CONFIRMED,1a506a9122859fb4b89fd3664768a4139048c034c19397f89ab763ec9f5370a6,34B,D***,3c16402f281660f5afb4929fabeab4b5cb48c009abd8942388b6841ce23c3881,VISTARA,BLR,BOM,2026-04-20 16:06:41.702,2026-04-20 17:06:42.000,60.0,0.0,1h 0m,BLR to BOM,0.0,Afternoon (12-17),,,,62,60+,F,S***,J***
B1119,P1270,SJ117,2025-11-25 11:37:36.951,CANCELLED,dd2d11dfd8d1342a61c110e7a89b099567864bf23ac620e1a64c38c436cd67b3,21F,D***,ab8b9f94e91489e28d4930c7710f164cd2ef18f6e47a02fb9fa2539706b6aec4,SPICEJET,MAA,BLR,2026-04-20 13:10:41.702,2026-04-20 17:06:41.702,236.0,0.0,3h 56m,MAA to BLR,1.0,Afternoon (12-17),PAY1764,14344.34,NETBANKING,24,18-30,M,R***,N***
B1119,P1270,SJ117,2025-11-25 11:37:36.951,CANCELLED,dd2d11dfd8d1342a61c110e7a89b099567864bf23ac620e1a64c38c436cd67b3,21F,D***,ab8b9f94e91489e28d4930c7710f164cd2ef18f6e47a02fb9fa2539706b6aec4,SPICEJET,MAA,BLR,2026-04-20 13:10:41.702,2026-04-20 17:06:41.702,236.0,0.0,3h 56m,MAA to BLR,1.0,Afternoon (12-17),PAY1933,7924.37,CARD,24,18-30,M,R***,N***
B1120,P1760,SJ142,2025-08-12 11:37:36.951,CONFIRMED,d014dbcf911600fc4655a070d3f8b4a17cd19ec865bc5f1b91306dc63ae66397,12D,V***,56990b02470e5faf2a9bd20e5523af3c21b7d75934f24f623cd9c813df28ba6d,SPICEJET,CCU,BOM,2026-04-20 15:14:41.702,2026-04-20 16:56:41.702,102.0,0.0,1h 42m,CCU to BOM,0.0,Afternoon (12-17),PAY1267,1037.82,CARD,88,60+,M,S***,A***
B1120,P1760,SJ142,2025-08-12 11:37:36.951,CONFIRMED,d014dbcf911600fc4655a070d3f8b4a17cd19ec865bc5f1b91306dc63ae66397,12D,V***,56990b02470e5faf2a9bd20e5523af3c21b7d75934f24f623cd9c813df28ba6d,SPICEJET,CCU,BOM,2026-04-20 15:14:41.702,2026-04-20 16:56:41.702,102.0,0.0,1h 42m,CCU to BOM,0.0,Afternoon (12-17),PAY1573,1533.66,UPI,88,60+,M,S***,A***
B1121,P1993,SJ142,2025-06-01 11:37:36.951,PENDING,aa062069779af8ee187c0b288747ff2cf7b81c45fa7cf67e9f2b351545b2abb5,17C,N***,e1c91424b2bb74e08a7012c7b793eed2ef772dd3c079e07aab120cc8df56edb9,SPICEJET,CCU,BOM,2026-04-20 15:14:41.702,2026-04-20 16:56:41.702,102.0,0.0,1h 42m,CCU to BOM,0.0,Afternoon (12-17),,,,42,31-45,M,M***,N***
B1122,P1778,AI030,2025-05-02 11:37:36.951,CANCELLED,3ab41497fef47a29fb0d864bb84724dbb6885f3e31602eae8fe19a41d8e29518,20B,Y***,431f6a498e6fa56f2cd2fcd8d80f6cb0386a93aeb9da555180172a3d424a6485,AIR INDIA,CCU,HYD,2026-04-20 13:33:41.701,2026-04-20 16:52:41.701,199.0,0.0,3h 19m,CCU to HYD,1.0,Afternoon (12-17),,,,53,46-60,F,K***,V***
B1123,P1704,6F097,2025-09-23 11:37:36.951,CONFIRMED,675233f7174298a8d03444c65088292b62d0b51b1c0b5aa0a79e31263bda828a,8A,Q***,128d6f00e50fe76f300388f0026dc7f2ee65e3386732e152cb7c0486950a00eb,INDIGO,BLR,BOM,2026-04-20 15:32:41.702,2026-04-20 16:49:41.702,77.0,0.0,1h 17m,BLR to BOM,0.0,Afternoon (12-17),PAY1745,6074.04,UPI,81,60+,F,S***,S***
B1123,P1704,6F097,2025-09-23 11:37:36.951,CONFIRMED,675233f7174298a8d03444c65088292b62d0b51b1c0b5aa0a79e31263bda828a,8A,Q***,128d6f00e50fe76f300388f0026dc7f2ee65e3386732e152cb7c0486950a00eb,INDIGO,BLR,BOM,2026-04-20 15:32:41.702,2026-04-20 16:49:41.702,77.0,0.0,1h 17m,BLR to BOM,0.0,Afternoon (12-17),PAY1880,8451.44,NETBANKING,81,60+,F,S***,S***
B1124,P1846,6F129,2025-05-23 11:37:36.951,CANCELLED,954374b70d0be5156a1d6e387e3cc4cf090d289fc845a91884e45f3029c0492c,5C,E***,de4731e5a5be3acbfddf992a395ffd209f1f5c5fb3de4d4f3afec79828f933ec,INDIGO,DEL,CCU,2026-04-20 14:28:41.702,2026-04-20 16:47:41.702,139.0,0.0,2h 19m,DEL to CCU,0.0,Afternoon (12-17),PAY1498,2030.14,UPI,7,Under 18,M,V***,V***
B1124,P1846,6F129,2025-05-23 11:37:36.951,CANCELLED,954374b70d0be5156a1d6e387e3cc4cf090d289fc845a91884e45f3029c0492c,5C,E***,de4731e5a5be3acbfddf992a395ffd209f1f5c5fb3de4d4f3afec79828f933ec,INDIGO,DEL,CCU,2026-04-20 14:28:41.702,2026-04-20 16:47:41.702,139.0,0.0,2h 19m,DEL to CCU,0.0,Afternoon (12-17),PAY1860,13723.54,UPI,7,Under 18,M,V***,V***
B1125,P1729,6F181,2026-01-15 11:37:36.951,PENDING,4bebcfee2bd692ffc72eff318fccd2ab7490246dcc05671494b6b6dd125fb265,27E,N***,39494d192e9522f5526182ec81b0db3343c65e493b5aaa5c5a9b093622bf6bfd,INDIGO,BOM,MAA,2026-04-20 14:55:41.703,2026-04-20 16:43:41.703,108.0,0.0,1h 48m,BOM to MAA,0.0,Afternoon (12-17),,,,39,31-45,F,A***,N***
B1126,P1114,AI072,2025-10-20 11:37:36.951,CONFIRMED,2ea0bade9334e988d0d2fb9810cf7ff413c7872c133765e315dd0ce136b5bbd6,10E,Y***,917a90be30ef1ad6a383c2c9519c999bce2b320e3f3e9f3d90ff34378305472d,AIR INDIA,BLR,CCU,2026-04-20 15:34:41.702,2026-04-20 16:32:41.702,58.0,0.0,0h 58m,BLR to CCU,0.0,Afternoon (12-17),,,,28,18-30,F,A***,S***
B1127,P1579,SJ154,2025-06-29 11:37:36.951,PENDING,047906b1bfa52f31e9b7ef02eacf2e0b21d5706653de8da29c8bf887efff7564,2E,F***,e2b16a130eda7f2ed30010c7eb632ec542ed05098aa615ca74c25ac50e080afc,SPICEJET,BLR,HYD,2026-04-20 14:47:41.702,2026-04-20 16:26:41.702,99.0,0.0,1h 39m,BLR to HYD,0.0,Afternoon (12-17),,,,5,Under 18,F,K***,N***
B1128,P1298,AI031,2026-04-08 11:37:36.951,CONFIRMED,4fcb00feb87c7ce5babbbc688729b3761f7397428a6cc78ca06421cece1e9472,10D,D***,e55aedb28c6e0dd3918cd7b8d87dfd9fc17ca4e66d242354bd33e1226ff01d73,AIR INDIA,DEL,MAA,2026-04-20 13:05:41.701,2026-04-20 16:11:41.701,186.0,0.0,3h 6m,DEL to MAA,0.0,Afternoon (12-17),,,,48,46-60,M,A***,K***
B1129,P1836,AI031,2025-09-18 11:37:36.951,PENDING,976913a45faa4e7ffecbd2615fb494390aa827fd1421af86cba8d67228143edf,26F,S***,c6647848153dad769aca8166a7cbf197cdd76e8a2c6db047c97f7656bd81d3a3,AIR INDIA,DEL,MAA,2026-04-20 13:05:41.701,2026-04-20 16:11:41.701,186.0,0.0,3h 6m,DEL to MAA,0.0,Afternoon (12-17),PAY1046,12008.51,UPI,14,Under 18,M,S***,C***
B1130,P1482,6F158,2025-12-26 11:37:36.951,CONFIRMED,1e90d6509565477dc1848d2576c96998cf5373ffe4294d7936dd584bed68061b,34E,W***,37fa16b9b83f83b1689bc5dc013e43daddb75df018760f45195513b623f3c8bc,INDIGO,CCU,MAA,2026-04-20 11:58:41.703,2026-04-20 16:04:41.703,246.0,0.0,4h 6m,CCU to MAA,1.0,Morning (09-12),,,,33,31-45,M,S***,S***
B1131,P1396,6F184,2025-06-16 11:37:36.951,CANCELLED,e315889246e9430699ba4a9ee0ca28dc350bf7479dffcca2e2177abc624107a7,1C,M***,1f10529d2e9a8d24805984158a94f193d64f0a93df729b10fa22c1ba251357b4,INDIGO,MAA,BOM,2026-04-20 13:05:41.703,2026-04-20 16:04:41.703,179.0,0.0,2h 59m,MAA to BOM,0.0,Afternoon (12-17),PAY1553,3592.91,UPI,54,46-60,F,V***,M***
B1132,P1393,UK141,2025-06-20 11:37:36.951,CONFIRMED,3fec3731064e163e9d26f8291e63a9df498f7cf47c56ef226f78cf96f0b4535f,10D,C***,6d8b6951b15ce645e856ac69b367259f48e53890423aa73356ff3634abfcad82,,,,,,,,,,,,PAY1462,2045.26,UPI,42,31-45,M,I***,R***
B1132,P1393,UK141,2025-06-20 11:37:36.951,CONFIRMED,3fec3731064e163e9d26f8291e63a9df498f7cf47c56ef226f78cf96f0b4535f,10D,C***,6d8b6951b15ce645e856ac69b367259f48e53890423aa73356ff3634abfcad82,,,,,,,,,,,,PAY1826,2632.44,UPI,42,31-45,M,I***,R***
B1133,P1074,6F168,2025-12-29 11:37:36.951,CANCELLED,371f0854d2aa782e1c6022d65a549959d76fe3875b580ec8b627f70ddb5feb6d,23D,D***,3f6899332f93a4b05d49e37204a510107f8ce54fa0a19634e5ccceef45ec2677,INDIGO,HYD,DEL,2026-04-20 12:18:41.703,2026-04-20 15:58:41.703,220.0,0.0,3h 40m,HYD to DEL,0.0,Afternoon (12-17),PAY1395,12903.74,NETBANKING,34,31-45,F,R***,P***
B1133,P1074,6F168,2025-12-29 11:37:36.951,CANCELLED,371f0854d2aa782e1c6022d65a549959d76fe3875b580ec8b627f70ddb5feb6d,23D,D***,3f6899332f93a4b05d49e37204a510107f8ce54fa0a19634e5ccceef45ec2677,INDIGO,HYD,DEL,2026-04-20 12:18:41.703,2026-04-20 15:58:41.703,220.0,0.0,3h 40m,HYD to DEL,0.0,Afternoon (12-17),PAY1951,1296.69,NETBANKING,34,31-45,F,R***,P***
B1134,P1977,6F051,2025-07-28 11:37:36.951,CONFIRMED,7d3076de233f1cb169a71db01434659ea3ae866df5784094f94490d43c88ae19,34C,A***,2e6f25984bf3a83c3f4466c86d87c7b7a3fb1359c08815d10c92c426920a9658,INDIGO,BLR,BOM,2026-04-20 13:58:41.701,2026-04-20 15:58:41.701,120.0,0.0,2h 0m,BLR to BOM,0.0,Afternoon (12-17),,,,64,60+,M,S***,J***
B1135,P1481,6F047,2025-12-02 11:37:36.951,CONFIRMED,0e2adb61bad1e83e56d2ac722dab7c153e3687d87cc763ab7f4a4ab38db71de7,20E,H***,8c4bd579dab9161291f662e5b6e06c69f3826b1dc9f844c966acf2407b6c77ca,INDIGO,MAA,DEL,2026-04-20 13:50:41.701,2026-04-20 15:55:41.701,125.0,0.0,2h 5m,MAA to DEL,0.0,Afternoon (12-17),PAY1918,10501.09,CARD,65,60+,F,I***,K***
B1136,P1102,UK156,2025-10-26 11:37:36.951,PENDING,382a8f797e5ddda78bd2cc1c1e557d90d8923882d40551038a1fc78b4e140fc6,28E,T***,51ea913a50cb4a90c168eab9728ce8d1e1e31c42112f1992b878bcb2201b188a,VISTARA,MAA,BLR,2026-04-20 11:50:41.703,2026-04-20 15:54:41.703,244.0,0.0,4h 4m,MAA to BLR,1.0,Morning (09-12),PAY1501,2857.01,NETBANKING,1,Under 18,F,M***,K***
B1137,P1296,AI094,2025-09-01 11:37:36.951,PENDING,14919fac7f7b14f8e140808fe33ec3d5769ddcf462e7894d5c4d4172778b1bf4,13E,A***,88ce0b3fe266857c5a5a219e5edf1153411722c4c1bf6baed2204f01431e1e1a,AIR INDIA,DEL,BLR,2026-04-20 14:44:41.702,2026-04-20 15:44:42.000,60.0,0.0,1h 0m,DEL to BLR,0.0,Afternoon (12-17),PAY1666,6179.22,CARD,17,Under 18,F,A***,J***
B1137,P1296,AI094,2025-09-01 11:37:36.951,PENDING,14919fac7f7b14f8e140808fe33ec3d5769ddcf462e7894d5c4d4172778b1bf4,13E,A***,88ce0b3fe266857c5a5a219e5edf1153411722c4c1bf6baed2204f01431e1e1a,AIR INDIA,DEL,BLR,2026-04-20 14:44:41.702,2026-04-20 15:44:42.000,60.0,0.0,1h 0m,DEL to BLR,0.0,Afternoon (12-17),PAY1816,3913.54,UPI,17,Under 18,F,A***,J***
B1138,P1177,AI038,2025-07-14 11:37:36.951,PENDING,bfa0bfb186a5dafc1b54fbe3fe9928765cb1339de89442a0d59c3fe9b3fe783e,6C,I***,f961ef36a44ac26a97ded493384cb648c010f56ed5e0cb09a3b46727dc5d5a64,AIR INDIA,HYD,MAA,2026-04-20 11:05:41.701,2026-04-20 15:44:41.701,279.0,0.0,4h 39m,HYD to MAA,1.0,Morning (09-12),,,,70,60+,F,R***,P***
B1139,P1214,6F255,2026-01-19 11:37:36.951,CONFIRMED,8c423d7cd9df30f07f1dce7a903763774ab557c1c235054f16dfbc5fdd8f2efe,29F,Y***,1eaad686a8aef572f0c774e4222d59ca2f6b31f674b78cdaabcde5f626f18bde,,,,,,,,,,,,PAY1385,6016.05,UPI,55,46-60,M,R***,M***
B1140,P1966,SJ025,2026-01-23 11:37:36.951,CONFIRMED,8b10e2ea458930f44c8bd90a3f138c667de2ed493a14b089caf13c4d3704758e,29D,B***,6359a2b6255d4734063b155b05a6124aaab8662a9d38e15ea52e55162115f178,SPICEJET,BOM,CCU,2026-04-20 12:02:41.701,2026-04-20 15:29:41.701,207.0,0.0,3h 27m,BOM to CCU,0.0,Afternoon (12-17),PAY1430,8447.38,NETBANKING,78,60+,M,R***,S***
B1141,P1314,SJ185,2025-10-28 11:37:36.951,CONFIRMED,5a30b7f5d5ac0d68be93748362527cce508c1eb97598f0133e39289db8593b11,9C,R***,54761f374ea11e0aeb3c2f6935ab100b3456cf96d639c170815fae8725bc834a,SPICEJET,BOM,CCU,2026-04-20 14:21:41.703,2026-04-20 15:21:41.703,60.0,0.0,1h 0m,BOM to CCU,0.0,Afternoon (12-17),,,,69,60+,M,A***,J***
B1142,P1038,6F259,2026-01-21 11:37:36.951,CANCELLED,3b69f7c2cf2ec9c4de26291b5207c132308a44596bbde72605f4f6556bb7abe2,5C,A***,1b3d073bf77a6912d7ee16d742e1e1d89c0d48a33ff83d750e27bfce5394e0d2,,,,,,,,,,,,PAY1963,4506.21,CARD,55,46-60,M,I***,P***
B1143,P1258,6F073,2026-04-07 11:37:36.951,CANCELLED,647faddd219f0359539d0831a6283fbbbecbbad51a72f947ee9f43be6b093349,15A,H***,3742cdd71478243bb7fd375a5b93f2bc03fd8370479fd14da28958267e1427d0,INDIGO,DEL,CCU,2026-04-20 11:38:41.702,2026-04-20 15:18:41.702,220.0,0.0,3h 40m,DEL to CCU,1.0,Morning (09-12),PAY1124,6360.73,NETBANKING,69,60+,M,D***,P***
B1144,P1715,AI091,2025-09-26 11:37:36.951,CONFIRMED,14db3cdba7ddb228e25af27176a1a431faa50539761e63eb5881b2b812eb3154,6D,A***,d4297deed5014f7d1bb3ee92303c8262bc0d309ca81308aff8a134dfe29391bd,AIR INDIA,CCU,MAA,2026-04-20 10:52:41.702,2026-04-20 15:15:41.702,263.0,0.0,4h 23m,CCU to MAA,1.0,Morning (09-12),,,,17,Under 18,M,V***,M***
B1145,P1006,6F191,2025-08-23 11:37:36.951,PENDING,80aca51344eb1dbc608e2f5ec19784a639e6776f958f604af4afbb75f9e04b6a,15D,H***,7e9dfde4779128c521519572ea7430dfd354a2fccd39a378ba6240194353f90b,INDIGO,BLR,DEL,2026-04-20 14:41:41.703,2026-04-20 15:11:41.703,30.0,0.0,0h 30m,BLR to DEL,0.0,Afternoon (12-17),,,,87,60+,M,K***,N***
B1146,P1048,UK228,2025-08-30 11:37:36.951,PENDING,babeeff0ca696d1ac8fc76080d79369d11c5d950a88697ce7d9913abcdbe9c81,25A,A***,17125b11e9464fb23183f8a55db08daa7d4ae04119bb68173db59a04ff600424,VISTARA,DEL,MAA,2026-04-20 11:58:41.704,2026-04-20 15:08:41.704,190.0,0.0,3h 10m,DEL to MAA,0.0,Morning (09-12),,,,89,60+,M,S***,M***
B1147,P1537,6F146,2026-03-25 11:37:36.951,PENDING,b426060959b54dfc621b110d4c5180ef2197a7a6eac5e5cffc6c3f602daa1c99,11E,S***,ef9b00d8dac6d5ac62f9eed9f1c8ccb9995022ecfab96f2ff5362ad6827c2766,INDIGO,HYD,MAA,2026-04-20 13:51:41.703,2026-04-20 15:07:41.703,76.0,0.0,1h 16m,HYD to MAA,0.0,Afternoon (12-17),,,,76,60+,M,R***,J***
B1148,P1160,6F068,2025-10-13 11:37:36.951,CONFIRMED,63e2ac73b006cfdd12706437fd4bdae9abcb91880894b5308694501b4fd5aeea,19A,S***,fc62acecee6f687218165a176399baa5f49819d436a4fe7ae4667b29aff21c75,INDIGO,BLR,HYD,2026-04-20 11:17:41.701,2026-04-20 15:06:41.701,229.0,0.0,3h 49m,BLR to HYD,1.0,Morning (09-12),,,,62,60+,F,A***,J***
B1149,P1868,SJ218,2026-01-08 11:37:36.951,PENDING,948f897dfe613a3c083767561d794aa8c3f1cb7e93e235806c3cc7c0a66f684c,30F,Y***,4ac32069e25a5010ea06afb0b186406ff51e1fba04180408f54156e30e666bd0,SPICEJET,DEL,HYD,2026-04-20 11:58:41.703,2026-04-20 15:03:41.703,185.0,0.0,3h 5m,DEL to HYD,0.0,Morning (09-12),PAY1505,3280.83,UPI,67,60+,F,M***,P***
B1149,P1868,SJ218,2026-01-08 11:37:36.951,PENDING,948f897dfe613a3c083767561d794aa8c3f1cb7e93e235806c3cc7c0a66f684c,30F,Y***,4ac32069e25a5010ea06afb0b186406ff51e1fba04180408f54156e30e666bd0,SPICEJET,DEL,HYD,2026-04-20 11:58:41.703,2026-04-20 15:03:41.703,185.0,0.0,3h 5m,DEL to HYD,0.0,Morning (09-12),PAY1761,9112.92,CARD,67,60+,F,M***,P***
B1150,P1175,UK083,2025-09-25 11:37:36.951,CONFIRMED,49c356ab29cd3060bab1d0ebb4350c81df66e52493091d3792c2b650510b4c3a,12A,Z***,66e45b9f60f7d3fc298faab3c628fb32954633cf80fe78913dfd605188e5ccb7,VISTARA,DEL,HYD,2026-04-20 14:10:41.702,2026-04-20 14:59:41.702,49.0,0.0,0h 49m,DEL to HYD,0.0,Afternoon (12-17),PAY1719,12535.73,NETBANKING,77,60+,F,M***,M***
B1151,P1590,SJ007,2026-01-18 11:37:36.951,CANCELLED,0cb2ebf5e4aa8dc3b642153cb7058f76c5b5f7bb6cfc4a0a12b05a06ecf41486,29B,G***,45cbb08962507726aafe0bffb75de522aafde35067ffd3a07686a37018b49712,SPICEJET,BOM,CCU,2026-04-20 10:03:41.701,2026-04-20 14:53:41.701,290.0,0.0,4h 50m,BOM to CCU,1.0,Morning (09-12),,,,45,31-45,M,V***,N***
B1152,P1001,AI077,2025-08-14 11:37:36.951,PENDING,d84ac9a51660572dbdafc30b693bcea8fc31a811856ded2e30af8f8ddab435f5,27A,A***,40d4bc59a542596d64dfdf5605aa6efcd2059a9b1b623fe698a4d8400a6cb372,AIR INDIA,CCU,HYD,2026-04-20 13:45:41.702,2026-04-20 14:51:41.702,66.0,0.0,1h 6m,CCU to HYD,0.0,Afternoon (12-17),,,,15,Under 18,M,K***,R***
B1153,P1894,UK017,2025-12-20 11:37:36.951,CANCELLED,e5640508f184b0969e0adac503249c8977d8c53ab1f79c4a55c1b5b4288f5c79,8D,A***,cbbe6cb69988293d8fe79f787c61da1c3fc63f5c64dadfcb495ee5e7885ed6e5,VISTARA,BLR,HYD,2026-04-20 13:14:41.701,2026-04-20 14:49:41.701,95.0,0.0,1h 35m,BLR to HYD,0.0,Afternoon (12-17),PAY1836,5774.24,NETBANKING,62,60+,F,K***,N***
B1154,P1454,6F229,2026-02-17 11:37:36.951,PENDING,2f42f682d02ddc5654c2e84b828449f36015e5c0d79a5212e3c6c2971c845a69,24A,K***,b976dd63b3f925125a638004226fd978537a8ba18ecb6359252d059409fddfb3,INDIGO,MAA,DEL,2026-04-20 13:10:41.704,2026-04-20 14:30:41.704,80.0,0.0,1h 20m,MAA to DEL,0.0,Afternoon (12-17),PAY1196,9979.51,UPI,10,Under 18,M,V***,G***
B1155,P1927,6F074,2025-10-08 11:37:36.951,CONFIRMED,d5deb2fc077eed6c2ef5f15b6ea3c6f90c6d07471e1230882f74cac4413f0288,6D,N***,2d3216f4933ffa3357ec0da3adb8fbff44f976c5dc0c6083c036da8403f7391a,INDIGO,HYD,BOM,2026-04-20 11:09:41.702,2026-04-20 14:29:41.702,200.0,0.0,3h 20m,HYD to BOM,1.0,Morning (09-12),,,,20,18-30,F,S***,R***
B1156,P1643,SJ088,2026-03-25 11:37:36.951,CONFIRMED,5e3b200601da9e6ff845f0b567f985fa185ecef778aa9a3689593c5fbbf7ca9b,5E,P***,b5a6e34e6bc8841a92e1c908f178c83da1aa3713e64780e0d2efef69bab500ac,SPICEJET,CCU,MAA,2026-04-20 13:54:41.702,2026-04-20 14:26:41.702,32.0,0.0,0h 32m,CCU to MAA,0.0,Afternoon (12-17),PAY1308,3413.47,NETBANKING,3,Under 18,M,M***,D***
B1157,P1275,SJ167,2025-06-28 11:37:36.951,CONFIRMED,a013e910d2c631e1fb6440aefd848a5a08bcc6f110bfda7047983e0b517248c4,18B,I***,79fdb14283c3763604ed7cd8ef1d1a74440c2e8cda66de67e6f06f1dc975c446,SPICEJET,MAA,CCU,2026-04-20 13:18:41.703,2026-04-20 14:12:41.703,54.0,0.0,0h 54m,MAA to CCU,0.0,Afternoon (12-17),PAY1096,7902.25,NETBANKING,84,60+,M,A***,I***
B1158,P1497,6F234,2025-07-20 11:37:36.951,CONFIRMED,14a1652c345d35f79eee7897ef9e851530854f0d40ce32c44fea4cbd8a0d8f9d,22A,M***,a0f72b74ef07055fa2fa98386be6deb2ec81414d4a553dc365232ff681c84238,INDIGO,BOM,DEL,2026-04-20 11:20:41.704,2026-04-20 14:11:41.704,171.0,0.0,2h 51m,BOM to DEL,0.0,Morning (09-12),PAY1098,14265.47,UPI,74,60+,M,I***,N***
B1159,P1628,UK071,2025-12-10 11:37:36.951,PENDING,68773e405d4df587637172157c683c6ac3e0d58e72f48152ba6f96ee85bfbf0a,22F,K***,08bf1a68eb3a83b3e91891342b0ecee55c71ab77ccbff72801cf2d215431620b,VISTARA,DEL,HYD,2026-04-20 10:50:41.701,2026-04-20 14:06:41.701,196.0,0.0,3h 16m,DEL to HYD,0.0,Morning (09-12),PAY1156,8897.78,CARD,80,60+,M,S***,V***
B1159,P1628,UK071,2025-12-10 11:37:36.951,PENDING,68773e405d4df587637172157c683c6ac3e0d58e72f48152ba6f96ee85bfbf0a,22F,K***,08bf1a68eb3a83b3e91891342b0ecee55c71ab77ccbff72801cf2d215431620b,VISTARA,DEL,HYD,2026-04-20 10:50:41.701,2026-04-20 14:06:41.701,196.0,0.0,3h 16m,DEL to HYD,0.0,Morning (09-12),PAY1811,8064.97,CARD,80,60+,M,S***,V***
B1160,P1675,AI178,2025-11-21 11:37:36.951,CANCELLED,2dc54bed00f1fd8767d68a329d7e9bd2550b6705efad1d28ba5f3e2ae406d12e,29A,Q***,f4f3e378db6e793101de4ea852161d75015f170b3e30e72409d05f0ce72430e8,AIR INDIA,CCU,BLR,2026-04-20 13:04:41.703,2026-04-20 14:03:41.703,59.0,0.0,0h 59m,CCU to BLR,0.0,Afternoon (12-17),PAY1586,5267.38,UPI,6,Under 18,F,M***,D***
B1161,P1799,UK104,2025-11-14 11:37:36.951,CONFIRMED,07229f2c192e07beace1fbe83cac806b04b93194febea901ad666858b244a9fa,12A,B***,26e93bdde4037ea39ca4bb74dd1e1ce33bff6c7df07d5c38fea6279f5c236a41,VISTARA,DEL,BOM,2026-04-20 12:30:41.702,2026-04-20 13:52:41.702,82.0,0.0,1h 22m,DEL to BOM,0.0,Afternoon (12-17),PAY1763,7144.72,UPI,51,46-60,M,M***,S***
B1161,P1799,UK104,2025-11-14 11:37:36.951,CONFIRMED,07229f2c192e07beace1fbe83cac806b04b93194febea901ad666858b244a9fa,12A,B***,26e93bdde4037ea39ca4bb74dd1e1ce33bff6c7df07d5c38fea6279f5c236a41,VISTARA,DEL,BOM,2026-04-20 12:30:41.702,2026-04-20 13:52:41.702,82.0,0.0,1h 22m,DEL to BOM,0.0,Afternoon (12-17),PAY1867,9652.61,UPI,51,46-60,M,M***,S***
B1161,P1799,UK104,2025-11-14 11:37:36.951,CONFIRMED,07229f2c192e07beace1fbe83cac806b04b93194febea901ad666858b244a9fa,12A,B***,26e93bdde4037ea39ca4bb74dd1e1ce33bff6c7df07d5c38fea6279f5c236a41,VISTARA,DEL,BOM,2026-04-20 12:30:41.702,2026-04-20 13:52:41.702,82.0,0.0,1h 22m,DEL to BOM,0.0,Afternoon (12-17),PAY1882,7842.91,CARD,51,46-60,M,M***,S***
B1162,P1027,AI146,2025-04-22 11:37:36.951,INVALID,e02046bca65068cf5529562733dfc483371fac89c7fe77b3f2341d9ce317b34e,32D,J***,e9655d47b55b2e8c6ca94ba9088b975f763b287111411a1cec6068a860a73266,AIR INDIA,BLR,DEL,2026-04-20 10:40:41.702,2026-04-20 13:46:41.702,186.0,0.0,3h 6m,BLR to DEL,0.0,Morning (09-12),,,,49,46-60,F,R***,B***
B1163,P1332,SJ235,2025-11-10 11:37:36.951,CANCELLED,a657f9a7b2a9fd0247fbd0286152e342ada89ac6c10927697de7f34a5d45cd90,13D,I***,bb90fec4170630fbb58397b80ce8806530e8d20e8109f54ce97acd2a4832f60b,SPICEJET,BOM,DEL,2026-04-20 09:57:41.704,2026-04-20 13:45:41.704,228.0,0.0,3h 48m,BOM to DEL,1.0,Morning (09-12),,,,63,60+,M,K***,J***
B1164,P1000,6F209,2025-04-24 11:37:36.951,CONFIRMED,38bb473936801c1985ce53f22c82cd80cecafc9cb90b782363c0a68b98236436,24A,Z***,021aef17cb48fc70637f16a351481a428b4a61e3719de801b008858027f39b54,INDIGO,MAA,CCU,2026-04-20 08:40:41.703,2026-04-20 13:40:41.703,300.0,0.0,5h 0m,MAA to CCU,1.0,Early Morning (05-09),PAY1010,2684.77,UPI,52,46-60,F,V***,C***
B1165,P1187,AI129,2025-08-20 11:37:36.951,CANCELLED,c059c6d5d28747761f64b104038ca26baf0f5345583d63470cd2463c0ba5f0d9,2F,I***,5669bbcce05609eab1a071e6b5b763730de4142a0ccb3cb62a6a00bcc679e021,AIR INDIA,BOM,CCU,2026-04-20 10:29:41.702,2026-04-20 13:38:41.702,189.0,0.0,3h 9m,BOM to CCU,0.0,Morning (09-12),PAY1236,10424.86,NETBANKING,59,46-60,F,A***,D***
B1165,P1187,AI129,2025-08-20 11:37:36.951,CANCELLED,c059c6d5d28747761f64b104038ca26baf0f5345583d63470cd2463c0ba5f0d9,2F,I***,5669bbcce05609eab1a071e6b5b763730de4142a0ccb3cb62a6a00bcc679e021,AIR INDIA,BOM,CCU,2026-04-20 10:29:41.702,2026-04-20 13:38:41.702,189.0,0.0,3h 9m,BOM to CCU,0.0,Morning (09-12),PAY1418,9442.05,UPI,59,46-60,F,A***,D***
B1165,P1187,AI129,2025-08-20 11:37:36.951,CANCELLED,c059c6d5d28747761f64b104038ca26baf0f5345583d63470cd2463c0ba5f0d9,2F,I***,5669bbcce05609eab1a071e6b5b763730de4142a0ccb3cb62a6a00bcc679e021,AIR INDIA,BOM,CCU,2026-04-20 10:29:41.702,2026-04-20 13:38:41.702,189.0,0.0,3h 9m,BOM to CCU,0.0,Morning (09-12),PAY1476,13603.29,CARD,59,46-60,F,A***,D***
B1165,P1187,AI129,2025-08-20 11:37:36.951,CANCELLED,c059c6d5d28747761f64b104038ca26baf0f5345583d63470cd2463c0ba5f0d9,2F,I***,5669bbcce05609eab1a071e6b5b763730de4142a0ccb3cb62a6a00bcc679e021,AIR INDIA,BOM,CCU,2026-04-20 10:29:41.702,2026-04-20 13:38:41.702,189.0,0.0,3h 9m,BOM to CCU,0.0,Morning (09-12),PAY1813,9627.79,CARD,59,46-60,F,A***,D***
B1166,P1055,SJ141,2026-01-23 11:37:36.951,CONFIRMED,5ab24da259ceb8dcac56bee1aec0fa52d8e21619f23514d1c32176c9ecc6b2a7,34D,M***,c47904340fcfc0a3dcd52c410b933be9d6db1f5e3d9f711a17b6d21ed304079f,SPICEJET,CCU,DEL,2026-04-20 10:00:41.702,2026-04-20 13:37:41.702,217.0,0.0,3h 37m,CCU to DEL,1.0,Morning (09-12),PAY1769,5530.81,NETBANKING,60,46-60,M,I***,C***
B1167,P1546,SJ018,2026-02-02 11:37:36.951,CANCELLED,dfa5bc5490d6c3c1e9134da982307da6f1ea1199481293f0127e7b32766eb86c,9F,N***,ae636dc9d2183a19022200ca005f7c964915e604dc0f64dfd436dcb7ad63702f,SPICEJET,BOM,CCU,2026-04-20 10:58:41.701,2026-04-20 13:31:41.701,153.0,0.0,2h 33m,BOM to CCU,0.0,Morning (09-12),PAY1563,7043.11,CARD,12,Under 18,F,A***,K***
B1167,P1546,SJ018,2026-02-02 11:37:36.951,CANCELLED,dfa5bc5490d6c3c1e9134da982307da6f1ea1199481293f0127e7b32766eb86c,9F,N***,ae636dc9d2183a19022200ca005f7c964915e604dc0f64dfd436dcb7ad63702f,SPICEJET,BOM,CCU,2026-04-20 10:58:41.701,2026-04-20 13:31:41.701,153.0,0.0,2h 33m,BOM to CCU,0.0,Morning (09-12),PAY1673,12224.46,UPI,12,Under 18,F,A***,K***
B1167,P1546,SJ018,2026-02-02 11:37:36.951,CANCELLED,dfa5bc5490d6c3c1e9134da982307da6f1ea1199481293f0127e7b32766eb86c,9F,N***,ae636dc9d2183a19022200ca005f7c964915e604dc0f64dfd436dcb7ad63702f,SPICEJET,BOM,CCU,2026-04-20 10:58:41.701,2026-04-20 13:31:41.701,153.0,0.0,2h 33m,BOM to CCU,0.0,Morning (09-12),PAY1997,8032.22,NETBANKING,12,Under 18,F,A***,K***
B1168,P1111,UK120,2025-10-14 11:37:36.951,CANCELLED,f97e03b87737610eccea45009d7f62af93d12e144ef47f8bb09a3f0f973ef23f,11C,N***,3dea5b41fdb7c3a43071172c002ece19109999491d333fabaf65bcdb3f55bd30,VISTARA,HYD,DEL,2026-04-20 09:19:41.702,2026-04-20 13:30:41.702,251.0,0.0,4h 11m,HYD to DEL,1.0,Morning (09-12),PAY1250,5435.83,CARD,33,31-45,F,K***,S***
B1169,P1797,AI078,2025-11-15 11:37:36.951,CONFIRMED,11e96a1ae513448a1b388962f060bc73fd9a0a0e176d7bb723985fe8394a19be,11E,P***,ebe94c5a8df5a590c1e1cd775589e648e17a1e11937d6cc384d95f130d0ec654,AIR INDIA,DEL,BOM,2026-04-20 08:58:41.702,2026-04-20 13:28:41.702,270.0,0.0,4h 30m,DEL to BOM,1.0,Early Morning (05-09),PAY1481,3795.6,NETBANKING,50,46-60,F,A***,J***
B1170,P1309,AI079,2025-09-14 11:37:36.951,PENDING,0cfb907e0abbf0df9d22e7418be15f6485d737a5b2285aabdd110aaf6c57932c,15E,N***,ae0e60a64e3e4b47afd303e81ac40b2ca6ba38244dccb89ed4e04cce8f5b6231,AIR INDIA,CCU,BLR,2026-04-20 11:04:41.702,2026-04-20 13:19:41.702,135.0,0.0,2h 15m,CCU to BLR,0.0,Morning (09-12),,,,27,18-30,M,A***,A***
B1171,P1035,UK087,2025-09-19 11:37:36.951,CANCELLED,332fb84d5eef50c1288047e6eb2fdd79beba1c5421f434ba239bbb0f70e05d48,21A,A***,bcc504cce1e4ceffd681a7d09d2128df430bb042bb7940d8e52fcd330b0e66b6,VISTARA,HYD,MAA,2026-04-20 09:49:41.702,2026-04-20 13:17:41.702,208.0,0.0,3h 28m,HYD to MAA,1.0,Morning (09-12),PAY1074,7227.28,UPI,47,46-60,F,V***,G***
B1171,P1035,UK087,2025-09-19 11:37:36.951,CANCELLED,332fb84d5eef50c1288047e6eb2fdd79beba1c5421f434ba239bbb0f70e05d48,21A,A***,bcc504cce1e4ceffd681a7d09d2128df430bb042bb7940d8e52fcd330b0e66b6,VISTARA,HYD,MAA,2026-04-20 09:49:41.702,2026-04-20 13:17:41.702,208.0,0.0,3h 28m,HYD to MAA,1.0,Morning (09-12),PAY1199,12677.76,UPI,47,46-60,F,V***,G***
B1171,P1035,UK087,2025-09-19 11:37:36.951,CANCELLED,332fb84d5eef50c1288047e6eb2fdd79beba1c5421f434ba239bbb0f70e05d48,21A,A***,bcc504cce1e4ceffd681a7d09d2128df430bb042bb7940d8e52fcd330b0e66b6,VISTARA,HYD,MAA,2026-04-20 09:49:41.702,2026-04-20 13:17:41.702,208.0,0.0,3h 28m,HYD to MAA,1.0,Morning (09-12),PAY1654,3406.0,UPI,47,46-60,F,V***,G***
B1172,P1438,UK133,2026-01-17 11:37:36.951,CONFIRMED,7cf92096149d13c95f2940db043d2a1db1565ca69823fa64f8dd010e75d7de48,8F,H***,c65e98869aa1370551860daefda74a4cabc35b7ce11f3de32219e0164e9ed844,VISTARA,BOM,DEL,2026-04-20 10:04:41.702,2026-04-20 13:16:41.702,192.0,0.0,3h 12m,BOM to DEL,0.0,Morning (09-12),PAY1458,9220.51,NETBANKING,51,46-60,F,R***,B***
B1172,P1438,UK133,2026-01-17 11:37:36.951,CONFIRMED,7cf92096149d13c95f2940db043d2a1db1565ca69823fa64f8dd010e75d7de48,8F,H***,c65e98869aa1370551860daefda74a4cabc35b7ce11f3de32219e0164e9ed844,VISTARA,BOM,DEL,2026-04-20 10:04:41.702,2026-04-20 13:16:41.702,192.0,0.0,3h 12m,BOM to DEL,0.0,Morning (09-12),PAY1527,10384.47,NETBANKING,51,46-60,F,R***,B***
B1172,P1438,UK133,2026-01-17 11:37:36.951,CONFIRMED,7cf92096149d13c95f2940db043d2a1db1565ca69823fa64f8dd010e75d7de48,8F,H***,c65e98869aa1370551860daefda74a4cabc35b7ce11f3de32219e0164e9ed844,VISTARA,BOM,DEL,2026-04-20 10:04:41.702,2026-04-20 13:16:41.702,192.0,0.0,3h 12m,BOM to DEL,0.0,Morning (09-12),PAY1872,5872.42,UPI,51,46-60,F,R***,B***
B1173,P1728,AI222,2025-06-01 11:37:36.951,CANCELLED,053c776fd19803ecd85c8ca0a2bd41974f8b9e14ac69a1b87dbde3ccb793c2ad,22E,B***,e061afca9e58993136d615d8d270aa736a3e7e41b96c80f8147f16ff8de7cd0a,Air India,BOM,DEL,2026-04-20 12:10:41.703,2026-04-20 13:14:41.703,64.0,0.0,1h 4m,BOM to DEL,0.0,Afternoon (12-17),,,,72,60+,F,I***,p***
B1174,P1591,6F049,2026-04-12 11:37:36.951,CANCELLED,d7e1470c5ababec8ad0287705e994d8c6a2a4b79c1bf9caf192110e2210e6e42,19D,T***,67edee9519ec9fb67d735539e07d034a417830de65c6282221b0ac74653d901a,INDIGO,HYD,DEL,2026-04-20 10:00:41.701,2026-04-20 13:13:41.701,193.0,0.0,3h 13m,HYD to DEL,0.0,Morning (09-12),,,,4,Under 18,M,K***,M***
B1175,P1825,6F105,2026-01-29 11:37:36.951,PENDING,1ef180b70d4f39c3be337b264eddf21c62b5f9a1e12906ef5cece4379fb020ba,27D,T***,4f81fe21b6d635c9b4d202c160efcefdf7cb272521f6bb2c5cc3e45c4c5f94c8,INDIGO,BLR,BOM,2026-04-20 11:46:41.702,2026-04-20 12:58:41.702,72.0,0.0,1h 12m,BLR to BOM,0.0,Morning (09-12),PAY1957,10654.9,UPI,61,60+,M,I***,I***
B1176,P1594,SJ226,2025-04-17 11:37:36.951,CANCELLED,6b72af9d5b214ac03289b9d6fd8892eb90d9fa4ae2e2b01abcd9aa93b4a84754,7C,D***,04d14d807ce2def688614b1b49324586b7c80d2d002031374b8307e1d0bbe6b2,SPICEJET,HYD,BOM,2026-04-20 08:47:41.704,2026-04-20 12:54:41.704,247.0,0.0,4h 7m,HYD to BOM,1.0,Early Morning (05-09),,,,31,31-45,F,D***,P***
B1177,P1576,SJ227,2025-07-29 11:37:36.951,CANCELLED,43cb9705d6dad7e716a78cd19fc9336b6ec4045ae5fdfd845c77bd6491dfbf1b,34D,U***,9e543a83f3f843e3ad5444f02dce14d6a53d26cad440b45658973477f8dc0eee,SPICEJET,BOM,CCU,2026-04-20 08:32:41.704,2026-04-20 12:53:41.704,261.0,0.0,4h 21m,BOM to CCU,1.0,Early Morning (05-09),PAY1626,12412.89,NETBANKING,50,46-60,M,I***,N***
B1178,P1324,6F034,2026-02-05 11:37:36.951,CONFIRMED,47c26181556a5168a16ed67e872fd649aa78f1708e121070280c1acffe9d1c77,34E,R***,1fcc176575d8d73967e122e4b95561281cda7be84d944bbb1421de4742b3deaf,INDIGO,BOM,DEL,2026-04-20 11:53:41.701,2026-04-20 12:49:41.701,56.0,0.0,0h 56m,BOM to DEL,0.0,Morning (09-12),,,,30,18-30,F,S***,N***
B1179,P1639,SJ078,2025-10-03 11:37:36.951,CONFIRMED,3b62674ae10d18cc6304423d9845ba7d4c185b9370f7ee40714acf87727674b0,33D,F***,d28a59d1aa22eba0abc94f51eaa59fba64b82e29844f389a30d5d244d0910c3e,SPICEJET,DEL,HYD,2026-04-20 09:41:41.701,2026-04-20 12:49:41.701,188.0,0.0,3h 8m,DEL to HYD,0.0,Morning (09-12),PAY1161,3495.66,UPI,15,Under 18,M,D***,M***
B1179,P1639,SJ078,2025-10-03 11:37:36.951,CONFIRMED,3b62674ae10d18cc6304423d9845ba7d4c185b9370f7ee40714acf87727674b0,33D,F***,d28a59d1aa22eba0abc94f51eaa59fba64b82e29844f389a30d5d244d0910c3e,SPICEJET,DEL,HYD,2026-04-20 09:41:41.701,2026-04-20 12:49:41.701,188.0,0.0,3h 8m,DEL to HYD,0.0,Morning (09-12),PAY1440,4786.25,NETBANKING,15,Under 18,M,D***,M***
B1179,P1639,SJ078,2025-10-03 11:37:36.951,CONFIRMED,3b62674ae10d18cc6304423d9845ba7d4c185b9370f7ee40714acf87727674b0,33D,F***,d28a59d1aa22eba0abc94f51eaa59fba64b82e29844f389a30d5d244d0910c3e,SPICEJET,DEL,HYD,2026-04-20 09:41:41.701,2026-04-20 12:49:41.701,188.0,0.0,3h 8m,DEL to HYD,0.0,Morning (09-12),PAY1565,2337.61,UPI,15,Under 18,M,D***,M***
B1180,P1306,AI240,2026-04-10 11:37:36.951,PENDING,3a9e3036b2c0b95210526d7393698aae0f53d43115a75da5436f02571c04de82,22F,E***,5511af070c61c5f2e46e276d384b2664fd08bf26710e6af4a6018e89ca6715e8,AIR INDIA,MAA,DEL,2026-04-20 10:19:41.704,2026-04-20 12:46:41.704,147.0,0.0,2h 27m,MAA to DEL,0.0,Morning (09-12),,,,54,46-60,F,S***,V***
B1181,P1533,SJ002,2026-03-29 11:37:36.951,CANCELLED,9a628f5d38b516ab53404358f82a2cc16eac7c7a8abc8dd7084a6352cc9bcbdf,12E,I***,0872fddf6402d048cc403c1c4aecbf86c0a3459f8a42f4e67953d1256e4cd497,SPICEJET,DEL,BOM,2026-04-20 07:54:41.701,2026-04-20 12:40:41.701,286.0,0.0,4h 46m,DEL to BOM,1.0,Early Morning (05-09),,,,49,46-60,F,A***,V***
B1182,P1727,AI044,2025-08-11 11:37:36.951,CANCELLED,b811752e2a58980afbc0c949571a7fa430429d548c9916e437c90b514b572da4,3A,M***,1805693862f92ca6aac2fbc7794ab47fbf754292c2009aaf9b6c46fa6cc3532d,Air India,MAA,BLR,2026-04-20 09:03:41.701,2026-04-20 12:36:41.701,213.0,0.0,3h 33m,MAA to BLR,0.0,Morning (09-12),PAY1275,9005.88,UPI,34,31-45,M,A***,d***
B1183,P1618,UK076,2025-06-22 11:37:36.951,CANCELLED,63230b728f05cbf533faff1f64e93561d86d42d0f9258d0ce73e9b511c409f85,8C,G***,7647f1e018c85a9d1979fe62900ee04dc1fa90c4c468e6d067b66f32174f4fc3,VISTARA,MAA,CCU,2026-04-20 08:03:41.702,2026-04-20 12:26:41.702,263.0,0.0,4h 23m,MAA to CCU,1.0,Early Morning (05-09),,,,38,31-45,F,I***,S***
B1184,P1108,6F232,2025-08-01 11:37:36.951,PENDING,eaf55fb91b02fdf9c2a6d8dd73319d19afc3fb2d2b8d33bad79c951560288b6b,28E,J***,28921402a8f85f5b289a89c1b82801156efa9603ec06c0a38b3b77515f2871c1,INDIGO,MAA,BLR,2026-04-20 10:39:41.704,2026-04-20 12:22:41.704,103.0,0.0,1h 43m,MAA to BLR,0.0,Morning (09-12),,,,8,Under 18,M,I***,K***
B1185,P1371,SJ228,2025-08-16 11:37:36.951,CANCELLED,52ac20381973aa5e8d20670af70ac79144bc16951210e7a20888bfc96ee734ec,25E,P***,d78d29fda2fef13195ed5e36a6582f4c60772e76440c409b411e1dc711e07cae,SPICEJET,BOM,CCU,2026-04-20 08:29:41.704,2026-04-20 12:16:41.704,227.0,0.0,3h 47m,BOM to CCU,1.0,Early Morning (05-09),PAY1152,13080.31,CARD,8,Under 18,M,D***,J***
B1186,P1356,SJ074,2026-04-04 11:37:36.951,CONFIRMED,324d1dc1262d751b7bc2c405ee1483b7de46ab3f4c1520a00ceaf8f4c7fc8605,1B,B***,ad577ee86f011072a63a26299f966982f6ce4472c3cf704f4840aa710e56c359,SPICEJET,DEL,CCU,2026-04-20 11:21:41.701,2026-04-20 12:02:41.701,41.0,0.0,0h 41m,DEL to CCU,0.0,Morning (09-12),,,,48,46-60,F,A***,R***
B1187,P1180,UK229,2025-08-04 11:37:36.951,PENDING,5521b7687215df1e2d0d41e55744f5557390b02b1a1639b354f6adcfdbdbb286,7F,R***,0245c2b1baab60316b7adb142af5e0688e57bc0213d388abe265064fce40ff1d,Vistara,HYD,DEL,2026-04-20 07:40:41.704,2026-04-20 11:57:41.704,257.0,0.0,4h 17m,HYD to DEL,1.0,Early Morning (05-09),PAY1031,6625.76,NETBANKING,9,Under 18,F,A***,G***
B1188,P1355,AI208,2026-04-04 11:37:36.951,CONFIRMED,e35fc4ec73bf27e6fdc43788c49025a9a63e68821878f40d76b747b6ffe38da8,6A,D***,d771b2fba035a9c413e7dcf85f24b624793caabe27b94808ea750893c0c53df2,AIR INDIA,BLR,BOM,2026-04-20 08:38:41.703,2026-04-20 11:52:41.703,194.0,0.0,3h 14m,BLR to BOM,0.0,Early Morning (05-09),,,,43,31-45,F,I***,I***
B1189,P1675,AI019,2025-11-23 11:37:36.951,CONFIRMED,9cbf32059bf2af38b8bcde11c5cf6c324e578a75b4afb52521ff60d3121028ef,14F,Y***,b37b4a45302c476d565cadc1f6982c7e1f5398d32c327bd48252f3dcdb6e54af,AIR INDIA,BOM,CCU,2026-04-20 10:49:41.701,2026-04-20 11:51:41.701,62.0,0.0,1h 2m,BOM to CCU,0.0,Morning (09-12),,,,6,Under 18,F,M***,D***
B1190,P1067,6F029,2025-05-23 11:37:36.951,PENDING,3219b6d30fb695605cf9e699fec60145c325b688b913a502447bdbc401e87428,12B,L***,152b76cc3e6328052956c445ab1261ab613bc6c7ef4abcbbfff9d89debbcb8ad,INDIGO,BOM,BLR,2026-04-20 07:31:41.701,2026-04-20 11:45:41.701,254.0,0.0,4h 14m,BOM to BLR,1.0,Early Morning (05-09),,,,6,Under 18,F,R***,P***
B1191,P1291,6F018,2025-04-27 11:37:36.951,CONFIRMED,980db990bfe10cf1b1762d215705e98e11efd18ee59b68a205a43a1383d0cb1b,25B,A***,216e62c65c87e9af2991c473fca6506da8f6fa5136f35c9c62d5a4d78df78508,INDIGO,DEL,BLR,2026-04-20 10:57:41.701,2026-04-20 11:43:41.701,46.0,0.0,0h 46m,DEL to BLR,0.0,Morning (09-12),,,,48,46-60,M,A***,V***
B1192,P1691,AI059,2025-06-23 11:37:36.951,CANCELLED,2824884ac618435a57c25f8508a0b216615aa7f9c478c2aa7f22cbc225b08f0f,7D,R***,2c6c3fbbef1e02eac24afd4d9bb9ea83978fb0eec1107425d72c6710aa9e94c0,AIR INDIA,CCU,DEL,2026-04-20 09:16:41.701,2026-04-20 11:43:41.701,147.0,0.0,2h 27m,CCU to DEL,0.0,Morning (09-12),,,,26,18-30,M,V***,A***
B1193,P1180,AI159,2025-05-22 11:37:36.951,PENDING,e676cc3ee204dab7225172ebc38746b3f177e2f63583e3ecaf16e2723ad3f0de,13D,Z***,41e1dc59d93f5e0db270a288094f98d3171a9bf0ffc5d644d8beafa3b62feb4c,AIR INDIA,HYD,BLR,2026-04-20 09:23:41.703,2026-04-20 11:36:41.703,133.0,0.0,2h 13m,HYD to BLR,0.0,Morning (09-12),,,,9,Under 18,F,A***,G***
B1194,P1465,6F091,2025-07-11 11:37:36.951,CONFIRMED,046d99b9bd36f6e9c1ae86ecc047fda83fc0dffca1c808e83bd7f7870bdf59ab,14F,R***,c6bd7e150d1fdb83514760457e2add6e73d250df27cfc7dd8f1f7db086d89f5c,INDIGO,BLR,CCU,2026-04-20 10:10:41.702,2026-04-20 11:36:41.702,86.0,0.0,1h 26m,BLR to CCU,0.0,Morning (09-12),,,,24,18-30,M,V***,C***
B1195,P1433,6F084,2025-07-20 11:37:36.951,CANCELLED,4ce0710655aceb4aebc61d6bd14d06e94e0955cca73b9ccc16dfb77925c801f0,10B,R***,fdc4f389c2acbb90af7f941d4d3502537432e37d9f76b5ecedda702996ea9af9,INDIGO,CCU,HYD,2026-04-20 10:34:41.702,2026-04-20 11:34:42.000,60.0,0.0,1h 0m,CCU to HYD,0.0,Morning (09-12),PAY1351,13205.17,UPI,22,18-30,F,R***,N***
B1195,P1433,6F084,2025-07-20 11:37:36.951,CANCELLED,4ce0710655aceb4aebc61d6bd14d06e94e0955cca73b9ccc16dfb77925c801f0,10B,R***,fdc4f389c2acbb90af7f941d4d3502537432e37d9f76b5ecedda702996ea9af9,INDIGO,CCU,HYD,2026-04-20 10:34:41.702,2026-04-20 11:34:42.000,60.0,0.0,1h 0m,CCU to HYD,0.0,Morning (09-12),PAY1618,6019.11,CARD,22,18-30,F,R***,N***
B1196,P1463,UK170,2026-01-15 11:37:36.951,CANCELLED,8a5fcd16de6889991bfe61de3c272a3616b7351281c434fe5c69c50902f46d6e,20C,G***,6b4ff8037d605084d4ef8c70fb3bc34c4795eea18661f374a088b9fecb47fb08,VISTARA,BOM,BLR,2026-04-20 09:42:41.703,2026-04-20 11:32:41.703,110.0,0.0,1h 50m,BOM to BLR,0.0,Morning (09-12),,,,4,Under 18,F,V***,G***
B1197,P1680,UK212,2025-05-19 11:37:36.951,CONFIRMED,d283030d15266ae9fa8eb625964dbfbfbd92150e445906339a863df58634422f,2E,J***,16b272397a0c8820ee8a84a1062a230b81a0b89f7f7e37d1f2a00d30aa4d4a3f,VISTARA,HYD,MAA,2026-04-20 10:46:41.704,2026-04-20 11:31:41.704,45.0,0.0,0h 45m,HYD to MAA,0.0,Morning (09-12),PAY1227,8876.86,CARD,66,60+,M,I***,I***
B1198,P1913,SJ022,2025-06-16 11:37:36.951,INVALID,ac3fe184dc477fe210a1a13d678406b18c2ee0345fde016e3583638208d8d21b,29A,Y***,b4f1f5bbe417e792f890ec7fe8c8bf393d52feab39180dd8233e81546a2ecdba,SPICEJET,DEL,BLR,2026-04-20 07:56:41.701,2026-04-20 11:07:41.701,191.0,0.0,3h 11m,DEL to BLR,0.0,Early Morning (05-09),PAY1193,1830.32,CARD,66,60+,F,A***,N***
B1199,P1533,SJ075,2025-12-13 11:37:36.951,PENDING,189723f36fd768b0e06a13d49c88abcf00241c3d63c7830b18afd487311684f5,30E,N***,602ad984ca46b2c1d2b4ac228722de7859da5ca893b1b46f4cadfb66218c3db0,SPICEJET,MAA,BLR,2026-04-20 09:26:41.701,2026-04-20 11:03:41.701,97.0,0.0,1h 37m,MAA to BLR,0.0,Morning (09-12),PAY1035,12300.69,NETBANKING,49,46-60,F,A***,V***
B1199,P1533,SJ075,2025-12-13 11:37:36.951,PENDING,189723f36fd768b0e06a13d49c88abcf00241c3d63c7830b18afd487311684f5,30E,N***,602ad984ca46b2c1d2b4ac228722de7859da5ca893b1b46f4cadfb66218c3db0,SPICEJET,MAA,BLR,2026-04-20 09:26:41.701,2026-04-20 11:03:41.701,97.0,0.0,1h 37m,MAA to BLR,0.0,Morning (09-12),PAY1363,1198.83,CARD,49,46-60,F,A***,V***
B1200,P1065,UK177,2025-09-17 11:37:36.951,CONFIRMED,4a6b619b8ed15bd9b9030d982765e9b8b6967eb261725925001f32b96cab7206,16B,N***,3c66f755c52778bb5268b5927031902bba2e7880fdefba80ea00e6e41f2c3f3c,VISTARA,DEL,HYD,2026-04-20 06:21:41.703,2026-04-20 10:50:41.703,269.0,0.0,4h 29m,DEL to HYD,1.0,Early Morning (05-09),PAY1492,10067.38,NETBANKING,4,Under 18,F,I***,K***
B1200,P1065,UK177,2025-09-17 11:37:36.951,CONFIRMED,4a6b619b8ed15bd9b9030d982765e9b8b6967eb261725925001f32b96cab7206,16B,N***,3c66f755c52778bb5268b5927031902bba2e7880fdefba80ea00e6e41f2c3f3c,VISTARA,DEL,HYD,2026-04-20 06:21:41.703,2026-04-20 10:50:41.703,269.0,0.0,4h 29m,DEL to HYD,1.0,Early Morning (05-09),PAY1529,14034.27,CARD,4,Under 18,F,I***,K***
B1200,P1065,UK177,2025-09-17 11:37:36.951,CONFIRMED,4a6b619b8ed15bd9b9030d982765e9b8b6967eb261725925001f32b96cab7206,16B,N***,3c66f755c52778bb5268b5927031902bba2e7880fdefba80ea00e6e41f2c3f3c,VISTARA,DEL,HYD,2026-04-20 06:21:41.703,2026-04-20 10:50:41.703,269.0,0.0,4h 29m,DEL to HYD,1.0,Early Morning (05-09),PAY1883,6711.92,NETBANKING,4,Under 18,F,I***,K***
B1201,P1020,UK206,2026-02-01 11:37:36.951,CANCELLED,9a9c632c0234928dec9dc79bfc93f8b51ca8901c07304ef3a673aba276258984,3A,J***,9948409e919a9211a905bbffac934f701e7a459eef9795ee0b7519364a528e4b,VISTARA,MAA,BLR,2026-04-20 06:01:41.703,2026-04-20 10:34:41.703,273.0,0.0,4h 33m,MAA to BLR,1.0,Early Morning (05-09),PAY1845,7338.75,CARD,60,46-60,M,A***,K***
B1202,P1611,UK079,2025-04-29 11:37:36.951,CANCELLED,9a11f72320ff58efd330ba56e48cd07913bd6820a2fb134b593ccf80251884a0,29C,O***,5dcff7b8d356ee56aa1fad46a806dca359724810363303444614edb41118491a,VISTARA,DEL,BLR,2026-04-20 06:43:41.702,2026-04-20 10:34:41.702,231.0,0.0,3h 51m,DEL to BLR,1.0,Early Morning (05-09),PAY1223,1973.12,UPI,3,Under 18,F,S***,B***
B1203,P1383,UK040,2025-06-21 11:37:36.951,CONFIRMED,613e8825c1111a7f11e60c958fdf3b46174326dac12b5e883ab5297832c6d83d,3B,O***,fb1c3db68c574f6c4b37b837ba8052d3346703fe6a0fbcab7c88fc727e907890,VISTARA,HYD,CCU,2026-04-20 09:15:41.701,2026-04-20 10:32:41.701,77.0,0.0,1h 17m,HYD to CCU,0.0,Morning (09-12),PAY1022,12774.63,NETBANKING,25,18-30,M,A***,N***
B1204,P1811,AI034,2025-07-25 11:37:36.951,CONFIRMED,107e00440dd5eb33f5af5d5577279d6084ed4e0bf682abf6d254fecff49992f7,30A,N***,120dd0722e47e8cce7298b4f91ec0827a6a36403079d29c999796885c05adde9,AIR INDIA,DEL,BOM,2026-04-20 05:48:41.701,2026-04-20 10:31:41.701,283.0,0.0,4h 43m,DEL to BOM,1.0,Early Morning (05-09),PAY1814,14106.07,CARD,12,Under 18,F,M***,B***
B1205,P1614,UK034,2025-10-18 11:37:36.951,CONFIRMED,b017feabfd0731ba2b9f4ad201c3af15bc98947af5841111c00312dd499cf48c,23F,D***,d380573a6bca05d9169eb7abd44069b62019bbff6beaff4e413ea1f8f472c103,VISTARA,DEL,BLR,2026-04-20 06:47:41.701,2026-04-20 10:11:41.701,204.0,0.0,3h 24m,DEL to BLR,0.0,Early Morning (05-09),PAY1888,10452.65,UPI,63,60+,F,A***,R***
B1206,P1558,AI088,2025-07-02 11:37:36.951,CONFIRMED,2d50b2b0fd68ee85d94392a40d222145af32299ef8ec6463750c16b0053357a8,13A,S***,80c0fb94291ce648995674b3515f99094ca4338870e99d88d411bdb35ac06471,Air India,MAA,DEL,2026-04-20 06:34:41.702,2026-04-20 10:10:41.702,216.0,0.0,3h 36m,MAA to DEL,1.0,Early Morning (05-09),,,,39,31-45,M,D***,J***
B1207,P1038,AI128,2025-06-11 11:37:36.951,PENDING,7332ee6876970e8a72dfd52a20884421181c9157c6875858a48bd5c46cae59c6,26A,E***,f82de738939cf05bca71a55209149a5f1bacad70dbe3c42820e4404d6877f193,,,,,,,,,,,,PAY1191,10823.99,CARD,55,46-60,M,I***,P***
B1208,P1284,SJ052,2025-07-22 11:37:36.951,INVALID,572bad43a15b5c73da823e2122d191f2d4b96e8262d04e813336db1167e0f835,9A,R***,14829f4af73b68e7464f5446ef64702768af2e302fe81bcab73d14574661e20f,SPICEJET,MAA,BLR,2026-04-20 08:20:41.701,2026-04-20 09:57:41.701,97.0,0.0,1h 37m,MAA to BLR,0.0,Early Morning (05-09),PAY1706,9105.12,NETBANKING,61,60+,M,V***,M***
B1208,P1284,SJ052,2025-07-22 11:37:36.951,INVALID,572bad43a15b5c73da823e2122d191f2d4b96e8262d04e813336db1167e0f835,9A,R***,14829f4af73b68e7464f5446ef64702768af2e302fe81bcab73d14574661e20f,SPICEJET,MAA,BLR,2026-04-20 08:20:41.701,2026-04-20 09:57:41.701,97.0,0.0,1h 37m,MAA to BLR,0.0,Early Morning (05-09),PAY1928,12966.45,CARD,61,60+,M,V***,M***
B1209,P1821,AI233,2025-12-15 11:37:36.951,PENDING,42ff34b0e1bde4155fb1eafc98274d22856e7dfa304dc3c149bde54141489de6,3A,T***,3a50a2c01f7d5543ab3f76f48c066bf21ebfe7c2ba5164fa2a22a3717a62d228,AIR INDIA,BLR,BOM,2026-04-20 08:04:41.704,2026-04-20 09:52:41.704,108.0,0.0,1h 48m,BLR to BOM,0.0,Early Morning (05-09),PAY1168,10307.2,NETBANKING,86,60+,M,A***,P***
B1210,P1601,AI012,2026-01-20 11:37:36.951,PENDING,1ac349f35ef913616f980dcf5f887d6e6f0215c50b5072eaac6db34e8504685d,3C,U***,e25152f9e2a0b8a3769ea776220cefaa2d126caa0dffe3f747cc0620f308f917,AIR INDIA,BOM,CCU,2026-04-20 05:44:41.701,2026-04-20 09:47:41.701,243.0,0.0,4h 3m,BOM to CCU,1.0,Early Morning (05-09),,,,39,31-45,M,K***,N***
B1211,P1596,AI084,2025-07-07 11:37:36.951,CONFIRMED,e3a4bb6e2222e570a272115d8d3c6bd54f533f1758a068768b34b449891843a4,34A,F***,ffd7f611eb67cfa5a508e28b42b7e25fb87e20754f6096b945b35585ab0566d5,AIR INDIA,BOM,HYD,2026-04-20 08:31:41.702,2026-04-20 09:46:41.702,75.0,0.0,1h 15m,BOM to HYD,0.0,Early Morning (05-09),,,,61,60+,M,V***,D***
B1212,P1784,6F126,2025-07-08 11:37:36.951,PENDING,05d82d2154e06ea3bbad559f151b9a885315955abdf07dfd5ed9f9cd02dbd69c,34B,Y***,836dcdb8f5fca7b27c93f48bbe29ce1e7d979866cff080c605dc4ee3985091d1,INDIGO,CCU,MAA,2026-04-20 08:21:41.702,2026-04-20 09:39:41.702,78.0,0.0,1h 18m,CCU to MAA,0.0,Early Morning (05-09),PAY1113,8421.62,NETBANKING,55,46-60,F,I***,K***
B1213,P1335,SJ061,2025-06-16 11:37:36.951,CONFIRMED,a18ed85ee7f719f6b8ec93ee663e0f410cffb9b38d44eb3bb75a07d2a483a4c6,2E,G***,8a9366660419aae00ac3f0ead759ca2a08c740d85d0dfd81a076279504033ad6,SPICEJET,MAA,BLR,2026-04-20 06:38:41.701,2026-04-20 09:35:41.701,177.0,0.0,2h 57m,MAA to BLR,0.0,Early Morning (05-09),,,,87,60+,F,A***,P***
B1214,P1187,UK194,2025-08-14 11:37:36.951,NAN,2213efdd808b0f345cf812597df318ba25c3c410a4e2cdaa5ad0bc1998b1bc33,23B,D***,3cac2a34566b3c7c5e0ac8ed446d84fb9a64b98d6edbca3e07023ea8d0f9a0be,VISTARA,CCU,BOM,2026-04-20 08:26:41.703,2026-04-20 09:26:42.000,60.0,0.0,1h 0m,CCU to BOM,0.0,Early Morning (05-09),,,,59,46-60,F,A***,D***
B1215,P1670,AI135,2025-08-08 11:37:36.951,CANCELLED,e645b3cdabfbdc5700fc8ab1df203293ebabc06a765ea7057c996956fe6e9176,28C,R***,c3da5283eacd2d6b9686990c58599fc0d4618b4002c594e7c57a6194563039e5,AIR INDIA,BLR,BOM,2026-04-20 06:40:41.702,2026-04-20 09:21:41.702,161.0,0.0,2h 41m,BLR to BOM,0.0,Early Morning (05-09),PAY1216,9065.13,NETBANKING,77,60+,M,A***,B***
B1215,P1670,AI135,2025-08-08 11:37:36.951,CANCELLED,e645b3cdabfbdc5700fc8ab1df203293ebabc06a765ea7057c996956fe6e9176,28C,R***,c3da5283eacd2d6b9686990c58599fc0d4618b4002c594e7c57a6194563039e5,AIR INDIA,BLR,BOM,2026-04-20 06:40:41.702,2026-04-20 09:21:41.702,161.0,0.0,2h 41m,BLR to BOM,0.0,Early Morning (05-09),PAY1228,2886.02,NETBANKING,77,60+,M,A***,B***
B1216,P1242,6F238,2025-12-09 11:37:36.951,CONFIRMED,3fc2271b693160b874ba27d51fb82d293fe9921516200a376dc75b91e4f22b13,10A,A***,365a80396283e7a2ed9efd85c2a9f443d7f6033f9230f8798adb7f3f95ec4e29,INDIGO,BOM,DEL,2026-04-20 08:31:41.704,2026-04-20 09:19:41.704,48.0,0.0,0h 48m,BOM to DEL,0.0,Early Morning (05-09),PAY1346,1149.69,CARD,82,60+,M,I***,N***
B1216,P1242,6F238,2025-12-09 11:37:36.951,CONFIRMED,3fc2271b693160b874ba27d51fb82d293fe9921516200a376dc75b91e4f22b13,10A,A***,365a80396283e7a2ed9efd85c2a9f443d7f6033f9230f8798adb7f3f95ec4e29,INDIGO,BOM,DEL,2026-04-20 08:31:41.704,2026-04-20 09:19:41.704,48.0,0.0,0h 48m,BOM to DEL,0.0,Early Morning (05-09),PAY1530,12779.83,UPI,82,60+,M,I***,N***
B1216,P1242,6F238,2025-12-09 11:37:36.951,CONFIRMED,3fc2271b693160b874ba27d51fb82d293fe9921516200a376dc75b91e4f22b13,10A,A***,365a80396283e7a2ed9efd85c2a9f443d7f6033f9230f8798adb7f3f95ec4e29,INDIGO,BOM,DEL,2026-04-20 08:31:41.704,2026-04-20 09:19:41.704,48.0,0.0,0h 48m,BOM to DEL,0.0,Early Morning (05-09),PAY1878,5236.29,NETBANKING,82,60+,M,I***,N***
B1217,P1072,6F092,2026-03-19 11:37:36.951,CANCELLED,1c8daecc93360cb72c750c092c81c66e32b023f8e18a48d28e3c15b0222e7775,32C,Y***,a64eb14f63977ad8ac748e2aca26a0fcc84b3046ac2f48caf57ef004ccafc044,INDIGO,MAA,BLR,2026-04-20 08:39:41.702,2026-04-20 09:15:41.702,36.0,0.0,0h 36m,MAA to BLR,0.0,Early Morning (05-09),,,,18,18-30,M,K***,B***
B1218,P1478,AI213,2025-11-13 11:37:36.951,PENDING,82b612f78ff60e0d2827480f0fab293de3912111252d48ff9220004fe4db47ce,2D,E***,b5badb92894208de01d1dc3ae1ed7d7d79c63933e0b9abc0d5a4ea8c3ce207a5,AIR INDIA,HYD,CCU,2026-04-20 08:03:41.703,2026-04-20 09:14:41.703,71.0,0.0,1h 11m,HYD to CCU,0.0,Early Morning (05-09),,,,43,31-45,M,M***,K***
B1219,P1973,UK193,2026-02-15 11:37:36.951,CANCELLED,00eb8b4e1045a58b74d7e4d1e2a6b86cb46768ea2e0471108aed9f78c3f146b1,1B,O***,61c4b14f8c65949339f6a3f0fdc27df73405761cb6241aa959d2e7db11460dce,VISTARA,HYD,DEL,2026-04-20 08:39:41.703,2026-04-20 09:14:41.703,35.0,0.0,0h 35m,HYD to DEL,0.0,Early Morning (05-09),,,,40,31-45,F,K***,M***
B1220,P1560,6F178,2026-04-04 11:37:36.951,PENDING,65aa65cfbf2804f562649a28f0d4586e1b973f122778a00c9958803a74441497,29C,L***,8c6281c734da1b0855e578b1eb4f3bff90b005c93822f16d7ba0ba71c91bb3e6,INDIGO,BOM,CCU,2026-04-20 04:48:41.703,2026-04-20 09:11:41.703,263.0,0.0,4h 23m,BOM to CCU,1.0,Night (21-05),PAY1172,11075.72,UPI,5,Under 18,M,M***,J***
B1221,P1100,AI158,2026-03-06 11:37:36.951,CONFIRMED,1a27b422d2132491f302e3f7a0c779742d77223a6f917b8533642a11b026bfb9,19D,M***,e2d57162294a2db92b18573e703de921faceba9d0749c341344189b5576829b1,AIR INDIA,CCU,DEL,2026-04-20 06:04:41.703,2026-04-20 09:01:41.703,177.0,0.0,2h 57m,CCU to DEL,0.0,Early Morning (05-09),PAY1094,13658.68,UPI,9,Under 18,M,M***,J***
B1221,P1100,AI158,2026-03-06 11:37:36.951,CONFIRMED,1a27b422d2132491f302e3f7a0c779742d77223a6f917b8533642a11b026bfb9,19D,M***,e2d57162294a2db92b18573e703de921faceba9d0749c341344189b5576829b1,AIR INDIA,CCU,DEL,2026-04-20 06:04:41.703,2026-04-20 09:01:41.703,177.0,0.0,2h 57m,CCU to DEL,0.0,Early Morning (05-09),PAY1134,5138.43,UPI,9,Under 18,M,M***,J***
B1222,P1513,UK208,2026-03-30 11:37:36.951,PENDING,7884dcad6ad669c18a4a3c8ae2e4f364653dc00ae760fff9a4e12a633bd93ca3,8A,M***,f3052f0edbdb98c754eeb08c83f073b33a6813a6442638dff2d3887e55b750da,VISTARA,DEL,CCU,2026-04-20 03:54:41.704,2026-04-20 08:51:41.704,297.0,0.0,4h 57m,DEL to CCU,1.0,Night (21-05),,,,36,31-45,M,M***,K***
B1223,P1755,6F056,2026-04-09 11:37:36.951,NAN,3553667e4b0b9033ad4a56017ca90edca36eff83f083807a8972eccf62781ddc,15A,H***,28bc3e086b358953796a4324d9fc36cebc426078a23f7c780331f91c0394dd43,INDIGO,BOM,MAA,2026-04-20 07:00:41.701,2026-04-20 08:49:41.701,109.0,0.0,1h 49m,BOM to MAA,0.0,Early Morning (05-09),PAY1159,1794.08,UPI,79,60+,M,R***,V***
B1224,P1175,UK185,2025-10-26 11:37:36.951,CONFIRMED,1835fd519535a9739609704154100ffe04cc78a5291454a1709435954425cc26,1E,T***,d74cc2d9ca30e931787ac00605437092569516f81fec452f0f8eb95284c8f2a1,VISTARA,DEL,MAA,2026-04-20 07:31:41.703,2026-04-20 08:48:41.703,77.0,0.0,1h 17m,DEL to MAA,0.0,Early Morning (05-09),,,,77,60+,F,M***,M***
B1225,P1237,AI163,2026-01-13 11:37:36.951,PENDING,b7fd88c5f72b941bd243e814f4ee61095020d15be87cdb721a6bcbbf400a9991,4D,Z***,2abe7494f4bcf008317d0a951f635048c9f292fac2b91ba15e4885e16607ab89,AIR INDIA,HYD,MAA,2026-04-20 07:45:41.703,2026-04-20 08:46:41.703,61.0,0.0,1h 1m,HYD to MAA,0.0,Early Morning (05-09),PAY1480,3894.65,CARD,71,60+,F,I***,K***
B1226,P1909,AI112,2025-08-23 11:37:36.951,CONFIRMED,e2b801a815ecb551249d9badbfb8e4e28cb5aed789ce2e60a558b4e7873a3780,15C,C***,c2acaf1f0a4e7ccdb44ec4ccfa438a888dd5cfe18bb6794576614149b1cb10a3,AIR INDIA,DEL,BLR,2026-04-20 04:41:41.702,2026-04-20 08:24:41.702,223.0,0.0,3h 43m,DEL to BLR,1.0,Night (21-05),PAY1730,8968.11,NETBANKING,6,Under 18,M,A***,C***
B1227,P1058,AI227,2025-10-23 11:37:36.951,CANCELLED,639396b1a8a3ef265844a56bf9a7341413722bfe8cde5a50dd8aef6734fca9c6,12A,J***,1fccc028fec93628aa0615cc2708ba0586352703f055ec6b8e7d68125df5ad55,AIR INDIA,BLR,MAA,2026-04-20 04:31:41.703,2026-04-20 08:17:41.703,226.0,0.0,3h 46m,BLR to MAA,0.0,Night (21-05),,,,8,Under 18,F,D***,M***
B1228,P1864,SJ083,2026-04-17 11:37:36.951,CONFIRMED,06f36e74a35fd99a604d3a15c2694e8f3dc6694ac94c612fed353bf5a0347a4b,29D,K***,9e61f4d9a84960a54d1ca0bc65856bb4421a44765aba227a1ee4290fafa6dd76,SPICEJET,MAA,BLR,2026-04-20 05:13:41.702,2026-04-20 08:17:41.702,184.0,0.0,3h 4m,MAA to BLR,0.0,Early Morning (05-09),PAY1859,4629.36,CARD,84,60+,M,A***,S***
B1228,P1864,SJ083,2026-04-17 11:37:36.951,CONFIRMED,06f36e74a35fd99a604d3a15c2694e8f3dc6694ac94c612fed353bf5a0347a4b,29D,K***,9e61f4d9a84960a54d1ca0bc65856bb4421a44765aba227a1ee4290fafa6dd76,SPICEJET,MAA,BLR,2026-04-20 05:13:41.702,2026-04-20 08:17:41.702,184.0,0.0,3h 4m,MAA to BLR,0.0,Early Morning (05-09),PAY1910,7087.22,UPI,84,60+,M,A***,S***
B1229,P1098,UK073,2026-02-07 11:37:36.951,CONFIRMED,a5c095e6008cf1f5f4308e66e60a2d716c0fe7acb56eedc848caf974ed8043a2,13F,E***,b2dfb3091d3219dc69e781e79cdfab73ee40fc0fd19a8bb1284d8a442af5da4c,VISTARA,BLR,CCU,2026-04-20 03:59:41.702,2026-04-20 08:09:41.702,250.0,0.0,4h 10m,BLR to CCU,1.0,Night (21-05),,,,89,60+,F,R***,C***
B1230,P1953,6F169,2025-04-29 11:37:36.951,PENDING,858c657107ed7bfac1885df3b3cadae7ce70e7a3a84090f3a6958d79590d0870,6C,Y***,97455526df0c13a393274bb663e17aa61f33210c6dc6c779a85243d53642fdd3,INDIGO,BOM,DEL,2026-04-20 03:27:41.703,2026-04-20 08:06:41.703,279.0,0.0,4h 39m,BOM to DEL,1.0,Night (21-05),PAY1358,4531.77,CARD,73,60+,F,K***,I***
B1231,P1870,UK154,2026-04-06 11:37:36.951,CANCELLED,9b02c74373ad629e3de2e0b7bd5d78cde1ea37cb43a625106496782825f08dfd,27D,S***,a288cb473dda1839624544a56fcda3a3b6664c7c5a508aaf8a2dbe85f27e813d,VISTARA,MAA,HYD,2026-04-20 04:00:41.703,2026-04-20 07:57:41.703,237.0,0.0,3h 57m,MAA to HYD,1.0,Night (21-05),PAY1129,6547.3,UPI,86,60+,F,R***,P***
B1231,P1870,UK154,2026-04-06 11:37:36.951,CANCELLED,9b02c74373ad629e3de2e0b7bd5d78cde1ea37cb43a625106496782825f08dfd,27D,S***,a288cb473dda1839624544a56fcda3a3b6664c7c5a508aaf8a2dbe85f27e813d,VISTARA,MAA,HYD,2026-04-20 04:00:41.703,2026-04-20 07:57:41.703,237.0,0.0,3h 57m,MAA to HYD,1.0,Night (21-05),PAY1175,5009.12,UPI,86,60+,F,R***,P***
B1232,P1953,SJ169,2025-10-06 11:37:36.951,CONFIRMED,1ae37a10c709d4ace489fc079f22781c59a4a1da7df3d1b2ae6ca643cfc9f333,32F,V***,8637028a8dd0cdef3525b38be24c4f434e69ea514066f787980cec78bf81b7af,SPICEJET,BOM,MAA,2026-04-20 03:10:41.703,2026-04-20 07:56:41.703,286.0,0.0,4h 46m,BOM to MAA,1.0,Night (21-05),,,,73,60+,F,K***,I***
B1233,P1494,6F187,2025-05-13 11:37:36.951,CANCELLED,2dc25421dcc76c56f0403e8bdbdd00a1b976d928f6c1a700119442f674bf1e82,5F,A***,7a205f94f6ae51693d28225cac35b1f97f41ea023b2f51894f52d4bafe7bd005,INDIGO,BOM,MAA,2026-04-20 03:19:41.703,2026-04-20 07:37:41.703,258.0,0.0,4h 18m,BOM to MAA,1.0,Night (21-05),PAY1325,1617.29,NETBANKING,81,60+,F,K***,C***
B1234,P1946,UK210,2025-11-21 11:37:36.951,CANCELLED,7a6e9a6989abb42e4639fcdf6dd5437c366a5cfc6e62584957fc4bfd7224a972,33A,A***,a0ac7814922c6613a4289ba42dada974164768d010b1797c04d062e97dca7f66,VISTARA,DEL,CCU,2026-04-20 06:35:41.704,2026-04-20 07:30:41.704,55.0,0.0,0h 55m,DEL to CCU,0.0,Early Morning (05-09),PAY1102,7984.22,CARD,2,Under 18,M,A***,M***
B1235,P1979,6F250,2025-12-23 11:37:36.951,PENDING,aadc94234af5bae0904f70af71f64539b8154b55f7d977efce17a8ef70286914,13D,V***,afa1f79335ce512763de667d74a507cd613f21257e5d86633afa1199ff5d48c1,IndiGo,DEL,BLR,2026-04-20 03:26:41.701,2026-04-20 07:30:41.701,244.0,0.0,4h 4m,DEL to BLR,1.0,Night (21-05),PAY1866,1236.74,CARD,11,Under 18,M,K***,G***
B1236,P1513,AI062,2025-07-05 11:37:36.951,CONFIRMED,532e90426141c53c9fc1e0f021c902679e652e09754b866daf448e25c3595ea2,25A,A***,4c76a3f844751f85ce13b03fd87e1fea8005cfeadc4012da2931823d273c10f2,AIR INDIA,MAA,DEL,2026-04-20 06:49:41.701,2026-04-20 07:25:41.701,36.0,0.0,0h 36m,MAA to DEL,0.0,Early Morning (05-09),,,,36,31-45,M,M***,K***
B1237,P1754,AI047,2025-11-16 11:37:36.951,NAN,0e0172b39f77234c40c049f986bce8727d79eefd3b2f55224a7a3776d0579710,15B,F***,4c4bf497e3c8c52a4d13747be80f54063215ae86576226a8991d23c2a52c838e,,,,,,,,,,,,,,,30,18-30,M,A***,G***
B1238,P1296,SJ186,2025-10-20 11:37:36.951,NAN,80e411002ba84e19a9f72edce5614b4774332dc2bfeacf9af6a1ccccf5071ab4,8E,W***,039879a6b1af03797951eb1e790b799fe36ead92d24857caa783181b79040733,SPICEJET,CCU,DEL,2026-04-20 05:11:41.703,2026-04-20 07:22:41.703,131.0,0.0,2h 11m,CCU to DEL,0.0,Early Morning (05-09),PAY1324,3231.46,UPI,17,Under 18,F,A***,J***
B1239,P1210,AI217,2025-11-17 11:37:36.951,CANCELLED,1f50c3fa42aad1bf639a7a6d073cd2fe372edd6d2184617dc34f3695d3872316,30A,G***,aecc305d946b6a9a8f104cd64f2e9b72fe5ce2a7aaed3bd241f8ef0af77256bf,AIR INDIA,CCU,BLR,2026-04-20 04:57:41.703,2026-04-20 07:14:41.703,137.0,0.0,2h 17m,CCU to BLR,0.0,Night (21-05),PAY1208,8821.9,UPI,32,31-45,F,S***,S***
B1240,P1122,UK100,2025-12-31 11:37:36.951,CONFIRMED,b896e3323bdb2d9ec836e2d119564a6d2116cdc4e517d6a5a337070ffa96e7af,17A,F***,21d507a2e1623bb0a5e4c223107dc15d870705572d91e3d224d48f7c5a11d315,VISTARA,CCU,BLR,2026-04-20 04:40:41.702,2026-04-20 07:12:41.702,152.0,0.0,2h 32m,CCU to BLR,0.0,Night (21-05),PAY1406,12241.53,UPI,23,18-30,M,A***,V***
B1241,P1228,UK116,2025-12-16 11:37:36.951,CONFIRMED,ddddfc04e3ff435eef618920e8335bbb7be67b91e6b7ce80f1109e14e4cc0df5,10A,M***,438469ced15615c1e0f32388c8d06910e125b13ea14ba95d8fa0474b587ea81f,VISTARA,CCU,BOM,2026-04-20 03:18:41.702,2026-04-20 07:06:41.702,228.0,0.0,3h 48m,CCU to BOM,1.0,Night (21-05),,,,80,60+,F,A***,I***
B1242,P1593,6F036,2025-12-01 11:37:36.951,CANCELLED,770046256800542b4ff1a06c93596e0459eb71df672c0317d67f616155fdffe6,26C,L***,c7e6f7ca0cabd3749385430174191389880ff0af122b1dc4e1d796e70b39187f,INDIGO,CCU,BLR,2026-04-20 02:14:41.701,2026-04-20 06:57:41.701,283.0,0.0,4h 43m,CCU to BLR,1.0,Night (21-05),,,,70,60+,F,M***,I***
B1243,P1655,AI175,2026-01-22 11:37:36.951,CANCELLED,01414f18a360db1178195bf70e6c379d655ecd2b25a608d5609a264f223863b0,29E,T***,b55d26095d4aa421676a3901f33c19f12b4c19ad66144fc1efcb5319ceb64b13,AIR INDIA,BOM,HYD,2026-04-20 03:08:41.703,2026-04-20 06:55:41.703,227.0,0.0,3h 47m,BOM to HYD,0.0,Night (21-05),,,,8,Under 18,M,A***,S***
B1244,P1387,UK051,2025-08-18 11:37:36.951,CONFIRMED,842a77f5ebed3e422b323f66a26284411c2a008ea9c36c13c4d92b5699a588d8,27D,O***,95b66c6a2a14f5e6617167698b5e16452d7d6fab5d55a26d58640b3cf45cc872,VISTARA,HYD,DEL,2026-04-20 03:55:41.701,2026-04-20 06:55:41.701,180.0,0.0,3h 0m,HYD to DEL,0.0,Night (21-05),PAY1248,4953.56,CARD,22,18-30,F,A***,S***
B1245,P1139,6F201,2026-04-17 11:37:36.951,NAN,ee8876ec1ec86d665a66787066028153a5e7b94e12f97223847810fd3ed0e0d6,26A,G***,a344ab36b722bedeaaf08716bd2340abe23b6c0d2ef2b81175e264d1c4b291aa,INDIGO,CCU,BOM,2026-04-20 02:09:41.703,2026-04-20 06:49:41.703,280.0,0.0,4h 40m,CCU to BOM,1.0,Night (21-05),PAY1639,3162.91,CARD,15,Under 18,F,A***,A***
B1246,P1540,6F230,2026-04-09 11:37:36.951,CONFIRMED,ba6605847936e1a4fb01595e643cddae87b497bde5197cc2c18afa6069820d9e,33B,O***,8195aa318748f86704aa1e7caa99cba8e78434a7d9628588a26dc93073964f2e,INDIGO,CCU,BLR,2026-04-20 03:34:41.704,2026-04-20 06:47:41.704,193.0,0.0,3h 13m,CCU to BLR,0.0,Night (21-05),PAY1784,11516.06,CARD,28,18-30,F,K***,K***
B1247,P1390,SJ138,2025-08-13 11:37:36.951,CANCELLED,835e7fa1c7bb3da5fd31ff6d43b14945cea3b726f639475f484ba80220f17326,15F,S***,018d41cc51153e97d71547faf40fec38fe909895a1e0c781d4ebfebc2b379944,,,,,,,,,,,,PAY1953,7658.69,CARD,86,60+,F,A***,M***
B1248,P1269,AI246,2026-03-04 11:37:36.951,PENDING,2e0701a3ba9fe14338637fc476c0002b3d45fa299ffcebd0a57df2cf3d54cbba,16B,L***,db548074f5ff55b41107906f14ec9774fd5218a93d8d47246777a013a0868d13,AIR INDIA,BOM,BLR,2026-04-20 03:22:41.704,2026-04-20 06:41:41.704,199.0,0.0,3h 19m,BOM to BLR,0.0,Night (21-05),,,,33,31-45,M,A***,V***
B1249,P1758,6F179,2025-06-06 11:37:36.951,CANCELLED,fabcaa49b5b60f25f6c17bb0e0eaeb884c395d71ee87e1adf22ddea0968697ca,26B,L***,2f4b03a33786291c8e6bc8496c6cdfc851f01ee839d3890137bfb79fd07829fb,INDIGO,HYD,MAA,2026-04-20 02:25:41.703,2026-04-20 06:40:41.703,255.0,0.0,4h 15m,HYD to MAA,1.0,Night (21-05),PAY1320,1969.22,UPI,52,46-60,M,S***,A***
B1249,P1758,6F179,2025-06-06 11:37:36.951,CANCELLED,fabcaa49b5b60f25f6c17bb0e0eaeb884c395d71ee87e1adf22ddea0968697ca,26B,L***,2f4b03a33786291c8e6bc8496c6cdfc851f01ee839d3890137bfb79fd07829fb,INDIGO,HYD,MAA,2026-04-20 02:25:41.703,2026-04-20 06:40:41.703,255.0,0.0,4h 15m,HYD to MAA,1.0,Night (21-05),PAY1494,3055.22,NETBANKING,52,46-60,M,S***,A***
B1250,P1011,6F031,2026-01-28 11:37:36.951,CANCELLED,95a083980a14abb5f08f84eb9a7a9862ba2c0cb5124ca543bcfb075d7cad74b6,16F,A***,355218b0eb792ee2a1666248cfb27c5b2b8715fac8fa0e5c059db8c3f08f8056,INDIGO,BOM,BLR,2026-04-20 02:00:41.701,2026-04-20 06:37:41.701,277.0,0.0,4h 37m,BOM to BLR,1.0,Night (21-05),PAY1758,6497.92,NETBANKING,3,Under 18,M,S***,N***
B1251,P1866,UK015,2025-08-30 11:37:36.951,PENDING,692ba7d8fd954faac57d0b1c5fc9a209994722736a08c18cb3fb257ec39400b3,29A,C***,bdda6ee0d75b9943f9e8cc1d256a7475b9f13adef92c5d7862a9e1c15403bc80,VISTARA,BLR,BOM,2026-04-20 04:46:41.701,2026-04-20 06:33:41.701,107.0,0.0,1h 47m,BLR to BOM,0.0,Night (21-05),PAY1521,6952.65,UPI,68,60+,F,I***,G***
B1252,P1388,UK001,2025-04-21 11:37:36.951,CANCELLED,e4d5a689f7e5e2234bd33c66c7b97a89e2a0240b6fffaef094e2d9bc5308edee,27C,O***,237d8b03c85faaf9a854d601a35c7102ca447e6a184b9a1a739c84b688c6c4ac,VISTARA,CCU,DEL,2026-04-20 05:06:41.700,2026-04-20 06:31:41.700,85.0,0.0,1h 25m,CCU to DEL,0.0,Early Morning (05-09),PAY1805,1480.08,CARD,58,46-60,M,R***,D***
B1253,P1336,6F133,2026-02-27 11:37:36.951,CANCELLED,ec3da070456e27705fdeefb753a33479fa76ad992db5ca5df130af7da2c15c15,15E,T***,b8505cc8291264356e574734a7000b0affafecdaee7e6be8c3dbdaef549981f7,INDIGO,MAA,BLR,2026-04-20 04:38:41.702,2026-04-20 06:25:41.702,107.0,0.0,1h 47m,MAA to BLR,0.0,Night (21-05),PAY1266,2152.89,NETBANKING,33,31-45,M,A***,I***
B1253,P1336,6F133,2026-02-27 11:37:36.951,CANCELLED,ec3da070456e27705fdeefb753a33479fa76ad992db5ca5df130af7da2c15c15,15E,T***,b8505cc8291264356e574734a7000b0affafecdaee7e6be8c3dbdaef549981f7,INDIGO,MAA,BLR,2026-04-20 04:38:41.702,2026-04-20 06:25:41.702,107.0,0.0,1h 47m,MAA to BLR,0.0,Night (21-05),PAY1439,14029.28,NETBANKING,33,31-45,M,A***,I***
B1254,P1505,6F143,2025-07-22 11:37:36.951,CANCELLED,90bc1af8433be5e72ca3b18c7cefb9132a23e107a64f6b3be63c268e4f7d3d7b,5D,T***,46fa916352055da53d8b7bcc22d4319332075c209fcad152f7e76bc65c529d19,INDIGO,CCU,DEL,2026-04-20 02:09:41.702,2026-04-20 06:08:41.702,239.0,0.0,3h 59m,CCU to DEL,1.0,Night (21-05),,,,89,60+,F,M***,M***
B1255,P1105,UK165,2025-09-22 11:37:36.951,CANCELLED,3d74283793a945a73d8a8089f9c8524779f26bc533a190b783c64253de0fbcec,23F,R***,3ce49a36c51921c67eea939c8ae46903cb5973cec762ce6575c73c1c22cb9065,VISTARA,DEL,BLR,2026-04-20 01:51:41.703,2026-04-20 06:04:41.703,253.0,0.0,4h 13m,DEL to BLR,1.0,Night (21-05),PAY1160,1412.67,CARD,63,60+,F,M***,S***
B1256,P1031,6F083,2025-08-10 11:37:36.951,CANCELLED,011b639bab1812d8af21592e45b238ad1e62c5fa70fc47de12f99075c271392a,22B,A***,9012bdd9161fbc0f9a322d9cd984e5e4db05e9f8b20b5556c3973974b1662499,INDIGO,BLR,DEL,2026-04-20 05:24:41.702,2026-04-20 06:03:41.702,39.0,0.0,0h 39m,BLR to DEL,0.0,Early Morning (05-09),PAY1105,2040.64,NETBANKING,80,60+,M,S***,P***
B1257,P1073,AI082,2025-08-19 11:37:36.951,CANCELLED,92c5e98f89a2d8605056e1c9f47e5ec2d9a394633abdffcf23491fe7030ba22b,11C,G***,35bf3c9a3fd86e876145dc488fee94424d48ae9790ff0572eef410ce4ab8ba5a,AIR INDIA,DEL,CCU,2026-04-20 03:19:41.702,2026-04-20 06:01:41.702,162.0,0.0,2h 42m,DEL to CCU,0.0,Night (21-05),PAY1390,13028.65,NETBANKING,44,31-45,M,A***,P***
B1258,P1170,AI164,2025-10-28 11:37:36.951,CANCELLED,3f2f6b0a1f35ffbb3e6bdada3326ad14bc67439683b90b93b07572e792384224,21F,N***,36f37d1e8c3052029f815170ab4b432fa5ff791413171157d48a59fe4600660d,AIR INDIA,DEL,BLR,2026-04-20 03:57:41.703,2026-04-20 05:45:41.703,108.0,0.0,1h 48m,DEL to BLR,0.0,Night (21-05),,,,89,60+,F,A***,M***
B1259,P1848,SJ155,2026-01-19 11:37:36.951,CANCELLED,0866496795f7ee0c54f93a4f6216de8a76b68f5cef2004a8770b8a04d91aca0a,31F,J***,8a75719712b1325ac9a62c22c353ed08f5825563a8e3fc10d65e8086e21d0ad9,SPICEJET,DEL,CCU,2026-04-20 00:38:41.702,2026-04-20 05:38:41.702,300.0,0.0,5h 0m,DEL to CCU,1.0,Night (21-05),PAY1348,12805.67,CARD,23,18-30,M,K***,R***
B1260,P1068,AI189,2026-01-04 11:37:36.951,CANCELLED,d217dcbd55b3241320246c219370091c043a533d96400b1b672dc7273e56aa67,1D,A***,e5c6d5d7905ad2929865b44ece5e610652fdc0ab2046846513ba4e2fc593ecfa,AIR INDIA,CCU,DEL,2026-04-20 03:44:41.703,2026-04-20 05:32:41.703,108.0,0.0,1h 48m,CCU to DEL,0.0,Night (21-05),PAY1126,9458.88,NETBANKING,54,46-60,M,S***,B***
B1260,P1068,AI189,2026-01-04 11:37:36.951,CANCELLED,d217dcbd55b3241320246c219370091c043a533d96400b1b672dc7273e56aa67,1D,A***,e5c6d5d7905ad2929865b44ece5e610652fdc0ab2046846513ba4e2fc593ecfa,AIR INDIA,CCU,DEL,2026-04-20 03:44:41.703,2026-04-20 05:32:41.703,108.0,0.0,1h 48m,CCU to DEL,0.0,Night (21-05),PAY1153,2117.99,NETBANKING,54,46-60,M,S***,B***
B1260,P1068,AI189,2026-01-04 11:37:36.951,CANCELLED,d217dcbd55b3241320246c219370091c043a533d96400b1b672dc7273e56aa67,1D,A***,e5c6d5d7905ad2929865b44ece5e610652fdc0ab2046846513ba4e2fc593ecfa,AIR INDIA,CCU,DEL,2026-04-20 03:44:41.703,2026-04-20 05:32:41.703,108.0,0.0,1h 48m,CCU to DEL,0.0,Night (21-05),PAY1877,4716.99,NETBANKING,54,46-60,M,S***,B***
B1261,P1812,SJ057,2025-12-21 11:37:36.951,CONFIRMED,5d95aec4b2989b44f575b03e9226265a608140eeaa04976409f598f89c0b52fe,34A,A***,ffaca3266d987d5ee823289aa734598a35ab2dbb2d479101079d78c0808abc68,SPICEJET,BOM,CCU,2026-04-20 02:17:41.701,2026-04-20 05:29:41.701,192.0,0.0,3h 12m,BOM to CCU,0.0,Night (21-05),,,,46,46-60,F,M***,P***
B1262,P1361,SJ198,2025-05-07 11:37:36.951,CONFIRMED,3243e52c2aea6ef3f4135af4d485153da7e39b2077eadcae91724e734c187b68,16F,P***,bde30d59ba1a8c7d2dc0f2e04f64f2db30e7fdd7309be3cec6e64030830d55fe,SPICEJET,CCU,BOM,2026-04-20 00:47:41.703,2026-04-20 05:28:41.703,281.0,0.0,4h 41m,CCU to BOM,1.0,Night (21-05),PAY1475,3896.83,UPI,25,18-30,F,A***,P***
B1262,P1361,SJ198,2025-05-07 11:37:36.951,CONFIRMED,3243e52c2aea6ef3f4135af4d485153da7e39b2077eadcae91724e734c187b68,16F,P***,bde30d59ba1a8c7d2dc0f2e04f64f2db30e7fdd7309be3cec6e64030830d55fe,SPICEJET,CCU,BOM,2026-04-20 00:47:41.703,2026-04-20 05:28:41.703,281.0,0.0,4h 41m,CCU to BOM,1.0,Night (21-05),PAY1622,6722.37,UPI,25,18-30,F,A***,P***
B1263,P1648,6F122,2026-01-03 11:37:36.951,CANCELLED,88b271adbfca4f88c11de2f9e2f90ce564b9a23c1d769847026eccb2b8973087,6C,T***,35a770b59dc1ebbb37b5c252aa3965aeafdf30caf499a477438c65667b275bac,INDIGO,DEL,BLR,2026-04-20 01:44:41.702,2026-04-20 05:28:41.702,224.0,0.0,3h 44m,DEL to BLR,1.0,Night (21-05),PAY1648,1483.05,NETBANKING,12,Under 18,M,A***,A***
B1263,P1648,6F122,2026-01-03 11:37:36.951,CANCELLED,88b271adbfca4f88c11de2f9e2f90ce564b9a23c1d769847026eccb2b8973087,6C,T***,35a770b59dc1ebbb37b5c252aa3965aeafdf30caf499a477438c65667b275bac,INDIGO,DEL,BLR,2026-04-20 01:44:41.702,2026-04-20 05:28:41.702,224.0,0.0,3h 44m,DEL to BLR,1.0,Night (21-05),PAY1665,10997.85,UPI,12,Under 18,M,A***,A***
B1264,P1432,SJ097,2026-04-15 11:37:36.951,CONFIRMED,8c2d1700c3e2faf8cd74224ff86a6311a9a3e73fb4a3000dbdcb442225647a0a,12A,C***,af6f62e36007ffbd792c790b6fd5229a9eea0f96a9b2deb9797f3c3f4895c097,SPICEJET,BOM,CCU,2026-04-20 02:37:41.702,2026-04-20 05:27:41.702,170.0,0.0,2h 50m,BOM to CCU,0.0,Night (21-05),PAY1277,3936.86,NETBANKING,69,60+,F,S***,C***
B1264,P1432,SJ097,2026-04-15 11:37:36.951,CONFIRMED,8c2d1700c3e2faf8cd74224ff86a6311a9a3e73fb4a3000dbdcb442225647a0a,12A,C***,af6f62e36007ffbd792c790b6fd5229a9eea0f96a9b2deb9797f3c3f4895c097,SPICEJET,BOM,CCU,2026-04-20 02:37:41.702,2026-04-20 05:27:41.702,170.0,0.0,2h 50m,BOM to CCU,0.0,Night (21-05),PAY1655,4662.75,UPI,69,60+,F,S***,C***
B1265,P1928,UK203,2025-08-06 11:37:36.951,PENDING,a70863b1cb34d2b8fcdcd9f34ccbe2cb85796979dcd0b501317cbede3ee36c4a,28F,L***,7d8e3d4fcc33b0b5f85a362c0a1949148a12ba3a5bb69968c47d3e41e6b62889,VISTARA,BLR,HYD,2026-04-20 04:12:41.703,2026-04-20 05:24:41.703,72.0,0.0,1h 12m,BLR to HYD,0.0,Night (21-05),,,,12,Under 18,M,S***,A***
B1266,P1995,UK093,2026-01-16 11:37:36.951,CONFIRMED,e1b717c40c56b60c0c38d68ccb8497a4968cf44ed4db65396ea037096e11be45,27F,S***,4a5117a55d69b9036f9134d13b6f48b92fbb3a580ebebbae9eb65191310234dd,VISTARA,HYD,CCU,2026-04-20 04:31:41.702,2026-04-20 05:21:41.702,50.0,0.0,0h 50m,HYD to CCU,0.0,Night (21-05),PAY1815,14431.32,UPI,18,18-30,F,A***,V***
B1267,P1099,AI205,2025-05-21 11:37:36.951,CANCELLED,a0877eb94c49482f8604ef6a0f0070d9356224c7b2e8d53d0b0db4fcba41b236,32A,E***,da4b4142b39135db49f20d461cd49c3b240f02ed23afd2e0e1f48f8011ec3bd2,AIR INDIA,BLR,BOM,2026-04-20 03:26:41.703,2026-04-20 05:14:41.703,108.0,0.0,1h 48m,BLR to BOM,0.0,Night (21-05),PAY1718,2158.29,CARD,71,60+,F,V***,A***
B1267,P1099,AI205,2025-05-21 11:37:36.951,CANCELLED,a0877eb94c49482f8604ef6a0f0070d9356224c7b2e8d53d0b0db4fcba41b236,32A,E***,da4b4142b39135db49f20d461cd49c3b240f02ed23afd2e0e1f48f8011ec3bd2,AIR INDIA,BLR,BOM,2026-04-20 03:26:41.703,2026-04-20 05:14:41.703,108.0,0.0,1h 48m,BLR to BOM,0.0,Night (21-05),PAY1787,14150.69,UPI,71,60+,F,V***,A***
B1268,P1657,AI102,2026-01-16 11:37:36.951,INVALID,2968b84ef03dd2e77248902442d9acc6f73fd5510e01a68f1ba5f8e686ba1c59,12A,L***,1dda9c21f9a78e3af1bd51be7eb5d8ee2405d9dfd8a059f9f43785118cff5a31,AIR INDIA,CCU,BLR,2026-04-20 00:17:41.702,2026-04-20 05:08:41.702,291.0,0.0,4h 51m,CCU to BLR,1.0,Night (21-05),PAY1595,13289.27,CARD,8,Under 18,F,S***,K***
B1269,P1008,6F046,2025-09-06 11:37:36.951,CONFIRMED,9b81303d8e34b66712bc1ab84c6048ede85a284b76abe4ec841c300f1dcacfd1,4C,O***,9552aa2d09e4d935584c9251997b2ac3afa12110d9da2fe53a5d4e0b78985bc5,INDIGO,DEL,BLR,2026-04-20 01:27:41.701,2026-04-20 05:08:41.701,221.0,0.0,3h 41m,DEL to BLR,0.0,Night (21-05),PAY1130,6692.76,UPI,75,60+,M,K***,P***
B1269,P1008,6F046,2025-09-06 11:37:36.951,CONFIRMED,9b81303d8e34b66712bc1ab84c6048ede85a284b76abe4ec841c300f1dcacfd1,4C,O***,9552aa2d09e4d935584c9251997b2ac3afa12110d9da2fe53a5d4e0b78985bc5,INDIGO,DEL,BLR,2026-04-20 01:27:41.701,2026-04-20 05:08:41.701,221.0,0.0,3h 41m,DEL to BLR,0.0,Night (21-05),PAY1394,14606.94,CARD,75,60+,M,K***,P***
B1270,P1573,SJ017,2025-06-02 11:37:36.951,NAN,647ce5f32b9c59f5427a4af79376f69631f0c531d6dbfa83bea900ba46e0f0f7,22E,F***,5157bcef5aae76b34327a72adac3a8f5c1e131498d6e0bf50093bd11a258e86b,SPICEJET,DEL,MAA,2026-04-20 02:57:41.701,2026-04-20 05:00:41.701,123.0,0.0,2h 3m,DEL to MAA,0.0,Night (21-05),,,,40,31-45,F,I***,S***
B1271,P1696,6F156,2025-10-20 11:37:36.951,PENDING,4b580c8f1982ed774ff011f185189ff1aacd7e5a9ea431392db40882363fa231,28B,A***,3c87c792f21200b8098f4e5787b6db8e86d8ea0a881ac80eec7820cce453fc85,INDIGO,MAA,BOM,2026-04-20 02:23:41.703,2026-04-20 04:57:41.703,154.0,0.0,2h 34m,MAA to BOM,0.0,Night (21-05),PAY1416,12211.33,NETBANKING,27,18-30,M,R***,S***
B1272,P1028,AI068,2025-07-18 11:37:36.951,PENDING,62b1ce0b1bdc76c665485f5ab12130f92feeaca8c7acfc98cb7194614c920f51,19A,C***,27b71b39144df95b26ce956f879b15ec8567e3112d7a6fcba38b0cefc3432ab5,AIR INDIA,BOM,BLR,2026-04-20 02:48:41.702,2026-04-20 04:48:42.000,120.0,0.0,2h 0m,BOM to BLR,0.0,Night (21-05),PAY1155,7902.41,UPI,59,46-60,F,A***,M***
B1272,P1028,AI068,2025-07-18 11:37:36.951,PENDING,62b1ce0b1bdc76c665485f5ab12130f92feeaca8c7acfc98cb7194614c920f51,19A,C***,27b71b39144df95b26ce956f879b15ec8567e3112d7a6fcba38b0cefc3432ab5,AIR INDIA,BOM,BLR,2026-04-20 02:48:41.702,2026-04-20 04:48:42.000,120.0,0.0,2h 0m,BOM to BLR,0.0,Night (21-05),PAY1546,12486.95,UPI,59,46-60,F,A***,M***
B1272,P1028,AI068,2025-07-18 11:37:36.951,PENDING,62b1ce0b1bdc76c665485f5ab12130f92feeaca8c7acfc98cb7194614c920f51,19A,C***,27b71b39144df95b26ce956f879b15ec8567e3112d7a6fcba38b0cefc3432ab5,AIR INDIA,BOM,BLR,2026-04-20 02:48:41.702,2026-04-20 04:48:42.000,120.0,0.0,2h 0m,BOM to BLR,0.0,Night (21-05),PAY1909,10043.5,CARD,59,46-60,F,A***,M***
B1273,P1892,AI150,2025-06-05 11:37:36.951,NAN,af1ee981030747756c35116d513fb15db642812f87941fc7104b9269dced0d3b,28B,U***,71fa8013fa6fa4296e741acfbad2eed3938f156e1598fa6868da29a267fbbbbc,AIR INDIA,BOM,DEL,2026-04-20 03:51:41.703,2026-04-20 04:38:41.703,47.0,0.0,0h 47m,BOM to DEL,0.0,Night (21-05),PAY1238,5268.31,UPI,75,60+,F,A***,M***
B1273,P1892,AI150,2025-06-05 11:37:36.951,NAN,af1ee981030747756c35116d513fb15db642812f87941fc7104b9269dced0d3b,28B,U***,71fa8013fa6fa4296e741acfbad2eed3938f156e1598fa6868da29a267fbbbbc,AIR INDIA,BOM,DEL,2026-04-20 03:51:41.703,2026-04-20 04:38:41.703,47.0,0.0,0h 47m,BOM to DEL,0.0,Night (21-05),PAY1651,3873.81,CARD,75,60+,F,A***,M***
B1274,P1113,UK008,2025-10-15 11:37:36.951,PENDING,bf6b9cd16b8a6304f6c3e1192eeb369fe360d81e4eb935eaf1d17497c9e741c9,20D,B***,a8ecfed8005fed5e20752d06572473e196c4fa425c62f9c1c4e7a2a4b6e0e2c8,VISTARA,CCU,BLR,2026-04-20 03:57:41.701,2026-04-20 04:34:41.701,37.0,0.0,0h 37m,CCU to BLR,0.0,Night (21-05),PAY1887,8582.34,NETBANKING,41,31-45,F,A***,P***
B1275,P1461,6F166,2025-07-11 11:37:36.951,PENDING,9f48d05ff8f4a5e0cd9da7b068e6113a66024c2a853b8b5d06fe22dbeffccc62,18F,Y***,079be537ba075494fab601ae6acb511e2a6b6af2f1f45e3d5c16158fab2456a0,INDIGO,BOM,CCU,2026-04-20 00:03:41.703,2026-04-20 04:33:41.703,270.0,0.0,4h 30m,BOM to CCU,1.0,Night (21-05),,,,1,Under 18,M,R***,V***
B1276,P1920,6F177,2025-07-15 11:37:36.951,CONFIRMED,bddf27e2aa1b2c6c5571ddb7fc4b10255d2cd89fbd13b5aa08058ea1c238a28d,1A,A***,3d7484b375c2d10893e07dbe780e478096669b2152a85d9ed87d78c1518b87e2,INDIGO,HYD,MAA,2026-04-20 02:03:41.703,2026-04-20 04:25:41.703,142.0,0.0,2h 22m,HYD to MAA,0.0,Night (21-05),PAY1747,9396.07,UPI,44,31-45,F,R***,A***
B1277,P1142,AI196,2026-01-19 11:37:36.951,PENDING,6b28941d1d44c85dba8284c9a1dadea320a7f94e909d2bdbf653ebe479e907ca,12E,W***,91d6a8a0256052f7aed2e21d18daefc1c48b63a5ddafa1052507d5cfd9bcbb90,AIR INDIA,MAA,HYD,2026-04-20 02:52:41.703,2026-04-20 04:25:41.703,93.0,0.0,1h 33m,MAA to HYD,0.0,Night (21-05),,,,51,46-60,F,S***,N***
B1278,P1389,SJ191,2025-08-09 11:37:36.951,CONFIRMED,3e675b4b39fa8f89cadf3a49e93d7ea824ebef4ed5cf58f1717b372314c63e9d,5B,U***,3218c8b22548931501bf9069d18ef31b9554b412c9df74ab1ace8aa03997e444,SPICEJET,BLR,BOM,2026-04-20 03:01:41.703,2026-04-20 04:23:41.703,82.0,0.0,1h 22m,BLR to BOM,0.0,Night (21-05),,,,58,46-60,M,M***,C***
B1279,P1631,6F019,2025-05-10 11:37:36.951,NAN,c44a4211c88ac4f8ab9cc147c49fe8d3d5ba140d4bcc26bcf5937220f536442b,28C,T***,806a781b24e1b33274a03fedf339a9183fbd233fda9e9d43762468629f39bf51,INDIGO,BLR,BOM,2026-04-20 00:19:41.701,2026-04-20 04:14:41.701,235.0,0.0,3h 55m,BLR to BOM,1.0,Night (21-05),PAY1473,5467.05,UPI,36,31-45,F,M***,D***
B1280,P1681,AI226,2026-04-12 11:37:36.951,CONFIRMED,d799314119743b56f846ceb8d2d58881fabddf5e50f82211f2447bc02de0c428,33B,A***,637b355d7cc45d41f31fd37db03100f4513fa0c5ddf9903f0de16bacf05d6158,,,,,,,,,,,,,,,10,Under 18,M,A***,A***
B1281,P1156,SJ207,2026-01-21 11:37:36.951,CANCELLED,ff040646d3163be8dc942317a6ac7d6c44eb6af5923c046c2a94fc7984f8609f,4A,O***,8f3982209851815a7f9be1a65e50283ad51d267ed731cfeff83c98af679dd317,SPICEJET,DEL,CCU,2026-04-20 00:52:41.703,2026-04-20 04:05:41.703,193.0,0.0,3h 13m,DEL to CCU,1.0,Night (21-05),PAY1388,4413.8,CARD,28,18-30,M,R***,M***
B1282,P1334,AI009,2025-12-30 11:37:36.951,CANCELLED,13d0aeb167ef774024e868b0d670822f947f21caccce44833fb890db0c6cd528,8B,N***,68714804e39cff58612e27ee693ed10f5de3a2aa905e506339f22ccd92594e1b,,,,,,,,,,,,,,,32,31-45,M,M***,I***
B1283,P1860,AI103,2025-05-08 11:37:36.951,INVALID,f70abadf2b338725a4f941b0393c9ef668d21a64d91a481541b8434b134f7920,29D,H***,213aa75d38b960dd0f159b6a10dccb8473de795740b56df33d39f9f5c1de5f68,AIR INDIA,BLR,BOM,2026-04-20 03:26:41.702,2026-04-20 04:04:41.702,38.0,0.0,0h 38m,BLR to BOM,0.0,Night (21-05),PAY1080,1369.37,NETBANKING,44,31-45,M,S***,C***
B1283,P1860,AI103,2025-05-08 11:37:36.951,INVALID,f70abadf2b338725a4f941b0393c9ef668d21a64d91a481541b8434b134f7920,29D,H***,213aa75d38b960dd0f159b6a10dccb8473de795740b56df33d39f9f5c1de5f68,AIR INDIA,BLR,BOM,2026-04-20 03:26:41.702,2026-04-20 04:04:41.702,38.0,0.0,0h 38m,BLR to BOM,0.0,Night (21-05),PAY1948,7236.69,CARD,44,31-45,M,S***,C***
B1284,P1259,SJ127,2026-02-22 11:37:36.951,CANCELLED,efd21a473fe306bb6ac1a15197ef24639f5dbff76e79b01fbc2185e7e9b31e98,25F,D***,639290df900f0b9bc378a614a503efe1608ab5f75160ed947c32525e6ff8d29b,SPICEJET,BOM,DEL,2026-04-20 01:21:41.702,2026-04-20 03:58:41.702,157.0,0.0,2h 37m,BOM to DEL,0.0,Night (21-05),PAY1383,4189.8,UPI,37,31-45,M,R***,P***
B1284,P1259,SJ127,2026-02-22 11:37:36.951,CANCELLED,efd21a473fe306bb6ac1a15197ef24639f5dbff76e79b01fbc2185e7e9b31e98,25F,D***,639290df900f0b9bc378a614a503efe1608ab5f75160ed947c32525e6ff8d29b,SPICEJET,BOM,DEL,2026-04-20 01:21:41.702,2026-04-20 03:58:41.702,157.0,0.0,2h 37m,BOM to DEL,0.0,Night (21-05),PAY1840,8516.93,CARD,37,31-45,M,R***,P***
B1285,P1081,UK188,2026-03-26 11:37:36.951,CANCELLED,2dd42bc5581d2bd76b9ae259c892ef1f3180253a302a0ba54d0a8dfb52e27756,25B,M***,3a60614a03ec4046a7c0ec13125fbcd33253b5beb246a1c748dbca84735e6ed7,VISTARA,MAA,BLR,2026-04-20 02:55:41.703,2026-04-20 03:44:41.703,49.0,0.0,0h 49m,MAA to BLR,0.0,Night (21-05),PAY1021,1207.32,NETBANKING,78,60+,M,K***,G***
B1286,P1753,6F010,2025-09-25 11:37:36.951,INVALID,6ddf65077a5e1d0c854413c52cb10951d6da042f1c1af38a1123041886c83c6e,33B,F***,438f700d3461bcffeac4daa4ae30cbb4e5399e1c379eb5a599326a20ab01555b,INDIGO,DEL,BLR,2026-04-19 23:53:41.701,2026-04-20 03:44:41.701,231.0,1.0,3h 51m,DEL to BLR,1.0,Night (21-05),,,,82,60+,F,D***,R***
B1287,P1440,SJ098,2025-12-13 11:37:36.951,CANCELLED,d58d2a7c4695d3b26ef70822f1ded7e5b096d974f895f6c64330dd5175dd736e,5F,H***,33c54073c71072d283b5ccd6f488f5e9b36f2ffda830a797f78416b4668375c7,SPICEJET,HYD,MAA,2026-04-20 03:02:41.702,2026-04-20 03:37:41.702,35.0,0.0,0h 35m,HYD to MAA,0.0,Night (21-05),PAY1224,14610.33,CARD,57,46-60,M,R***,C***
B1287,P1440,SJ098,2025-12-13 11:37:36.951,CANCELLED,d58d2a7c4695d3b26ef70822f1ded7e5b096d974f895f6c64330dd5175dd736e,5F,H***,33c54073c71072d283b5ccd6f488f5e9b36f2ffda830a797f78416b4668375c7,SPICEJET,HYD,MAA,2026-04-20 03:02:41.702,2026-04-20 03:37:41.702,35.0,0.0,0h 35m,HYD to MAA,0.0,Night (21-05),PAY1989,7693.36,CARD,57,46-60,M,R***,C***
B1288,P1944,6F058,2025-12-11 11:37:36.951,PENDING,29ef64080c237cbf89c49ac9d64be04e2853f2d9b1d302bcb704ca0835a54f3d,18C,J***,d4903d329c6f2d74aaf8d4c1e53170f127d37c0fc656e08d9c26f958ba254409,INDIGO,BOM,CCU,2026-04-20 01:04:41.701,2026-04-20 03:33:41.701,149.0,0.0,2h 29m,BOM to CCU,0.0,Night (21-05),PAY1200,1114.05,CARD,10,Under 18,M,R***,G***
B1288,P1944,6F058,2025-12-11 11:37:36.951,PENDING,29ef64080c237cbf89c49ac9d64be04e2853f2d9b1d302bcb704ca0835a54f3d,18C,J***,d4903d329c6f2d74aaf8d4c1e53170f127d37c0fc656e08d9c26f958ba254409,INDIGO,BOM,CCU,2026-04-20 01:04:41.701,2026-04-20 03:33:41.701,149.0,0.0,2h 29m,BOM to CCU,0.0,Night (21-05),PAY1517,8140.84,NETBANKING,10,Under 18,M,R***,G***
B1289,P1171,SJ030,2026-03-23 11:37:36.951,PENDING,088bd3755436b89338dce78d1517719ac0b470148af6acd6158f26685a614f63,24F,I***,528f4949afbaf92f11155339c742d6418888d4061011ff5aee36d0b04eb3c14f,SPICEJET,DEL,HYD,2026-04-20 02:36:41.701,2026-04-20 03:19:41.701,43.0,0.0,0h 43m,DEL to HYD,0.0,Night (21-05),PAY1716,12016.99,NETBANKING,62,60+,M,I***,B***
B1290,P1230,UK175,2025-07-26 11:37:36.951,CANCELLED,1dc358a7c602e2da62cc9bb5c2ee81b3ed55a348bdb45e2887eafa52db46bb18,16F,P***,33eebad056ac90cb2b6e49962a76ca900cd09f17d18db2aa8170cdf1a9ee7c02,VISTARA,BLR,BOM,2026-04-19 23:56:41.703,2026-04-20 03:18:41.703,202.0,1.0,3h 22m,BLR to BOM,1.0,Night (21-05),PAY1994,13471.57,UPI,20,18-30,F,K***,M***
B1291,P1719,SJ108,2026-04-01 11:37:36.951,PENDING,30c4245d47906003cdb8c8fecd282cb8d26020ff3e605a6b153da49c3bec44e7,28E,E***,f4297cedeec9a2728f8f69ebe00dced0f5e68bf0b20c6f71e01e0b4890c1a4cf,SPICEJET,BLR,HYD,2026-04-20 00:40:41.702,2026-04-20 03:16:41.702,156.0,0.0,2h 36m,BLR to HYD,0.0,Night (21-05),PAY1013,4129.39,NETBANKING,1,Under 18,F,S***,G***
B1292,P1074,6F075,2025-08-03 11:37:36.951,CONFIRMED,8c032d19352b0d126ddb6335c4d9dc9f2a287175400fb327d12a9055f2beaad4,7C,H***,55b1621adcff75c4fead5491bc6f7226962139afc0676a201b30fa5c4d419797,INDIGO,BOM,CCU,2026-04-19 22:20:41.702,2026-04-20 03:02:41.702,282.0,1.0,4h 42m,BOM to CCU,1.0,Night (21-05),PAY1414,13787.78,NETBANKING,34,31-45,F,R***,P***
B1292,P1074,6F075,2025-08-03 11:37:36.951,CONFIRMED,8c032d19352b0d126ddb6335c4d9dc9f2a287175400fb327d12a9055f2beaad4,7C,H***,55b1621adcff75c4fead5491bc6f7226962139afc0676a201b30fa5c4d419797,INDIGO,BOM,CCU,2026-04-19 22:20:41.702,2026-04-20 03:02:41.702,282.0,1.0,4h 42m,BOM to CCU,1.0,Night (21-05),PAY1477,8321.74,UPI,34,31-45,F,R***,P***
B1293,P1269,UK222,2025-08-31 11:37:36.951,CONFIRMED,b96b39a5dcb739a16a8aae5bfd34820bdab63bfa4f0d7cbfc5cfea9dd17bf30f,25F,O***,716170d23e29791e399f4271e2567f7e4334feb4c5569cbeee533100bfd6f437,VISTARA,BOM,CCU,2026-04-20 01:22:41.704,2026-04-20 02:57:41.704,95.0,0.0,1h 35m,BOM to CCU,0.0,Night (21-05),PAY1436,6227.3,NETBANKING,33,31-45,M,A***,V***
B1294,P1898,6F250,2025-07-13 11:37:36.951,CANCELLED,2327193650ded94f173d996960fbe845dac57a6e3839b2ef9808798cbb0ff7fc,34B,H***,8a766ebfd93fd0df1bdcaf013c39302788bdd753430521f794655b18e3badf83,IndiGo,DEL,BLR,2026-04-20 03:26:41.701,2026-04-20 07:30:41.701,244.0,0.0,4h 4m,DEL to BLR,1.0,Night (21-05),,,,3,Under 18,F,S***,S***
B1295,P1625,AI096,2025-12-29 11:37:36.951,CANCELLED,025959ef13db5c42127e061c015864d75823c31c5be226743c046fdce864f15e,14B,J***,303126495764347e1d730fa912d2afd0994053d5257b96f6044d4732d9e03f75,AIR INDIA,CCU,DEL,2026-04-19 21:48:41.702,2026-04-20 02:46:41.702,298.0,1.0,4h 58m,CCU to DEL,1.0,Night (21-05),,,,61,60+,F,R***,P***
B1296,P1061,AI216,2025-12-23 11:37:36.951,CANCELLED,b9cd24a3e4d825a710bac38ff4aa1042792c3b5bfff3e68b8273ecc7e1537ce8,1B,M***,e346b299dc8963cfeee243261855ca9a0863605006e19c199eca8ce825d701c5,AIR INDIA,BOM,CCU,2026-04-20 01:10:41.703,2026-04-20 02:34:41.703,84.0,0.0,1h 24m,BOM to CCU,0.0,Night (21-05),,,,78,60+,M,S***,G***
B1297,P1873,6F193,2026-01-23 11:37:36.951,PENDING,947f56f40b511d9618a079d2326555d725212faf9173c89745ee6d19241f9717,8A,P***,6a8fa4741101a7ae664fc1d6e8532ff3cc4315cb7e80ede7385cfb7b2e9a8493,INDIGO,BOM,MAA,2026-04-20 00:34:41.703,2026-04-20 02:32:41.703,118.0,0.0,1h 58m,BOM to MAA,0.0,Night (21-05),,,,40,31-45,M,S***,R***
B1298,P1319,SJ194,2026-01-02 11:37:36.951,PENDING,3d7bfeb04e74ad49fc58c7e6adb463338c33eeaa49a4b19ac65cdd404dd8ad78,6C,A***,654db4fd1fa4761ce0348fd68b8a675e26dfc3264dd54a6ddbef773a1c13587a,SPICEJET,CCU,DEL,2026-04-19 22:46:41.703,2026-04-20 02:31:41.703,225.0,1.0,3h 45m,CCU to DEL,1.0,Night (21-05),,,,35,31-45,M,K***,C***
B1299,P1101,SJ020,2025-09-11 11:37:36.951,CONFIRMED,95fbaaadc552a743a7110734ec7635269f021c9008c3ec2174885932104f2967,16F,V***,292382c98b4d6a0a23d2e06a43b9d9f5e176ff6663480e6166e19cf50de2707c,SPICEJET,BLR,BOM,2026-04-19 22:18:41.701,2026-04-20 02:27:41.701,249.0,1.0,4h 9m,BLR to BOM,1.0,Night (21-05),PAY1797,8842.93,CARD,88,60+,F,S***,A***
B1300,P1428,6F070,2025-06-14 11:37:36.951,PENDING,5fbb43b5994e3f820d0a3dcd3bbed2c684634e4c961ccfe8e873728ff29204fd,21C,R***,ad66398cd27d9f53846e9c258334de586a88e3c91c6044e04362545d2a89d0d5,INDIGO,HYD,DEL,2026-04-19 23:23:41.701,2026-04-20 02:24:41.701,181.0,1.0,3h 1m,HYD to DEL,0.0,Night (21-05),,,,16,Under 18,M,I***,M***
B1301,P1873,AI051,2025-09-03 11:37:36.951,CONFIRMED,39ad19cbc3aeb8d66518544f14d9fe04a4556f996264598d647f232b95fdea56,12A,E***,809a41215d1a03e52c4570d4e58999b47481058278791b6d6d6fbe291f865fe0,AIR INDIA,MAA,BLR,2026-04-20 01:27:41.701,2026-04-20 02:22:41.701,55.0,0.0,0h 55m,MAA to BLR,0.0,Night (21-05),PAY1056,14671.03,UPI,40,31-45,M,S***,R***
B1302,P1721,UK219,2025-12-27 11:37:36.951,PENDING,0db660c90680a51e6656ad264130b078db24b0a04af9c48b15829317b344440d,3D,G***,7897fa6e12bcba004ef2b072d8fa4e0ed9b2521adb9d63e7fbf33c7fb9b354b8,VISTARA,BOM,HYD,2026-04-19 22:03:41.704,2026-04-20 02:21:41.704,258.0,1.0,4h 18m,BOM to HYD,1.0,Night (21-05),PAY1326,6515.83,NETBANKING,45,31-45,M,K***,K***
B1302,P1721,UK219,2025-12-27 11:37:36.951,PENDING,0db660c90680a51e6656ad264130b078db24b0a04af9c48b15829317b344440d,3D,G***,7897fa6e12bcba004ef2b072d8fa4e0ed9b2521adb9d63e7fbf33c7fb9b354b8,VISTARA,BOM,HYD,2026-04-19 22:03:41.704,2026-04-20 02:21:41.704,258.0,1.0,4h 18m,BOM to HYD,1.0,Night (21-05),PAY1732,8423.69,NETBANKING,45,31-45,M,K***,K***
B1302,P1721,UK219,2025-12-27 11:37:36.951,PENDING,0db660c90680a51e6656ad264130b078db24b0a04af9c48b15829317b344440d,3D,G***,7897fa6e12bcba004ef2b072d8fa4e0ed9b2521adb9d63e7fbf33c7fb9b354b8,VISTARA,BOM,HYD,2026-04-19 22:03:41.704,2026-04-20 02:21:41.704,258.0,1.0,4h 18m,BOM to HYD,1.0,Night (21-05),PAY1803,9282.39,UPI,45,31-45,M,K***,K***
B1303,P1953,AI235,2025-12-13 11:37:36.951,CONFIRMED,c39862830762e6437b5fdf410cb3da6423bc773ce4b028b190691def394d0676,20A,S***,1f674ecca247fd7c446aa2bfec57bbeb9b0a12763d520747649b766c3ce91f4a,AIR INDIA,BLR,HYD,2026-04-19 22:45:41.704,2026-04-20 02:12:41.704,207.0,1.0,3h 27m,BLR to HYD,1.0,Night (21-05),PAY1091,5866.4,CARD,73,60+,F,K***,I***
B1303,P1953,AI235,2025-12-13 11:37:36.951,CONFIRMED,c39862830762e6437b5fdf410cb3da6423bc773ce4b028b190691def394d0676,20A,S***,1f674ecca247fd7c446aa2bfec57bbeb9b0a12763d520747649b766c3ce91f4a,AIR INDIA,BLR,HYD,2026-04-19 22:45:41.704,2026-04-20 02:12:41.704,207.0,1.0,3h 27m,BLR to HYD,1.0,Night (21-05),PAY1839,13806.55,NETBANKING,73,60+,F,K***,I***
B1304,P1254,6F022,2025-12-13 11:37:36.951,INVALID,54dfbec4bfa655187f0249b9b5682ca26418c529c78f9f45827d859b10be50ee,18E,U***,537707662823ef6b72c5904d32c419232c791b99e38a2681023ab49f802a061e,INDIGO,MAA,BLR,2026-04-19 21:46:41.701,2026-04-20 02:05:41.701,259.0,1.0,4h 19m,MAA to BLR,1.0,Night (21-05),,,,2,Under 18,F,M***,K***
B1305,P1531,SJ114,2025-09-28 11:37:36.951,PENDING,204c301e92d0002834450a9f89cb931890b6f14b73a3f00174f2cfeeadf1173c,13C,G***,3e5dd9379805d397972a52f86bcedc6df9924ee1ce611943676a0a67d16edb9d,SPICEJET,HYD,DEL,2026-04-19 22:42:41.702,2026-04-20 02:02:41.702,200.0,1.0,3h 20m,HYD to DEL,0.0,Night (21-05),PAY1438,13844.39,NETBANKING,59,46-60,M,R***,S***
B1306,P1569,SJ076,2025-12-01 11:37:36.951,CONFIRMED,a303ed4a2e2c2516f3cb9ff358669bae57f746f0afac4c455690b299d79ffa90,30A,W***,ebd5de938bd601324cfd2d1e6604a692d51260d8613923340488617876ed2a6f,SPICEJET,DEL,MAA,2026-04-19 23:01:41.701,2026-04-20 02:02:41.701,181.0,1.0,3h 1m,DEL to MAA,0.0,Night (21-05),PAY1916,9753.04,NETBANKING,17,Under 18,M,M***,N***
B1307,P1111,UK227,2026-01-26 11:37:36.951,PENDING,1594db416fad7d24bf950a729f4b6e999b6b626d70b37e959e6d351712e545ab,32E,Q***,27b5428d69b0a2295e3d9443b4ba7971b17a5f6f5bf33831083ef07d057d4518,VISTARA,BOM,HYD,2026-04-19 21:57:41.704,2026-04-20 01:47:41.704,230.0,1.0,3h 50m,BOM to HYD,0.0,Night (21-05),PAY1065,12772.93,CARD,33,31-45,F,K***,S***
B1307,P1111,UK227,2026-01-26 11:37:36.951,PENDING,1594db416fad7d24bf950a729f4b6e999b6b626d70b37e959e6d351712e545ab,32E,Q***,27b5428d69b0a2295e3d9443b4ba7971b17a5f6f5bf33831083ef07d057d4518,VISTARA,BOM,HYD,2026-04-19 21:57:41.704,2026-04-20 01:47:41.704,230.0,1.0,3h 50m,BOM to HYD,0.0,Night (21-05),PAY1830,13498.4,CARD,33,31-45,F,K***,S***
B1308,P1984,UK135,2025-07-22 11:37:36.951,CANCELLED,6f869305cda4a4ba77b11ead8ee711e2e6828ed4ad13c46597329fbef96b2cfe,30D,S***,4a3269e4613257d16dbded5b8a48ba63e73179fd442408e4dbd8b5d6fbd34967,VISTARA,HYD,DEL,2026-04-19 23:50:41.702,2026-04-20 01:43:41.702,113.0,1.0,1h 53m,HYD to DEL,0.0,Night (21-05),PAY1149,9613.19,UPI,85,60+,F,I***,S***
B1308,P1984,UK135,2025-07-22 11:37:36.951,CANCELLED,6f869305cda4a4ba77b11ead8ee711e2e6828ed4ad13c46597329fbef96b2cfe,30D,S***,4a3269e4613257d16dbded5b8a48ba63e73179fd442408e4dbd8b5d6fbd34967,VISTARA,HYD,DEL,2026-04-19 23:50:41.702,2026-04-20 01:43:41.702,113.0,1.0,1h 53m,HYD to DEL,0.0,Night (21-05),PAY1230,12097.48,UPI,85,60+,F,I***,S***
B1309,P1312,AI234,2025-05-06 11:37:36.951,CONFIRMED,512413ee878b837168c6dd2a56df32818efe902f5dc01676327f589b7ba09a69,30F,A***,e28a205fad24f2fdfdbecb30078fe061d2c9a17f5f7bb902c2eb516ea8ab277e,AIR INDIA,BOM,MAA,2026-04-19 23:50:41.704,2026-04-20 01:34:41.704,104.0,1.0,1h 44m,BOM to MAA,0.0,Night (21-05),,,,28,18-30,F,S***,V***
B1310,P1997,6F113,2025-08-20 11:37:36.951,PENDING,ea528bfe0788a338ca1b9d30e090a76350201b51ea9a153b0594803602890f98,5D,A***,6125a4c446d61744536eab2c1adc7e22172f961edc4bc0eda5a64d05f45d2a11,INDIGO,BOM,CCU,2026-04-19 21:04:41.702,2026-04-20 01:30:41.702,266.0,1.0,4h 26m,BOM to CCU,1.0,Night (21-05),PAY1368,7370.22,UPI,72,60+,F,A***,R***
B1311,P1460,SJ206,2025-11-16 11:37:36.951,PENDING,7cf330c742c3152f22f227133ab4b78c56d4181d0d391f7aab972ccaa6a29816,9D,A***,4f9b06911ccacc04ec802950548da133d922be89c449f16baec5df0d347fe3f4,SPICEJET,DEL,CCU,2026-04-19 20:43:41.703,2026-04-20 01:21:41.703,278.0,1.0,4h 38m,DEL to CCU,1.0,Evening (17-21),,,,58,46-60,M,K***,P***
B1312,P1707,AI015,2026-03-29 11:37:36.951,NAN,c7c0221c003c569d0fbc395ca967c9b423110a0db34df67d86abf7d2eaf63320,6E,R***,4d1fe9e437f8527a8601b6c50184f2283f2a8b77bd7607017dcbd034fb9b6fd6,AIR INDIA,BLR,CCU,2026-04-19 23:21:41.701,2026-04-20 01:15:41.701,114.0,1.0,1h 54m,BLR to CCU,0.0,Night (21-05),,,,3,Under 18,M,S***,D***
B1313,P1886,6F260,2025-05-16 11:37:36.951,CANCELLED,dbb738fd11b60df9e2cdb423325aec1a0131b3b0dc3269d6e2e59b05d6cd5bc5,33E,W***,290fc7220f4982d5987eda530b433e9821a31e06e6b3a5c7fd5ca98528af0ea6,,,,,,,,,,,,,,,53,46-60,M,D***,P***
B1314,P1461,AI061,2025-04-28 11:37:36.951,CONFIRMED,07a4a3d7e6fde09db6f8ce91e1123c631fb6b08b825c7df406ecde9ea58a8fe0,19C,V***,db1daa07beef5d89f33ecb4ab762d64399354f60384a8c8a37eceae5fe4a3df1,AIR INDIA,BOM,CCU,2026-04-19 23:31:41.701,2026-04-20 01:02:41.701,91.0,1.0,1h 31m,BOM to CCU,0.0,Night (21-05),PAY1583,7529.51,CARD,1,Under 18,M,R***,V***
B1315,P1864,6F237,2026-03-26 11:37:36.951,PENDING,68ad11790914e7e7ddc3ebaa0204e26593b956380d5182ec64d4c7e6a8ac966f,9C,V***,1d5ccab0ff13cf26af8683525d4eaee1b2a55a645c3a6d29cf83a438cf02e5a7,INDIGO,HYD,MAA,2026-04-19 21:41:41.704,2026-04-20 00:44:41.704,183.0,1.0,3h 3m,HYD to MAA,0.0,Night (21-05),,,,84,60+,M,A***,S***
B1316,P1091,SJ099,2026-01-06 11:37:36.951,PENDING,7f31a79530ad182d360cc63154436d060616e040c7a2886f6019a9efc3f43adb,27C,S***,7f3b1a4e36e83193ec239bed0faa4e193294a73956c43683d6fdff5511552da8,,,,,,,,,,,,PAY1633,11302.63,UPI,89,60+,F,I***,S***
B1317,P1051,SJ146,2026-02-24 11:37:36.951,CANCELLED,0de1140e69c9192ee16126ed7aa2f0c74244887887389c202ac7dc6b3be32848,21F,G***,5e75aea7802e7c0518724d67b71fe663dc1e2c470254343cb99a762b92182e4f,SPICEJET,HYD,BLR,2026-04-19 22:37:41.702,2026-04-20 00:33:41.702,116.0,1.0,1h 56m,HYD to BLR,0.0,Night (21-05),PAY1237,12552.7,NETBANKING,9,Under 18,F,A***,C***
B1317,P1051,SJ146,2026-02-24 11:37:36.951,CANCELLED,0de1140e69c9192ee16126ed7aa2f0c74244887887389c202ac7dc6b3be32848,21F,G***,5e75aea7802e7c0518724d67b71fe663dc1e2c470254343cb99a762b92182e4f,SPICEJET,HYD,BLR,2026-04-19 22:37:41.702,2026-04-20 00:33:41.702,116.0,1.0,1h 56m,HYD to BLR,0.0,Night (21-05),PAY1932,7684.83,UPI,9,Under 18,F,A***,C***
B1317,P1051,SJ146,2026-02-24 11:37:36.951,CANCELLED,0de1140e69c9192ee16126ed7aa2f0c74244887887389c202ac7dc6b3be32848,21F,G***,5e75aea7802e7c0518724d67b71fe663dc1e2c470254343cb99a762b92182e4f,SPICEJET,HYD,BLR,2026-04-19 22:37:41.702,2026-04-20 00:33:41.702,116.0,1.0,1h 56m,HYD to BLR,0.0,Night (21-05),PAY1955,13045.18,CARD,9,Under 18,F,A***,C***
B1318,P1804,SJ146,2025-05-23 11:37:36.951,CANCELLED,fae7cfc5d8b260f7b3688c54f9f82bf8b0e7d4e56d0aa881076db2a9c2afc2c5,29B,T***,4ea3404626a1b0c7fe0a01e69a0e7f54cd5d120a07e032c2fa5cdd8c02671db0,SPICEJET,HYD,BLR,2026-04-19 22:37:41.702,2026-04-20 00:33:41.702,116.0,1.0,1h 56m,HYD to BLR,0.0,Night (21-05),PAY1557,4594.77,UPI,42,31-45,F,M***,B***
B1319,P1519,6F071,2025-05-04 11:37:36.951,CONFIRMED,86c265afa90fa6400ed22a4adc2c184161108d8443fec0038003e8d7a6e6648f,4C,Y***,6ed11e201e41b0c43b6d18904c76a84546b35b8915502fe034bacd508cb76b5a,INDIGO,DEL,CCU,2026-04-19 20:18:41.702,2026-04-20 00:31:41.702,253.0,1.0,4h 13m,DEL to CCU,1.0,Evening (17-21),PAY1350,5359.26,UPI,12,Under 18,M,A***,V***
B1320,P1811,6F272,2025-08-13 11:37:36.951,PENDING,ed34f073210f83c7878b174fb3a5e7cbd78b8f2576bb6821fbec6a2fe9491112,6C,J***,d6f9f84a79b37d5b8aa2ffddc3143e8de76ecc0a174668b6ccc41f0e06a46535,,,,,,,,,,,,PAY1512,12788.34,UPI,12,Under 18,F,M***,B***
B1320,P1811,6F272,2025-08-13 11:37:36.951,PENDING,ed34f073210f83c7878b174fb3a5e7cbd78b8f2576bb6821fbec6a2fe9491112,6C,J***,d6f9f84a79b37d5b8aa2ffddc3143e8de76ecc0a174668b6ccc41f0e06a46535,,,,,,,,,,,,PAY1792,9370.75,CARD,12,Under 18,F,M***,B***
B1321,P1097,SJ029,2026-02-12 11:37:36.951,PENDING,27dd8b0d6d5f67e791bd19bc62b8421a5b134f47a7040d7f75fa1ff2985252bc,13A,H***,d8a4927cce240a03f0fd34f2b01b6d73b4a80548215d1cb5fabe09e6e8eaf831,SpiceJet,HYD,DEL,2026-04-19 22:55:41.701,2026-04-20 00:22:41.701,87.0,1.0,1h 27m,HYD to DEL,0.0,Night (21-05),,,,65,60+,M,S***,M***
B1322,P1235,UK084,2025-07-27 11:37:36.951,CONFIRMED,79e7b0b3d2fe12c3cab76a6692ea377727e0afc32059b0f58b9c097f5ef76d1e,6E,G***,14ba50efbdc71f672f2ff3e3ac820b0c6bc36cc95591da90543477dff1156126,VISTARA,MAA,DEL,2026-04-19 20:44:41.702,2026-04-20 00:20:41.702,216.0,1.0,3h 36m,MAA to DEL,1.0,Evening (17-21),,,,19,18-30,F,A***,G***
B1323,P1900,SJ048,2026-02-06 11:37:36.951,CONFIRMED,5695be368fe18ace00144d92e23232866b882d4c156302a241afbfb5ad12aa55,14D,S***,6b2a3646dba1bff7cd4b33355354399b7fbb7f91e7815ad156b668e334814add,SPICEJET,MAA,BLR,2026-04-19 22:43:41.701,2026-04-20 00:19:41.701,96.0,1.0,1h 36m,MAA to BLR,0.0,Night (21-05),,,,40,31-45,F,R***,I***
B1324,P1373,AI108,2026-02-04 11:37:36.951,CANCELLED,14d3e18fabe72b66331dcb732abdd947b9fbf611b17dc0552152ca0fb9475a50,33B,D***,646a1c5bffbe1675e171ef693983ae78c4d7713cc42c13f59d801b88d5cebb8c,AIR INDIA,BLR,CCU,2026-04-19 21:32:41.702,2026-04-20 00:17:41.702,165.0,1.0,2h 45m,BLR to CCU,0.0,Night (21-05),PAY1068,7543.0,NETBANKING,14,Under 18,F,S***,P***
B1325,P1580,SJ134,2025-08-11 11:37:36.951,CANCELLED,9e724a8da2a3e7f4dbc7bef40c7491de76fd4191d2075fb8c123f404ab9f574b,3B,V***,5b2636ea3590323cc1ec7aa1288ceec91a21907e4f5221c5f34f1f5176d77ecc,SPICEJET,BOM,CCU,2026-04-19 19:58:41.702,2026-04-20 00:15:41.702,257.0,1.0,4h 17m,BOM to CCU,1.0,Evening (17-21),PAY1779,4503.45,UPI,29,18-30,M,K***,I***
B1326,P1926,UK146,2025-10-31 11:37:36.951,CONFIRMED,cea9ecb858b349c41bf2e59cc2d5c516c556662456eaa2e1d595ad9b4710b846,14F,R***,4acafc30b9a2894ca4223d0c23ac641b34ed993b2324df162828bb2a9c930f60,VISTARA,BOM,MAA,2026-04-19 21:40:41.703,2026-04-20 00:08:41.703,148.0,1.0,2h 28m,BOM to MAA,0.0,Night (21-05),,,,84,60+,M,K***,I***
B1327,P1556,SJ036,2025-09-24 11:37:36.951,CONFIRMED,812c29b1f4ac1e663d04f33db25e9b96458ff78e7396050df65a83e8c65c4aa0,26C,J***,7d9bae8343fb5c899150e4e57d71aeac01146651d0fb4e3420762680f5a64f48,SPICEJET,DEL,HYD,2026-04-19 20:24:41.701,2026-04-19 23:54:41.701,210.0,0.0,3h 30m,DEL to HYD,0.0,Evening (17-21),PAY1898,13822.99,UPI,42,31-45,F,M***,G***
B1328,P1648,6F202,2025-11-01 11:37:36.951,PENDING,dafc569a3f54685cecc4391b27b9ea9d1cae02ff67fd183004162b3a8bc5f713,33B,Q***,2f587d8a37a6455fbad7e71af1571f06dac99f7af3497b81a95daae5e4dae0a3,INDIGO,HYD,BLR,2026-04-19 20:18:41.703,2026-04-19 23:48:41.703,210.0,0.0,3h 30m,HYD to BLR,0.0,Evening (17-21),,,,12,Under 18,M,A***,A***
B1329,P1233,UK041,2026-02-13 11:37:36.951,CONFIRMED,fa88dd0e4c4c6bc28e6170f2a9a32938c1fab450570471d31a25c9f87b8516b8,22C,T***,bd8f311a476268ff109341c3f5ac99ea4bf95f146730c839aebe531922cbb933,VISTARA,HYD,MAA,2026-04-19 22:37:41.701,2026-04-19 23:44:41.701,67.0,0.0,1h 7m,HYD to MAA,0.0,Night (21-05),PAY1221,6401.38,UPI,19,18-30,M,I***,A***
B1330,P1031,6F078,2025-12-06 11:37:36.951,CONFIRMED,4901fd7ba4d586662c68159666a3121dc932473d9f9d6009ffac29cfa993d206,23A,A***,fabdc20781f04b71c6630e42953a8a24d5bc435e882951bf800ca3de4d02aef0,INDIGO,BOM,CCU,2026-04-19 22:04:41.702,2026-04-19 23:37:41.702,93.0,0.0,1h 33m,BOM to CCU,0.0,Night (21-05),,,,80,60+,M,S***,P***
B1331,P1288,AI097,2025-07-03 11:37:36.951,PENDING,872a369aa3936b758b3dc1a7407d35db63f9ee78a9f0299a6b7bd89268efc990,22C,B***,415e973ac936dab492fca4fad7270e93edef3beabf16f4c9d52e609c08050866,AIR INDIA,HYD,MAA,2026-04-19 18:42:41.702,2026-04-19 23:34:41.702,292.0,0.0,4h 52m,HYD to MAA,1.0,Evening (17-21),PAY1233,7131.5,NETBANKING,33,31-45,M,R***,K***
B1332,P1637,UK159,2026-01-15 11:37:36.951,CONFIRMED,cdf17b1b25a08cabf81e8ddd4a35fd73bfa5162fe6bbfcc44bbce749c4d38efc,7D,R***,500ecb5ce924d6eb2de9b53fe10fb87919b08c4c9c00b5bd29aaa844d052fac4,VISTARA,CCU,BLR,2026-04-19 20:45:41.703,2026-04-19 23:32:41.703,167.0,0.0,2h 47m,CCU to BLR,0.0,Evening (17-21),PAY1313,4183.32,NETBANKING,49,46-60,M,A***,N***
B1333,P1578,UK044,2025-09-06 11:37:36.951,CANCELLED,4339cba1b49a4c7dcbd8bb1f10a049251c33cd62349f83a4792ee1364c449d1f,12B,U***,9b5ca21a22d65c2ba5e786d2d30115525bf83e5d06fd9874bd31bad7eec0e8c0,VISTARA,BLR,BOM,2026-04-19 20:31:41.701,2026-04-19 23:29:41.701,178.0,0.0,2h 58m,BLR to BOM,0.0,Evening (17-21),PAY1079,2238.82,UPI,66,60+,M,S***,S***
B1333,P1578,UK044,2025-09-06 11:37:36.951,CANCELLED,4339cba1b49a4c7dcbd8bb1f10a049251c33cd62349f83a4792ee1364c449d1f,12B,U***,9b5ca21a22d65c2ba5e786d2d30115525bf83e5d06fd9874bd31bad7eec0e8c0,VISTARA,BLR,BOM,2026-04-19 20:31:41.701,2026-04-19 23:29:41.701,178.0,0.0,2h 58m,BLR to BOM,0.0,Evening (17-21),PAY1330,2372.08,NETBANKING,66,60+,M,S***,S***
B1334,P1541,6F176,2025-09-27 11:37:36.951,CANCELLED,b5339fd4f0eb2a8c1db49057ccc47120b87130caa158ff5f8291f8b3764f1aa5,6F,P***,108c35389391f910ebab147864fb941478bcb2cf0605184758a57a913e574687,INDIGO,CCU,DEL,2026-04-19 20:23:42.000,2026-04-19 23:23:42.000,180.0,0.0,3h 0m,CCU to DEL,0.0,Evening (17-21),,,,78,60+,M,S***,B***
B1335,P1113,SJ221,2026-02-11 11:37:36.951,PENDING,a70d64432c6cbbf6f863aa679507ce8c53baa5ad665598819275d3e982491221,4A,A***,be8d56b0d721463fbe17c91336538462d36e1fb5b186f362d875cedf815eea29,SPICEJET,MAA,HYD,2026-04-19 18:31:41.703,2026-04-19 23:17:41.703,286.0,0.0,4h 46m,MAA to HYD,1.0,Evening (17-21),,,,41,31-45,F,A***,P***
B1336,P1203,6F112,2025-07-03 11:37:36.951,CONFIRMED,44336dbf8842cd2f0c6ef291322cd5fa9147fdb64a438d941a1d1ec7f84b9db5,22A,J***,3a85e606dd5c872045f07aa6ebee0737fda2a2408780d388215e9842896ad4a6,INDIGO,HYD,DEL,2026-04-19 21:00:41.702,2026-04-19 23:16:41.702,136.0,0.0,2h 16m,HYD to DEL,0.0,Night (21-05),,,,54,46-60,M,A***,N***
B1337,P1028,6F246,2025-10-20 11:37:36.951,INVALID,9423096faebe7cd65e66f31c316be8c67dd6bd02257808367ef046dd6cf7fd08,4C,C***,32e115c418ba3a262746ef47fa92b6555e0a90d32278678c3cff0b71758d3bf7,INDIGO,HYD,DEL,2026-04-19 21:00:41.702,2026-04-19 23:16:41.702,136.0,0.0,2h 16m,HYD to DEL,0.0,Night (21-05),,,,59,46-60,F,A***,M***
B1338,P1642,6F014,2026-02-21 11:37:36.951,CANCELLED,ab05472a1a72c7e025bd95a7d2ab4f8a95560a6d7fcc1a80b2db20977c31206f,14C,B***,5729fe166529e6c086e2a2c6dc2af1a93455b0e923cba7c23331bf31d673651a,INDIGO,DEL,MAA,2026-04-19 19:42:41.701,2026-04-19 23:15:41.701,213.0,0.0,3h 33m,DEL to MAA,0.0,Evening (17-21),,,,54,46-60,F,S***,B***
B1339,P1473,AI237,2025-09-17 11:37:36.951,CANCELLED,213ce646d298aa5dec8392d3b81dc0125c8bedcac3d9e9aab94a968fcdaee9cc,28A,V***,481cfbfc425acccbfb4f99034d3f5955d9dc8f02f3411c544c6ed8b16617a520,AIR INDIA,BOM,CCU,2026-04-19 19:58:41.704,2026-04-19 23:13:41.704,195.0,0.0,3h 15m,BOM to CCU,0.0,Evening (17-21),,,,35,31-45,M,V***,S***
B1340,P1696,6F003,2025-12-14 11:37:36.951,CANCELLED,f740d56a85670e9e26447c77557eedb57721e1da39729b0464ce04e9673defae,12E,A***,eccd852140b20cc7ddbff1ea16efa30c4e63c81436ba4c421b6acd42553bd85e,INDIGO,HYD,BOM,2026-04-19 20:06:41.700,2026-04-19 23:13:41.700,187.0,0.0,3h 7m,HYD to BOM,0.0,Evening (17-21),,,,27,18-30,M,R***,S***
B1341,P1252,6F249,2025-07-04 11:37:36.951,CONFIRMED,c14232d1d78d4991d303c625cf452dc152eb59037738a47d982c173690581bc3,5A,U***,24d5ec41a65191f164deb4f9e038517307fa36d2994d443dc0d961e84efebe79,INDIGO,HYD,BOM,2026-04-19 20:06:41.700,2026-04-19 23:13:41.700,187.0,0.0,3h 7m,HYD to BOM,0.0,Evening (17-21),PAY1118,9263.24,CARD,16,Under 18,M,A***,A***
B1342,P1797,UK149,2025-04-29 11:37:36.951,CONFIRMED,4aa23a65d85c18dbbfc3e539247de627c6a1222c4e47a4ca3666f4a864c9fe58,4A,R***,e8a76cd7d40d7e603766b31d0b63999975bc067e68bce554c74e8f7c5296571c,VISTARA,MAA,DEL,2026-04-19 18:22:41.703,2026-04-19 23:08:41.703,286.0,0.0,4h 46m,MAA to DEL,1.0,Evening (17-21),PAY1472,10237.49,CARD,50,46-60,F,A***,J***
B1342,P1797,UK149,2025-04-29 11:37:36.951,CONFIRMED,4aa23a65d85c18dbbfc3e539247de627c6a1222c4e47a4ca3666f4a864c9fe58,4A,R***,e8a76cd7d40d7e603766b31d0b63999975bc067e68bce554c74e8f7c5296571c,VISTARA,MAA,DEL,2026-04-19 18:22:41.703,2026-04-19 23:08:41.703,286.0,0.0,4h 46m,MAA to DEL,1.0,Evening (17-21),PAY1507,8765.79,NETBANKING,50,46-60,F,A***,J***
B1343,P1904,SJ163,2026-03-08 11:37:36.951,CONFIRMED,1a2da2cbf46a8cf9d5d48415e9998b0306a1ba7abea37b569e4d8c9b175a5081,9F,Q***,4807a9d5b9b8e150934e3c76db2a93180bcef0a546a8593d14afcb141977c98d,SPICEJET,DEL,HYD,2026-04-19 18:32:41.703,2026-04-19 23:08:41.703,276.0,0.0,4h 36m,DEL to HYD,1.0,Evening (17-21),,,,66,60+,F,S***,J***
B1344,P1921,SJ243,2026-03-28 11:37:36.951,CONFIRMED,02932aa66d792c740eb833fe3ec3cf99fe272abb605a89159aa45bc73f3588c6,1D,Z***,964dd99d5518775f46cd50e229fdfd13afc1dbd7df78c8878c48db93b39c5579,SPICEJET,BLR,DEL,2026-04-19 18:17:41.704,2026-04-19 23:03:41.704,286.0,0.0,4h 46m,BLR to DEL,1.0,Evening (17-21),,,,5,Under 18,M,I***,C***
B1345,P1385,UK113,2025-06-06 11:37:36.951,CANCELLED,47d5f7e7b65c1e3018ca6bc014682a71263f944ed965dc6c9bad5c3739c09676,1A,I***,7d8275a6e7a1177bc68d2bce1b7168e807f22caecae5a61163b8ec0369f08479,VISTARA,CCU,DEL,2026-04-19 18:34:41.702,2026-04-19 22:58:41.702,264.0,0.0,4h 24m,CCU to DEL,1.0,Evening (17-21),,,,63,60+,F,R***,D***
B1346,P1061,AI071,2025-06-07 11:37:36.951,PENDING,3da89bcdedeb6aed22113f9337033c92a694f490bde485b79b8f96a7d6c23d34,30E,N***,eb2cb9451928a502e1aa277fed185669beee93dccb8726a382ed88df3970429c,AIR INDIA,BOM,MAA,2026-04-19 19:55:41.702,2026-04-19 22:58:41.702,183.0,0.0,3h 3m,BOM to MAA,0.0,Evening (17-21),,,,78,60+,M,S***,G***
B1347,P1514,6F271,2026-02-07 11:37:36.951,PENDING,89d09f13f0964fd5425bc3b571384eab3768663ca1441a479ff573ff3779adac,22A,E***,492df6ed71175d0a57d6e4f4d611f9aa24942a8a699c5872e79ec58dca8e07db,,,,,,,,,,,,PAY1097,12000.54,CARD,82,60+,M,A***,K***
B1348,P1429,SJ015,2025-06-05 11:37:36.951,CANCELLED,c5d48281df269fa75f40ea0d08d2051b7c1e4754eb6215b56eeade8cdeb0f75d,27E,M***,9f29b9bcf68555b66cfd7f9f9c75408c0fff4166d73db7140255494d462ab052,SPICEJET,BOM,CCU,2026-04-19 21:40:41.701,2026-04-19 22:52:41.701,72.0,0.0,1h 12m,BOM to CCU,0.0,Night (21-05),,,,61,60+,F,A***,P***
B1349,P1579,UK047,2025-11-19 11:37:36.951,CANCELLED,dc313243eed3d058b731e9d90eaa41db22ba353bb3b828c6e9359013991398df,9E,D***,6d8c6f5fb4548ac9453b89c559abbe33e0aeac0b9b5c76f303f979be217ad4df,VISTARA,BLR,HYD,2026-04-19 18:40:41.701,2026-04-19 22:45:41.701,245.0,0.0,4h 5m,BLR to HYD,1.0,Evening (17-21),PAY1601,11101.75,CARD,5,Under 18,F,K***,N***
B1350,P1536,UK020,2026-02-04 11:37:36.951,PENDING,38db8d6c49c80d3e000b67bd2e14de1cf810bafa6a3add6d3bfd511519fdedfd,12A,Y***,ec5e28b59e00175d28cc41b3610e3af60ffb91a7f33e7eb19ee15938dbd37ff2,VISTARA,MAA,BLR,2026-04-19 21:23:41.701,2026-04-19 22:38:41.701,75.0,0.0,1h 15m,MAA to BLR,0.0,Night (21-05),PAY1463,13802.17,UPI,19,18-30,F,R***,N***
B1350,P1536,UK020,2026-02-04 11:37:36.951,PENDING,38db8d6c49c80d3e000b67bd2e14de1cf810bafa6a3add6d3bfd511519fdedfd,12A,Y***,ec5e28b59e00175d28cc41b3610e3af60ffb91a7f33e7eb19ee15938dbd37ff2,VISTARA,MAA,BLR,2026-04-19 21:23:41.701,2026-04-19 22:38:41.701,75.0,0.0,1h 15m,MAA to BLR,0.0,Night (21-05),PAY1767,7709.03,CARD,19,18-30,F,R***,N***
B1350,P1536,UK020,2026-02-04 11:37:36.951,PENDING,38db8d6c49c80d3e000b67bd2e14de1cf810bafa6a3add6d3bfd511519fdedfd,12A,Y***,ec5e28b59e00175d28cc41b3610e3af60ffb91a7f33e7eb19ee15938dbd37ff2,VISTARA,MAA,BLR,2026-04-19 21:23:41.701,2026-04-19 22:38:41.701,75.0,0.0,1h 15m,MAA to BLR,0.0,Night (21-05),PAY1962,8540.17,CARD,19,18-30,F,R***,N***
B1351,P1690,AI122,2025-09-03 11:37:36.951,PENDING,669107de67c9ffe0a49b208daf346972f8a908727530c7300e5654f94a1d84cc,27F,O***,6962f3ea983daa23286687f3c3875bba8526cb6b320228fa7fd2cfef61b7571e,AIR INDIA,BOM,CCU,2026-04-19 18:25:41.702,2026-04-19 22:36:41.702,251.0,0.0,4h 11m,BOM to CCU,1.0,Evening (17-21),PAY1740,14687.44,UPI,85,60+,F,K***,K***
B1352,P1140,UK223,2025-10-20 11:37:36.951,CANCELLED,13f6cacdd4955ba0688c994ca1143d27c8fbd3ef5eea90c5d4bb2ee169de32c6,17D,L***,3e95e3b5576b6c8027d16f911e5971dd4c4dac03e0cf499a2159c85c045c3bef,VISTARA,CCU,DEL,2026-04-19 21:58:41.704,2026-04-19 22:30:41.704,32.0,0.0,0h 32m,CCU to DEL,0.0,Night (21-05),PAY1722,2116.34,CARD,42,31-45,M,S***,S***
B1352,P1140,UK223,2025-10-20 11:37:36.951,CANCELLED,13f6cacdd4955ba0688c994ca1143d27c8fbd3ef5eea90c5d4bb2ee169de32c6,17D,L***,3e95e3b5576b6c8027d16f911e5971dd4c4dac03e0cf499a2159c85c045c3bef,VISTARA,CCU,DEL,2026-04-19 21:58:41.704,2026-04-19 22:30:41.704,32.0,0.0,0h 32m,CCU to DEL,0.0,Night (21-05),PAY1870,10103.51,UPI,42,31-45,M,S***,S***
B1353,P1742,6F148,2025-09-19 11:37:36.951,CANCELLED,87ffd5d9a2078da9383b4e73857099e0660c0472101828c593f3887bc1bcde15,15F,S***,5c37f47e73a39bb668264494e1db9cf53be160928fca24160243a38f73cddfea,INDIGO,CCU,BOM,2026-04-19 20:23:41.703,2026-04-19 22:30:41.703,127.0,0.0,2h 7m,CCU to BOM,0.0,Evening (17-21),,,,23,18-30,M,A***,M***
B1354,P1299,SJ162,2025-12-14 11:37:36.951,CONFIRMED,f13e813bd4cb7315d10e7a8e710e0ed0cdee02fb41d405e81b5f5c93a6635397,34A,P***,410e16d0d0b19bce5824f03801c0bc720e14f836861d8bd8bd6b911c239e71a5,SPICEJET,DEL,HYD,2026-04-19 20:11:41.703,2026-04-19 22:30:41.703,139.0,0.0,2h 19m,DEL to HYD,0.0,Evening (17-21),PAY1987,10023.88,UPI,76,60+,F,A***,M***
B1355,P1674,6F127,2026-03-30 11:37:36.951,CONFIRMED,2b2b92ec2246742a07242dd80307f4d013453ad4ad0c640a8cc69adecf26473f,28B,D***,37a677c73de2ef69decaae83f093349e2e1473caec1246327ccf3c4d94eb1fc8,INDIGO,HYD,BOM,2026-04-19 18:27:41.702,2026-04-19 22:28:41.702,241.0,0.0,4h 1m,HYD to BOM,1.0,Evening (17-21),PAY1254,5421.14,CARD,35,31-45,M,M***,A***
B1355,P1674,6F127,2026-03-30 11:37:36.951,CONFIRMED,2b2b92ec2246742a07242dd80307f4d013453ad4ad0c640a8cc69adecf26473f,28B,D***,37a677c73de2ef69decaae83f093349e2e1473caec1246327ccf3c4d94eb1fc8,INDIGO,HYD,BOM,2026-04-19 18:27:41.702,2026-04-19 22:28:41.702,241.0,0.0,4h 1m,HYD to BOM,1.0,Evening (17-21),PAY1662,8877.37,CARD,35,31-45,M,M***,A***
B1356,P1310,AI173,2025-11-10 11:37:36.951,PENDING,1bf787d71455949b6a29c91efa04b478b2c92803c868be7a0c95773bfcfd2caa,11F,S***,7cf015f5bb41a177e1bd8d50d5d49a500126a018d078cc7451720383ba4de5a5,AIR INDIA,HYD,DEL,2026-04-19 17:36:41.703,2026-04-19 22:27:41.703,291.0,0.0,4h 51m,HYD to DEL,1.0,Evening (17-21),,,,21,18-30,F,A***,S***
B1357,P1470,6F065,2026-02-05 11:37:36.951,NAN,199329348a9ed12bdf2f87a482df7154cbc748984da7030901d998f17e4ddeed,14A,A***,c48e5d48e0fbc12e61165497b50a2b1f0e5f151b30c2435f4e910c026105e01b,INDIGO,MAA,BLR,2026-04-19 19:40:41.701,2026-04-19 22:23:41.701,163.0,0.0,2h 43m,MAA to BLR,0.0,Evening (17-21),PAY1726,6983.72,UPI,24,18-30,M,M***,K***
B1358,P1392,AI053,2025-06-22 11:37:36.951,PENDING,af4f3e9004ca355ecd9a8503c6ceb3c7efe1929f94e0a90e12702553c7c2f4cf,20A,N***,c3abdbeb9f2e68b4e24a041d4bd5b886dc26a4d814b49b5b1f4b034a098b0151,AIR INDIA,CCU,DEL,2026-04-19 18:04:41.701,2026-04-19 22:19:41.701,255.0,0.0,4h 15m,CCU to DEL,1.0,Evening (17-21),,,,52,46-60,M,R***,I***
B1359,P1641,AI241,2025-10-22 11:37:36.951,CONFIRMED,198027c5addbdf0b7715654cc5b42b8afde50db2542ff5f0167dc4b2a8bc0a76,14E,O***,cb29f1f4115c658db65d1c14cc68d6752a1848687fdece35d1b6f205600d357e,AIR INDIA,HYD,BLR,2026-04-19 20:11:41.704,2026-04-19 22:18:41.704,127.0,0.0,2h 7m,HYD to BLR,0.0,Evening (17-21),PAY1695,3097.73,CARD,1,Under 18,F,M***,G***
B1359,P1641,AI241,2025-10-22 11:37:36.951,CONFIRMED,198027c5addbdf0b7715654cc5b42b8afde50db2542ff5f0167dc4b2a8bc0a76,14E,O***,cb29f1f4115c658db65d1c14cc68d6752a1848687fdece35d1b6f205600d357e,AIR INDIA,HYD,BLR,2026-04-19 20:11:41.704,2026-04-19 22:18:41.704,127.0,0.0,2h 7m,HYD to BLR,0.0,Evening (17-21),PAY1751,8949.59,UPI,1,Under 18,F,M***,G***
B1359,P1641,AI241,2025-10-22 11:37:36.951,CONFIRMED,198027c5addbdf0b7715654cc5b42b8afde50db2542ff5f0167dc4b2a8bc0a76,14E,O***,cb29f1f4115c658db65d1c14cc68d6752a1848687fdece35d1b6f205600d357e,AIR INDIA,HYD,BLR,2026-04-19 20:11:41.704,2026-04-19 22:18:41.704,127.0,0.0,2h 7m,HYD to BLR,0.0,Evening (17-21),PAY1843,9519.49,UPI,1,Under 18,F,M***,G***
B1360,P1444,AI105,2025-06-15 11:37:36.951,NAN,b1ed9552226d2a25f731372791af24d59f542058d623e2276537f7670e779fea,18D,N***,82a8f49f865c48b4c957bef8b56425d4350cf81d715cddab033a82d305b8d804,AIR INDIA,CCU,DEL,2026-04-19 20:16:41.702,2026-04-19 22:03:41.702,107.0,0.0,1h 47m,CCU to DEL,0.0,Evening (17-21),,,,47,46-60,M,S***,G***
B1361,P1757,AI110,2025-08-24 11:37:36.951,PENDING,e8a32508d12a674589993255c5399e1a26e20b49b412e6b4c9166dcfa24c24ae,13F,N***,20db1c824f013a8a99c841b4d6b7357e50e6fc99e9ea730e18cef3c1f47bd682,AIR INDIA,BOM,CCU,2026-04-19 17:07:41.702,2026-04-19 22:00:41.702,293.0,0.0,4h 53m,BOM to CCU,1.0,Evening (17-21),PAY1333,5339.72,UPI,63,60+,M,A***,G***
B1362,P1808,AI252,2025-10-22 11:37:36.951,CONFIRMED,4038b2f037424bb2abb4121f5240eca86129622898d958b7066d568ecba57dd3,15B,U***,b4781476370dd39e74f153520f0e6cac0df7ff640d9e05634c4abb518186172a,,,,,,,,,,,,,,,70,60+,M,A***,J***
B1363,P1171,AI149,2025-12-14 11:37:36.951,CANCELLED,d85a68af1a8c0d50c7a49d44655a4d877203dff85a7fcf6b7c350eb9040b3a4e,3B,B***,452446fcad7d882d23bbcd37e7368508631b33e00d9c220a96ce630ea3b1f9c4,AIR INDIA,BOM,HYD,2026-04-19 18:19:41.703,2026-04-19 21:36:41.703,197.0,0.0,3h 17m,BOM to HYD,0.0,Evening (17-21),PAY1177,8554.62,NETBANKING,62,60+,M,I***,B***
B1364,P1575,AI224,2025-09-09 11:37:36.951,PENDING,90fdf7033030c2b3587eb43f6ef22506d484c8007b3660942b395493328dd8e7,23F,B***,de7d589036fcc6a7b75d1d79a2216fe59a100ce20a4895e6604951ba181b1e1c,AIR INDIA,DEL,HYD,2026-04-19 16:51:41.703,2026-04-19 21:36:41.703,285.0,0.0,4h 45m,DEL to HYD,1.0,Afternoon (12-17),PAY1240,2061.92,CARD,9,Under 18,M,A***,M***
B1364,P1575,AI224,2025-09-09 11:37:36.951,PENDING,90fdf7033030c2b3587eb43f6ef22506d484c8007b3660942b395493328dd8e7,23F,B***,de7d589036fcc6a7b75d1d79a2216fe59a100ce20a4895e6604951ba181b1e1c,AIR INDIA,DEL,HYD,2026-04-19 16:51:41.703,2026-04-19 21:36:41.703,285.0,0.0,4h 45m,DEL to HYD,1.0,Afternoon (12-17),PAY1777,10914.38,NETBANKING,9,Under 18,M,A***,M***
B1364,P1575,AI224,2025-09-09 11:37:36.951,PENDING,90fdf7033030c2b3587eb43f6ef22506d484c8007b3660942b395493328dd8e7,23F,B***,de7d589036fcc6a7b75d1d79a2216fe59a100ce20a4895e6604951ba181b1e1c,AIR INDIA,DEL,HYD,2026-04-19 16:51:41.703,2026-04-19 21:36:41.703,285.0,0.0,4h 45m,DEL to HYD,1.0,Afternoon (12-17),PAY1900,1147.36,NETBANKING,9,Under 18,M,A***,M***
B1365,P1030,UK158,2025-07-03 11:37:36.951,CANCELLED,54ca312da9955454ee92f0ac6d35737aecda23e07d4eb2fbf087244f44c77cb6,15B,S***,3892694200e0fa783a821dd935efe68f6902621c52046788307268d0ece33c49,VISTARA,BOM,MAA,2026-04-19 20:49:41.703,2026-04-19 21:22:41.703,33.0,0.0,0h 33m,BOM to MAA,0.0,Evening (17-21),,,,60,46-60,F,A***,K***
B1366,P1046,6F125,2025-05-05 11:37:36.951,CANCELLED,61cf646015fc9f6fbbcbaaf70992240351310250ff5acc30d7c4bf1f9daae2d1,25E,V***,b1e18f00cb9e9c5761c04da143ec938a36915ceaab7c5ac96bfa1f0fbf17e8c3,INDIGO,BOM,CCU,2026-04-19 17:09:41.702,2026-04-19 21:13:41.702,244.0,0.0,4h 4m,BOM to CCU,1.0,Evening (17-21),,,,18,18-30,M,S***,S***
B1367,P1129,UK164,2025-12-14 11:37:36.951,CONFIRMED,2a7ab90783910f8fb08823da892fa10a7d122230de1485fb06a66256fa4c1b18,18A,R***,a06efbbcc5bae9643a2eabfa8a4e560dfea6d7470a32aa7c7bb5eebe8dc4c14c,VISTARA,BOM,HYD,2026-04-19 16:46:41.703,2026-04-19 21:10:41.703,264.0,0.0,4h 24m,BOM to HYD,1.0,Afternoon (12-17),PAY1011,2379.52,CARD,65,60+,F,V***,J***
B1368,P1351,UK007,2025-12-26 11:37:36.951,CANCELLED,cebfca06e79e4850277c4658c7f0aa707c957e6b82343020ff7b331a0f4e9210,1E,I***,697404476f3597a3874f53af8aaaf1c56453bb21fa2b242d0ffd1a29a67f08f1,VISTARA,DEL,HYD,2026-04-19 18:50:41.701,2026-04-19 21:04:41.701,134.0,0.0,2h 14m,DEL to HYD,0.0,Evening (17-21),PAY1572,9184.07,CARD,2,Under 18,F,A***,K***
B1368,P1351,UK007,2025-12-26 11:37:36.951,CANCELLED,cebfca06e79e4850277c4658c7f0aa707c957e6b82343020ff7b331a0f4e9210,1E,I***,697404476f3597a3874f53af8aaaf1c56453bb21fa2b242d0ffd1a29a67f08f1,VISTARA,DEL,HYD,2026-04-19 18:50:41.701,2026-04-19 21:04:41.701,134.0,0.0,2h 14m,DEL to HYD,0.0,Evening (17-21),PAY1808,9111.32,CARD,2,Under 18,F,A***,K***
B1368,P1351,UK007,2025-12-26 11:37:36.951,CANCELLED,cebfca06e79e4850277c4658c7f0aa707c957e6b82343020ff7b331a0f4e9210,1E,I***,697404476f3597a3874f53af8aaaf1c56453bb21fa2b242d0ffd1a29a67f08f1,VISTARA,DEL,HYD,2026-04-19 18:50:41.701,2026-04-19 21:04:41.701,134.0,0.0,2h 14m,DEL to HYD,0.0,Evening (17-21),PAY1970,3626.55,UPI,2,Under 18,F,A***,K***
B1369,P1977,6F118,2026-03-18 11:37:36.951,PENDING,11a597b1f664690dd26d65907d40a1a77ff75ab15d7ef50a6e664848e4cd0d93,15F,M***,f31f64a15712d980734ccbf1a5d4a1daf3b8c6344197b8c32e794f6b5fc4897b,INDIGO,CCU,HYD,2026-04-19 19:52:41.702,2026-04-19 21:01:41.702,69.0,0.0,1h 9m,CCU to HYD,0.0,Evening (17-21),PAY1729,7583.98,UPI,64,60+,M,S***,J***
B1369,P1977,6F118,2026-03-18 11:37:36.951,PENDING,11a597b1f664690dd26d65907d40a1a77ff75ab15d7ef50a6e664848e4cd0d93,15F,M***,f31f64a15712d980734ccbf1a5d4a1daf3b8c6344197b8c32e794f6b5fc4897b,INDIGO,CCU,HYD,2026-04-19 19:52:41.702,2026-04-19 21:01:41.702,69.0,0.0,1h 9m,CCU to HYD,0.0,Evening (17-21),PAY1973,10519.7,UPI,64,60+,M,S***,J***
B1370,P1844,SJ004,2026-01-01 11:37:36.951,CANCELLED,ba77c00161b2e83d4a7402d7cbccd7dd806c2b1b5b41a028ecf281bbdcff9c10,19C,L***,3095882b3bf598bac1c0af9beb7e82bf90e0ffa14cef811383c71eff358bbd62,SPICEJET,MAA,DEL,2026-04-19 17:52:41.701,2026-04-19 21:01:41.701,189.0,0.0,3h 9m,MAA to DEL,0.0,Evening (17-21),PAY1378,1770.53,UPI,59,46-60,F,V***,P***
B1370,P1844,SJ004,2026-01-01 11:37:36.951,CANCELLED,ba77c00161b2e83d4a7402d7cbccd7dd806c2b1b5b41a028ecf281bbdcff9c10,19C,L***,3095882b3bf598bac1c0af9beb7e82bf90e0ffa14cef811383c71eff358bbd62,SPICEJET,MAA,DEL,2026-04-19 17:52:41.701,2026-04-19 21:01:41.701,189.0,0.0,3h 9m,MAA to DEL,0.0,Evening (17-21),PAY1712,14742.11,UPI,59,46-60,F,V***,P***
B1371,P1621,6F206,2025-09-25 11:37:36.951,CANCELLED,cb71426dfa78f073e01408f980d6e7f24f581fffaba503128c3b353cf7d9840c,15E,D***,00b2398e00b4bd1a94bdbd2741e11688836cc2b93afc1164bb6a863cd738cb07,INDIGO,DEL,BOM,2026-04-19 16:39:41.703,2026-04-19 20:59:41.703,260.0,0.0,4h 20m,DEL to BOM,1.0,Afternoon (12-17),,,,44,31-45,M,A***,S***
B1372,P1580,SJ130,2025-05-11 11:37:36.951,CANCELLED,f6c1edf058ec815f85d99935cd53a7e2872613541620fd7bf7abe2d3e0cf7934,11D,D***,a538587f863ca5169fb64e1b1f5f700968ab57cb2cb9900a6089fb2448954a5e,SPICEJET,BOM,DEL,2026-04-19 16:53:41.702,2026-04-19 20:53:41.702,240.0,0.0,4h 0m,BOM to DEL,1.0,Afternoon (12-17),PAY1245,4621.54,NETBANKING,29,18-30,M,K***,I***
B1372,P1580,SJ130,2025-05-11 11:37:36.951,CANCELLED,f6c1edf058ec815f85d99935cd53a7e2872613541620fd7bf7abe2d3e0cf7934,11D,D***,a538587f863ca5169fb64e1b1f5f700968ab57cb2cb9900a6089fb2448954a5e,SPICEJET,BOM,DEL,2026-04-19 16:53:41.702,2026-04-19 20:53:41.702,240.0,0.0,4h 0m,BOM to DEL,1.0,Afternoon (12-17),PAY1545,5975.68,CARD,29,18-30,M,K***,I***
B1373,P1057,SJ070,2026-02-14 11:37:36.951,CANCELLED,1ecd0d12cc00e0bb35b0ed72134ceec6e3770bef3ce5d2edf041c034afd54f3c,22F,R***,fcfe7fdef2d1f37e942b06ce6a5793ddb9c5bfca55b6b00532ec8901b583f049,SPICEJET,MAA,CCU,2026-04-19 18:55:41.701,2026-04-19 20:48:41.701,113.0,0.0,1h 53m,MAA to CCU,0.0,Evening (17-21),PAY1180,6540.32,UPI,44,31-45,M,I***,G***
B1374,P1105,AI085,2025-04-24 11:37:36.951,CANCELLED,7014dd5bb8995f974978a7adfb935e2cfa109584c61436c517fd7cd8853381d9,7F,U***,a36bea767991f2b4ec8c18ba5313fae229e19096c8a736176ec912433ade5da3,AIR INDIA,DEL,HYD,2026-04-19 15:45:41.702,2026-04-19 20:33:41.702,288.0,0.0,4h 48m,DEL to HYD,1.0,Afternoon (12-17),,,,63,60+,F,M***,S***
B1375,P1811,SJ109,2025-09-02 11:37:36.951,CONFIRMED,18f064f986c2b9e6c610cea5a5b8f0f32a4ac6719375c50ed1e514081f1b8839,15B,N***,d88a2ccf0d594d509bf29c4d3a2e0abcca563b0f0a1b608608ab995d05e5ef2c,SPICEJET,BOM,DEL,2026-04-19 17:24:41.702,2026-04-19 20:28:41.702,184.0,0.0,3h 4m,BOM to DEL,0.0,Evening (17-21),PAY1342,9150.53,UPI,12,Under 18,F,M***,B***
B1375,P1811,SJ109,2025-09-02 11:37:36.951,CONFIRMED,18f064f986c2b9e6c610cea5a5b8f0f32a4ac6719375c50ed1e514081f1b8839,15B,N***,d88a2ccf0d594d509bf29c4d3a2e0abcca563b0f0a1b608608ab995d05e5ef2c,SPICEJET,BOM,DEL,2026-04-19 17:24:41.702,2026-04-19 20:28:41.702,184.0,0.0,3h 4m,BOM to DEL,0.0,Evening (17-21),PAY1531,10064.26,UPI,12,Under 18,F,M***,B***
B1376,P1329,AI168,2025-08-24 11:37:36.951,PENDING,bf4e6a5512a86a592430bcbe0e79be38757660d4269d0a7a5c462e8931414b1f,16B,X***,0e58956b9db26f816c0bf0c861a72671d9bc0e701e265e1800692c5258b7734b,,,,,,,,,,,,PAY1723,12718.31,NETBANKING,46,46-60,F,A***,S***
B1376,P1329,AI168,2025-08-24 11:37:36.951,PENDING,bf4e6a5512a86a592430bcbe0e79be38757660d4269d0a7a5c462e8931414b1f,16B,X***,0e58956b9db26f816c0bf0c861a72671d9bc0e701e265e1800692c5258b7734b,,,,,,,,,,,,PAY1735,7199.9,UPI,46,46-60,F,A***,S***
B1377,P1767,UK123,2025-10-24 11:37:36.951,CONFIRMED,f31cf5a1d62c261727bd51e31557b26426b0132dda2e80cc85308bc795026d0d,26A,W***,f0dc3562f7f00ee8367755ca854039cfccbdc4d4391e393b32eb4aab1b9bf1f6,VISTARA,BOM,DEL,2026-04-19 17:24:41.702,2026-04-19 20:18:41.702,174.0,0.0,2h 54m,BOM to DEL,0.0,Evening (17-21),,,,4,Under 18,M,S***,S***
B1378,P1823,UK110,2026-01-16 11:37:36.951,PENDING,39ce2878855df38c63a183b407caf7bde47e2038e3144c047a51aee6c8dc8df9,30D,F***,6ecbbf6b294a1cc5eaa6c4c3310013eadfbcb0e973121c811e86536de73a07c6,VISTARA,HYD,DEL,2026-04-19 15:26:41.702,2026-04-19 20:13:41.702,287.0,0.0,4h 47m,HYD to DEL,1.0,Afternoon (12-17),PAY1491,4050.66,UPI,63,60+,M,R***,B***
B1378,P1823,UK110,2026-01-16 11:37:36.951,PENDING,39ce2878855df38c63a183b407caf7bde47e2038e3144c047a51aee6c8dc8df9,30D,F***,6ecbbf6b294a1cc5eaa6c4c3310013eadfbcb0e973121c811e86536de73a07c6,VISTARA,HYD,DEL,2026-04-19 15:26:41.702,2026-04-19 20:13:41.702,287.0,0.0,4h 47m,HYD to DEL,1.0,Afternoon (12-17),PAY1896,10365.35,CARD,63,60+,M,R***,B***
B1379,P1682,AI206,2025-11-02 11:37:36.951,PENDING,58957f9bf725269186bd9624e8eac5eddde72f9d95e785e1a8ac36480606a690,31C,R***,b77cff935e355f5d3434358ccf2b76612e136009497e068a04586daf797b0621,AIR INDIA,CCU,MAA,2026-04-19 16:30:41.703,2026-04-19 20:01:41.703,211.0,0.0,3h 31m,CCU to MAA,0.0,Afternoon (12-17),,,,56,46-60,M,K***,N***
B1380,P1382,6F007,2026-04-16 11:37:36.951,PENDING,ee64483efeca3acd581f6dcee89e52709bd16139c316e6dd31c1cd1a5a98299c,6B,Z***,ab3375d0b438210c48b641e66ac4e0d261c44d6535d8ef3c52d98afa83a7b59c,INDIGO,HYD,MAA,2026-04-19 18:55:41.701,2026-04-19 19:54:41.701,59.0,0.0,0h 59m,HYD to MAA,0.0,Evening (17-21),PAY1307,14705.02,CARD,51,46-60,F,A***,I***
B1381,P1984,SJ013,2025-11-11 11:37:36.951,PENDING,2a4815cfe5a57c30a4a555e705238a66830e49b92890fab1ce343380c9e56a17,33A,G***,e78f465637b3d54efda11cd83bf114583a8eb4149e19759d0fca6d5145bee70c,SPICEJET,DEL,MAA,2026-04-19 15:25:41.701,2026-04-19 19:54:41.701,269.0,0.0,4h 29m,DEL to MAA,1.0,Afternoon (12-17),PAY1975,7452.89,UPI,85,60+,F,I***,S***
B1382,P1161,UK061,2025-09-19 11:37:36.951,PENDING,5f6371b3c2b4ed34cdaa85a330ee2d723e8d191c087676434e1128fed13d6094,20D,A***,10e22b830bf1637b4ba4bd427fa0329926c9fc69548622da91decf508f96342e,VISTARA,BLR,BOM,2026-04-19 17:58:41.701,2026-04-19 19:48:41.701,110.0,0.0,1h 50m,BLR to BOM,0.0,Evening (17-21),PAY1239,14862.46,UPI,57,46-60,F,K***,A***
B1383,P1996,AI010,2025-09-24 11:37:36.951,CANCELLED,d45332a2b07c0f087a598c0207d0f5ec970a0e2397c688e2d4da45708351ba74,8C,B***,6f6204a2adbc7048f1d79859dc1d90c1a21798bd4fa9058ba64f7ea2351deac9,AIR INDIA,BOM,HYD,2026-04-19 15:00:41.701,2026-04-19 19:48:41.701,288.0,0.0,4h 48m,BOM to HYD,1.0,Afternoon (12-17),,,,40,31-45,M,I***,N***
B1384,P1285,AI024,2025-05-16 11:37:36.951,CONFIRMED,4b659628d2deb1342252b0c19aaa4a1455cae63daaf30e5588cbce12cb361df7,11D,U***,2453a4077249e71db3c8c091cf8ef438cc4b3d6ae65c1e856928a769f7e5b19c,AIR INDIA,MAA,BOM,2026-04-19 18:38:41.701,2026-04-19 19:45:41.701,67.0,0.0,1h 7m,MAA to BOM,0.0,Evening (17-21),PAY1594,5107.55,NETBANKING,41,31-45,M,R***,A***
B1385,P1070,UK130,2025-06-08 11:37:36.951,CONFIRMED,e8a1f020b5eca866f6a037f536beee7b86e31b0535b7205b63d19f75b09bcf9f,30B,R***,087bb9e38827172bedd6f17c420a6aab3af2d90469761c330da3856f56ce6949,VISTARA,MAA,BLR,2026-04-19 15:36:41.702,2026-04-19 19:43:41.702,247.0,0.0,4h 7m,MAA to BLR,1.0,Afternoon (12-17),,,,54,46-60,F,I***,S***
B1386,P1766,AI161,2026-03-12 11:37:36.951,CANCELLED,adc007ff8ba0ca21c291f0a8f37979806b22609ce6e0a39cdc730ad0c0ab8032,10A,P***,a5df3a22eab95419681f1a2ebe3ddb406080708a1ae4653d4f20cf540b9446bf,AIR INDIA,CCU,BOM,2026-04-19 16:40:41.703,2026-04-19 19:40:41.703,180.0,0.0,3h 0m,CCU to BOM,0.0,Afternoon (12-17),,,,29,18-30,F,I***,B***
B1387,P1453,SJ208,2025-07-23 11:37:36.951,PENDING,0d04585c7c4551a5db11c693f1a3c2e076a815013fef1e652f652a483a547343,24F,V***,5c3d3238df2b219aac81d077367009e2376137aacd1fd7e879eaed2138574dbf,SPICEJET,DEL,HYD,2026-04-19 18:32:41.703,2026-04-19 19:33:41.703,61.0,0.0,1h 1m,DEL to HYD,0.0,Evening (17-21),,,,23,18-30,M,D***,I***
B1388,P1885,6F038,2025-09-23 11:37:36.951,INVALID,d591e5b5917b90e35af65e240696e7b3ba4fc5a68b8078403005927696b9606a,8D,U***,b303649802eac203a4dbb3630e358f389e6de26b62a34d5368ce0d9b93af3120,INDIGO,HYD,MAA,2026-04-19 15:36:41.701,2026-04-19 19:33:41.701,237.0,0.0,3h 57m,HYD to MAA,1.0,Afternoon (12-17),PAY1317,10389.84,NETBANKING,33,31-45,F,I***,C***
B1388,P1885,6F038,2025-09-23 11:37:36.951,INVALID,d591e5b5917b90e35af65e240696e7b3ba4fc5a68b8078403005927696b9606a,8D,U***,b303649802eac203a4dbb3630e358f389e6de26b62a34d5368ce0d9b93af3120,INDIGO,HYD,MAA,2026-04-19 15:36:41.701,2026-04-19 19:33:41.701,237.0,0.0,3h 57m,HYD to MAA,1.0,Afternoon (12-17),PAY1734,12160.17,UPI,33,31-45,F,I***,C***
B1389,P1566,6F085,2026-02-22 11:37:36.951,NAN,bfe9962a404d13db1978e854196c966a79995c70a0f9b1bfca14481deefbd909,30D,N***,779e8e23cc5a376c6351025ff2c1bc70ed9760f2e8a19a9b1c8a6261f9d3d9bd,INDIGO,HYD,MAA,2026-04-19 17:32:41.702,2026-04-19 19:32:42.000,120.0,0.0,2h 0m,HYD to MAA,0.0,Evening (17-21),,,,9,Under 18,F,V***,S***
B1390,P1834,SJ028,2026-03-09 11:37:36.951,CANCELLED,c1705858180038b9278370f5418c8ea1c405fe2104b3b3da60ba106bc42ae11b,8C,E***,7c72603f0bf49aaf59519b59a96240490917e8fcb05def11f34b6344dc300702,SPICEJET,CCU,BOM,2026-04-19 15:04:41.701,2026-04-19 19:32:41.701,268.0,0.0,4h 28m,CCU to BOM,1.0,Afternoon (12-17),,,,56,46-60,M,R***,S***
B1391,P1396,SJ084,2025-11-26 11:37:36.951,CONFIRMED,367882bb294be5d998642ce07a0343032b3d000698dbd29f5a6d2fa978759297,21F,N***,e82a36fc3a593b6da6bd2d94aea54ad8076504e09bea90532ca24110f532c923,SPICEJET,HYD,MAA,2026-04-19 18:31:41.702,2026-04-19 19:30:41.702,59.0,0.0,0h 59m,HYD to MAA,0.0,Evening (17-21),PAY1143,10930.16,CARD,54,46-60,F,V***,M***
B1391,P1396,SJ084,2025-11-26 11:37:36.951,CONFIRMED,367882bb294be5d998642ce07a0343032b3d000698dbd29f5a6d2fa978759297,21F,N***,e82a36fc3a593b6da6bd2d94aea54ad8076504e09bea90532ca24110f532c923,SPICEJET,HYD,MAA,2026-04-19 18:31:41.702,2026-04-19 19:30:41.702,59.0,0.0,0h 59m,HYD to MAA,0.0,Evening (17-21),PAY1282,14307.48,UPI,54,46-60,F,V***,M***
B1391,P1396,SJ084,2025-11-26 11:37:36.951,CONFIRMED,367882bb294be5d998642ce07a0343032b3d000698dbd29f5a6d2fa978759297,21F,N***,e82a36fc3a593b6da6bd2d94aea54ad8076504e09bea90532ca24110f532c923,SPICEJET,HYD,MAA,2026-04-19 18:31:41.702,2026-04-19 19:30:41.702,59.0,0.0,0h 59m,HYD to MAA,0.0,Evening (17-21),PAY1525,10231.31,CARD,54,46-60,F,V***,M***
B1392,P1514,AI139,2026-03-27 11:37:36.951,CONFIRMED,02dd14e2d585554954b10ea62832b89f54f81c97f2471eb9420c7f3d85cb4566,21D,N***,afb3855ca81723653a9a28159285ca2139fd5a180f4d0d94e2e98d17002fa9dc,AIR INDIA,HYD,MAA,2026-04-19 18:23:41.702,2026-04-19 19:24:41.702,61.0,0.0,1h 1m,HYD to MAA,0.0,Evening (17-21),,,,82,60+,M,A***,K***
B1393,P1025,UK179,2026-04-06 11:37:36.951,PENDING,fa0a95ef270bdcc1e3066d8573e4f94b116d9bb74234ee71556497b2c3a075a0,26E,B***,828ebe3f06918c3b50977e42052e0d872862eadc5256aa1bf190b4ed709797f7,VISTARA,DEL,HYD,2026-04-19 14:25:41.703,2026-04-19 19:15:41.703,290.0,0.0,4h 50m,DEL to HYD,1.0,Afternoon (12-17),PAY1749,5252.26,UPI,22,18-30,M,A***,C***
B1394,P1312,6F256,2025-07-23 11:37:36.951,PENDING,97671cfb2458b4e526f633292cf6c7b9d50da97c7081df58b6ad088a56a87c0a,23F,B***,c141e6f7032080fc57f9151b92a5cc6d3f3539ea3a2a1bd9c62f980025b4fa4a,,,,,,,,,,,,,,,28,18-30,F,S***,V***
B1395,P1125,UK023,2026-02-10 11:37:36.951,INVALID,79cccf8ec4ee9a1f4eaaf021ca6dc7fd0a66257801541de070648531608479a1,23B,G***,6e9f99a7b5143b029cbe10e8b773521e6e366bab840135ee4563399946c31a49,VISTARA,DEL,MAA,2026-04-19 14:15:41.701,2026-04-19 19:03:41.701,288.0,0.0,4h 48m,DEL to MAA,1.0,Afternoon (12-17),PAY1643,10317.13,NETBANKING,37,31-45,F,R***,R***
B1396,P1407,AI039,2025-08-03 11:37:36.951,NAN,4660ca5be1d93bcacf1bb6fa4a106bf591c0c261e35243eca670a3a4c100fd38,13E,Z***,ec9968389cb96b3907dce3f058a5340d36fc8fc047eccc73b06d32aaec5242ff,AIR INDIA,MAA,BLR,2026-04-19 15:24:41.701,2026-04-19 18:56:41.701,212.0,0.0,3h 32m,MAA to BLR,0.0,Afternoon (12-17),PAY1564,1731.44,CARD,52,46-60,F,S***,K***
B1396,P1407,AI039,2025-08-03 11:37:36.951,NAN,4660ca5be1d93bcacf1bb6fa4a106bf591c0c261e35243eca670a3a4c100fd38,13E,Z***,ec9968389cb96b3907dce3f058a5340d36fc8fc047eccc73b06d32aaec5242ff,AIR INDIA,MAA,BLR,2026-04-19 15:24:41.701,2026-04-19 18:56:41.701,212.0,0.0,3h 32m,MAA to BLR,0.0,Afternoon (12-17),PAY1985,14467.69,CARD,52,46-60,F,S***,K***
B1397,P1564,UK190,2026-02-05 11:37:36.951,CANCELLED,5f3eb033667368fcf0990d811e2518d65d8cb28eecf09e117bae6471ed515e6c,28D,J***,6739f767568e0c3fb889a4fa21ab3678f89c1b45ddbd3f281939dd49c7e01843,VISTARA,DEL,BLR,2026-04-19 15:49:41.703,2026-04-19 18:53:41.703,184.0,0.0,3h 4m,DEL to BLR,0.0,Afternoon (12-17),PAY1966,3065.33,NETBANKING,18,18-30,M,S***,C***
B1398,P1197,6F224,2026-02-04 11:37:36.951,PENDING,2258161f94b720045eef83d54f1e93f897367ddf9c147b1b86ec4653f1ba730f,3E,Y***,3392a0aa0cf2d2eb2e20a25e855210032abe05873103c872f9350b1f0ae9d3cf,INDIGO,DEL,MAA,2026-04-19 16:53:41.704,2026-04-19 18:52:41.704,119.0,0.0,1h 59m,DEL to MAA,0.0,Afternoon (12-17),PAY1347,7148.95,NETBANKING,3,Under 18,M,K***,N***
B1399,P1810,UK221,2025-05-31 11:37:36.951,PENDING,4a82b7c5223324efd77382833ba86fc9a54960e3b14dd839569e4ae1f1e30463,7A,T***,3474282d6f07b572ab1b3528554b0aa70338f5e5528d71264a8dba990996345c,VISTARA,CCU,DEL,2026-04-19 14:18:41.704,2026-04-19 18:44:41.704,266.0,0.0,4h 26m,CCU to DEL,1.0,Afternoon (12-17),,,,5,Under 18,M,I***,N***
B1400,P1187,SJ107,2026-04-02 11:37:36.951,CANCELLED,e9dd376b652fbddb7015a6efc6403a4c182272a5a76b823a101fe1402a279359,12F,C***,857f52ac7357e6f3c8bbe532d911862689df6acbf883a07ffa23bb8990e583c0,SPICEJET,BOM,MAA,2026-04-19 14:10:41.702,2026-04-19 18:38:41.702,268.0,0.0,4h 28m,BOM to MAA,1.0,Afternoon (12-17),PAY1776,3063.78,UPI,59,46-60,F,A***,D***
B1401,P1697,UK155,2025-04-20 11:37:36.951,NAN,199a14969765d149c244b34610cc6e93afc90b8dfb659b1a87b2c35904454b31,21D,Z***,26e17e496663724965e977d97cb317810340ba6b01a2e218b2814d771de79ddc,VISTARA,MAA,HYD,2026-04-19 14:34:41.703,2026-04-19 18:37:41.703,243.0,0.0,4h 3m,MAA to HYD,1.0,Afternoon (12-17),PAY1261,10393.94,CARD,49,46-60,F,A***,N***
B1401,P1697,UK155,2025-04-20 11:37:36.951,NAN,199a14969765d149c244b34610cc6e93afc90b8dfb659b1a87b2c35904454b31,21D,Z***,26e17e496663724965e977d97cb317810340ba6b01a2e218b2814d771de79ddc,VISTARA,MAA,HYD,2026-04-19 14:34:41.703,2026-04-19 18:37:41.703,243.0,0.0,4h 3m,MAA to HYD,1.0,Afternoon (12-17),PAY1842,2700.51,UPI,49,46-60,F,A***,N***
B1401,P1697,UK155,2025-04-20 11:37:36.951,NAN,199a14969765d149c244b34610cc6e93afc90b8dfb659b1a87b2c35904454b31,21D,Z***,26e17e496663724965e977d97cb317810340ba6b01a2e218b2814d771de79ddc,VISTARA,MAA,HYD,2026-04-19 14:34:41.703,2026-04-19 18:37:41.703,243.0,0.0,4h 3m,MAA to HYD,1.0,Afternoon (12-17),PAY1885,7755.08,CARD,49,46-60,F,A***,N***
B1402,P1816,UK183,2026-03-21 11:37:36.951,CANCELLED,082f47fffe4dffe43dd2d7247b4f37aa179cda010ad9578e1576e96638a9f11d,7E,W***,234fc6813f58e3f4bdcd4bda1f4a2027d605f462567c914ef67fa031b379bb15,VISTARA,BLR,CCU,2026-04-19 17:07:41.703,2026-04-19 18:30:41.703,83.0,0.0,1h 23m,BLR to CCU,0.0,Evening (17-21),PAY1607,9048.17,NETBANKING,45,31-45,F,S***,J***
B1402,P1816,UK183,2026-03-21 11:37:36.951,CANCELLED,082f47fffe4dffe43dd2d7247b4f37aa179cda010ad9578e1576e96638a9f11d,7E,W***,234fc6813f58e3f4bdcd4bda1f4a2027d605f462567c914ef67fa031b379bb15,VISTARA,BLR,CCU,2026-04-19 17:07:41.703,2026-04-19 18:30:41.703,83.0,0.0,1h 23m,BLR to CCU,0.0,Evening (17-21),PAY1798,7010.5,UPI,45,31-45,F,S***,J***
B1403,P1809,SJ203,2025-05-08 11:37:36.951,PENDING,c4290de0122cdb3586d277803040549e2b77db3db529042268f7927942c72ea8,26A,C***,16d90be88a1dc95e465e5a2a7f0afd16d4f4ad4250d29b211fed69b5080c3a80,,,,,,,,,,,,,,,1,Under 18,M,D***,M***
B1404,P1715,6F253,2026-03-07 11:37:36.951,INVALID,5433613f499bc2ef65441e957f1b292e5e04bf5a43f90e61c7005c25edc6c835,16A,A***,3966bba69efad27003bfcdbb45899245021f3033791371c163df9c3af74941ff,IndiGo,MAA,BLR,2026-04-19 16:26:41.703,2026-04-19 18:24:41.703,118.0,0.0,1h 58m,MAA to BLR,0.0,Afternoon (12-17),PAY1104,7473.06,UPI,17,Under 18,M,V***,M***
B1405,P1483,AI100,2025-08-26 11:37:36.951,PENDING,f4c75bec720cb9b8e88acb37df3683fddb29971111aa0da8cb62f47375fbbc01,32F,B***,9ca4685c41140513be0c0903fedd6d30fc9302d34f50fd111e33b3b052fe1db8,Air India,CCU,BOM,2026-04-19 14:42:41.702,2026-04-19 18:22:41.702,220.0,0.0,3h 40m,CCU to BOM,1.0,Afternoon (12-17),,,,40,31-45,F,A***,D***
B1406,P1449,6F140,2025-06-24 11:37:36.951,CONFIRMED,2ce3ca5113299525019b4afc5752c7597b70fc613fe09eb1be1f4a384a871e91,15D,V***,2ace6b9374cdbeb8100f65218012138b7b987c10b3c9dcd377515c62d8761a7c,INDIGO,CCU,HYD,2026-04-19 16:30:41.702,2026-04-19 18:21:41.702,111.0,0.0,1h 51m,CCU to HYD,0.0,Afternoon (12-17),PAY1604,14922.3,NETBANKING,48,46-60,F,D***,S***
B1406,P1449,6F140,2025-06-24 11:37:36.951,CONFIRMED,2ce3ca5113299525019b4afc5752c7597b70fc613fe09eb1be1f4a384a871e91,15D,V***,2ace6b9374cdbeb8100f65218012138b7b987c10b3c9dcd377515c62d8761a7c,INDIGO,CCU,HYD,2026-04-19 16:30:41.702,2026-04-19 18:21:41.702,111.0,0.0,1h 51m,CCU to HYD,0.0,Afternoon (12-17),PAY1681,6800.32,NETBANKING,48,46-60,F,D***,S***
B1407,P1522,UK048,2025-08-26 11:37:36.951,CONFIRMED,20fd4e074e343373724523bb185c7cdcda6475661ca7497d854b0f6511c689ed,25A,A***,1828ff81d8323e910f1dc42ee61a6bf7b5d2ea67e5182f060b878da8150d6822,VISTARA,MAA,DEL,2026-04-19 13:36:41.701,2026-04-19 18:21:41.701,285.0,0.0,4h 45m,MAA to DEL,1.0,Afternoon (12-17),,,,23,18-30,F,R***,S***
B1408,P1870,SJ204,2025-07-29 11:37:36.951,CONFIRMED,61493c589af91b7cbdddf436835763e0fe4cd040e9ecac6ba107cb53d03c5f75,12F,N***,9b66f2dad73e7b671bb6ab635f7997ca97528a04b57c29a3ff5d9961c6640fbe,SPICEJET,CCU,DEL,2026-04-19 16:34:41.703,2026-04-19 18:15:41.703,101.0,0.0,1h 41m,CCU to DEL,0.0,Afternoon (12-17),PAY1089,6561.39,UPI,86,60+,F,R***,P***
B1408,P1870,SJ204,2025-07-29 11:37:36.951,CONFIRMED,61493c589af91b7cbdddf436835763e0fe4cd040e9ecac6ba107cb53d03c5f75,12F,N***,9b66f2dad73e7b671bb6ab635f7997ca97528a04b57c29a3ff5d9961c6640fbe,SPICEJET,CCU,DEL,2026-04-19 16:34:41.703,2026-04-19 18:15:41.703,101.0,0.0,1h 41m,CCU to DEL,0.0,Afternoon (12-17),PAY1496,1244.03,NETBANKING,86,60+,F,R***,P***
B1409,P1353,UK105,2026-03-24 11:37:36.951,CONFIRMED,04b956d9d241cffdc2546f6f5200c2132aac06f25d2dccee1abd9a8bbc3ddb29,28C,A***,64ae3055d1aa3b21ffca79c1ecfc8459544e0f55c7d4939ccf326792e869a587,VISTARA,CCU,HYD,2026-04-19 17:04:41.702,2026-04-19 18:11:41.702,67.0,0.0,1h 7m,CCU to HYD,0.0,Evening (17-21),PAY1629,1095.0,UPI,33,31-45,F,I***,K***
B1410,P1985,AI098,2026-04-13 11:37:36.951,CONFIRMED,819fc583f51749ae195c8a7a82bb2a6d0ebc6d19dd776d7b919da0dfd0785ec7,32C,G***,2fb30e7c32bae87df65918e2c635ce82acc53bfae87cdb297343b0882b1e3cb6,AIR INDIA,HYD,MAA,2026-04-19 16:01:41.702,2026-04-19 18:11:41.702,130.0,0.0,2h 10m,HYD to MAA,0.0,Afternoon (12-17),,,,37,31-45,M,A***,N***
B1411,P1657,6F013,2025-10-12 11:37:36.951,CANCELLED,7a4251198b80ece6495598420e17c36cd8839febf902ddbd664743a8c23ae76d,1A,I***,73757a784a0ee02d2857d4c3cf603890f07a6bf0a24262e717f8dd7e5328797d,INDIGO,BOM,CCU,2026-04-19 13:15:41.701,2026-04-19 18:05:41.701,290.0,0.0,4h 50m,BOM to CCU,1.0,Afternoon (12-17),PAY1526,5888.25,CARD,8,Under 18,F,S***,K***
B1411,P1657,6F013,2025-10-12 11:37:36.951,CANCELLED,7a4251198b80ece6495598420e17c36cd8839febf902ddbd664743a8c23ae76d,1A,I***,73757a784a0ee02d2857d4c3cf603890f07a6bf0a24262e717f8dd7e5328797d,INDIGO,BOM,CCU,2026-04-19 13:15:41.701,2026-04-19 18:05:41.701,290.0,0.0,4h 50m,BOM to CCU,1.0,Afternoon (12-17),PAY1833,7520.78,NETBANKING,8,Under 18,F,S***,K***
B1412,P1596,6F128,2025-11-18 11:37:36.951,CANCELLED,a172e050d7e2aaf0007581c068224f629b2c4fb3efa37bff8980c5aa66026b31,28E,J***,12dcd65649167f9652004ca3a18883a244490b8a3f4a546b67ef95052dcc41e3,INDIGO,HYD,DEL,2026-04-19 16:56:41.702,2026-04-19 18:03:41.702,67.0,0.0,1h 7m,HYD to DEL,0.0,Afternoon (12-17),PAY1708,10616.41,NETBANKING,61,60+,M,V***,D***
B1413,P1099,SJ038,2025-10-05 11:37:36.951,NAN,c59a66eaf83360f7bf85c047aef76d4310eeb27274ea85c11a0e6514280fd4fa,14A,W***,cce8a6f6f481929f25f35101083bb5409d8d8f511885dd01601b6725f458f56f,SPICEJET,BLR,DEL,2026-04-19 14:57:41.701,2026-04-19 17:46:41.701,169.0,0.0,2h 49m,BLR to DEL,0.0,Afternoon (12-17),,,,71,60+,F,V***,A***
B1414,P1615,SJ182,2026-01-07 11:37:36.951,CONFIRMED,28d36ef1f418a75f8283b6f8a826acd5197749a70c78eed1f9f0094720ba8a77,25F,Y***,492d215ad9f8b26ef635ff1fade10cb30ca6881ce2533997ac4390467ec3af55,SPICEJET,CCU,BOM,2026-04-19 16:48:41.703,2026-04-19 17:36:41.703,48.0,0.0,0h 48m,CCU to BOM,0.0,Afternoon (12-17),PAY1924,6182.07,NETBANKING,25,18-30,M,K***,P***
B1415,P1947,6F199,2026-03-22 11:37:36.951,PENDING,3ca3bb30d7078dc94bb702c346e2a294460bb4b706243e7f31d27aeacddeb9b9,23B,O***,01dff4e01210e6c238d2c50f22bac11d6eaf53b4bed9ceed4882ee8945a67650,INDIGO,DEL,MAA,2026-04-19 15:15:41.703,2026-04-19 17:32:41.703,137.0,0.0,2h 17m,DEL to MAA,0.0,Afternoon (12-17),,,,13,Under 18,M,M***,S***
B1416,P1557,SJ187,2025-08-17 11:37:36.951,CANCELLED,8609f2b30785d0f27bd063ee981bcf3418c5aa48d1ae16dd895b84bb7e168c84,20B,U***,45307902ffcc510736ff64f76f81c45178704b16908fbadd3bbdad08eb260b08,SPICEJET,MAA,BLR,2026-04-19 14:07:41.703,2026-04-19 17:30:41.703,203.0,0.0,3h 23m,MAA to BLR,0.0,Afternoon (12-17),,,,58,46-60,F,A***,K***
B1417,P1555,AI182,2025-08-18 11:37:36.951,PENDING,c6bb83bef784c42d95f1422064ea9c80abd0899b003d0e16eb36d6661baed0c7,8E,T***,a04e479d87e91a75b9e5a0f8b106bf903b3cb8258c0349757e32420dc9d7f903,AIR INDIA,HYD,DEL,2026-04-19 12:41:41.703,2026-04-19 17:14:41.703,273.0,0.0,4h 33m,HYD to DEL,1.0,Afternoon (12-17),PAY1253,3361.82,UPI,53,46-60,M,S***,J***
B1417,P1555,AI182,2025-08-18 11:37:36.951,PENDING,c6bb83bef784c42d95f1422064ea9c80abd0899b003d0e16eb36d6661baed0c7,8E,T***,a04e479d87e91a75b9e5a0f8b106bf903b3cb8258c0349757e32420dc9d7f903,AIR INDIA,HYD,DEL,2026-04-19 12:41:41.703,2026-04-19 17:14:41.703,273.0,0.0,4h 33m,HYD to DEL,1.0,Afternoon (12-17),PAY1353,3890.23,UPI,53,46-60,M,S***,J***
B1418,P1277,SJ027,2025-05-04 11:37:36.951,PENDING,16b9ff3b272cc074c6130d1c11106bdf3ff6ce6c06203a1602a83726f868f786,19D,L***,e25f9be8decde65a176be689b7d0ed7c0a923c9afa7879886e0fa0d23f804123,SpiceJet,BOM,MAA,2026-04-19 12:50:41.701,2026-04-19 17:13:41.701,263.0,0.0,4h 23m,BOM to MAA,1.0,Afternoon (12-17),PAY1147,12326.46,CARD,25,18-30,M,S***,M***
B1419,P1692,SJ062,2026-01-20 11:37:36.951,CONFIRMED,f4f07544abe232fdc224f8427b0b1b75bc6eac45e72682101fb3b122c42b9a6f,20E,Y***,d7b00baaea11a4fd6d2b545cdda5acc7b2f33442af2eaa772adc298877ed153e,SPICEJET,BLR,HYD,2026-04-19 13:37:41.701,2026-04-19 17:06:41.701,209.0,0.0,3h 29m,BLR to HYD,1.0,Afternoon (12-17),PAY1085,3513.0,NETBANKING,63,60+,F,S***,V***
B1419,P1692,SJ062,2026-01-20 11:37:36.951,CONFIRMED,f4f07544abe232fdc224f8427b0b1b75bc6eac45e72682101fb3b122c42b9a6f,20E,Y***,d7b00baaea11a4fd6d2b545cdda5acc7b2f33442af2eaa772adc298877ed153e,SPICEJET,BLR,HYD,2026-04-19 13:37:41.701,2026-04-19 17:06:41.701,209.0,0.0,3h 29m,BLR to HYD,1.0,Afternoon (12-17),PAY1205,1424.75,CARD,63,60+,F,S***,V***
B1420,P1698,SJ161,2026-02-24 11:37:36.951,CONFIRMED,3e509eb02a82e4a07e97a5ae7cab73de7789a168d424ef58e831661f16d52aa7,27B,E***,3170cf22438f9d5d4e003a84d22a771e7b939ac8f3bc44224f5ec3cbcfc1b0f6,SPICEJET,MAA,BLR,2026-04-19 16:22:41.703,2026-04-19 17:04:41.703,42.0,0.0,0h 42m,MAA to BLR,0.0,Afternoon (12-17),PAY1913,7161.79,UPI,77,60+,F,I***,N***
B1421,P1989,UK058,2025-10-03 11:37:36.951,NAN,83e9c3f76770261c69a50d4a02b7dbbefd4933b906278a11eeafc117c2fc4b84,23C,O***,7709129f531f9da41e558982962b33116fd7e1e4a672ebf1d1f84c36d5c79a22,VISTARA,MAA,BOM,2026-04-19 13:46:41.701,2026-04-19 17:04:41.701,198.0,0.0,3h 18m,MAA to BOM,0.0,Afternoon (12-17),,,,26,18-30,M,R***,C***
B1422,P1625,AI181,2026-01-04 11:37:36.951,CANCELLED,460961c1fbc855c7fb06d0d6bbfd90295fc5682b85f4cf41abef8e3224ec2e61,12D,Y***,0871a51d45e503e3ab5268188bc4cb910192093ff45aaa56d7e32a6d299e1d3f,AIR INDIA,MAA,HYD,2026-04-19 13:29:41.703,2026-04-19 16:55:41.703,206.0,0.0,3h 26m,MAA to HYD,0.0,Afternoon (12-17),PAY1210,4826.6,UPI,61,60+,F,R***,P***
B1423,P1490,AI003,2025-06-12 11:37:36.951,CONFIRMED,9cccb4707f35a953a7d3ccd6139c3d7bed23f53bf1c9d262c2ff6cd61726ac5c,14A,A***,73ba58caa277aab655a21301808bf4a29371faa51f27102d3eefd6b51abd2352,AIR INDIA,BLR,HYD,2026-04-19 13:27:41.701,2026-04-19 16:55:41.701,208.0,0.0,3h 28m,BLR to HYD,1.0,Afternoon (12-17),,,,46,46-60,M,I***,G***
B1424,P1254,6F150,2025-11-05 11:37:36.951,CANCELLED,567ee332a23b5918f4fc5aba72b4ac9ef1a47dd4f995dceb7af4583bf3ab7937,11D,C***,b2347a0a6a5ce15ea99480b5bdb0bac75098f9fc2819ac7beee653c30d5fab92,INDIGO,HYD,MAA,2026-04-19 12:55:41.703,2026-04-19 16:53:41.703,238.0,0.0,3h 58m,HYD to MAA,1.0,Afternoon (12-17),,,,2,Under 18,F,M***,K***
B1425,P1380,SJ175,2025-06-28 11:37:36.951,CANCELLED,a62d149e0dafcb158cac805f4d6717672f5798797402adf0848dd0d23e164b0b,34E,M***,340c680fe47c3e67b5ddf7ecfb5b49edde1d4490ba572bfd65c69983dd1cdb16,SPICEJET,MAA,BLR,2026-04-19 12:46:41.703,2026-04-19 16:50:41.703,244.0,0.0,4h 4m,MAA to BLR,1.0,Afternoon (12-17),,,,63,60+,M,R***,K***
B1426,P1891,6F041,2025-12-15 11:37:36.951,CANCELLED,af0fca507d9d7e0520135848bac87b77dad49bfda1a6c50733ba4ed642b35090,17C,V***,7739cae928bdaa368b8b06b614c18ff8ff15e05371fdcf4f0d1db337e660fb92,INDIGO,MAA,BOM,2026-04-19 13:19:41.701,2026-04-19 16:48:41.701,209.0,0.0,3h 29m,MAA to BOM,0.0,Afternoon (12-17),,,,4,Under 18,F,S***,B***
B1427,P1541,SJ040,2026-04-15 11:37:36.951,CANCELLED,fd6d9d42d95fdb61e5a61d7098643ee0d93fea77b16769e0a3b202ad93616cb5,16E,G***,2a95e2e229928509bce910a47c14b382bf5b11359a23cbca3fd6ddb36a082426,SPICEJET,BOM,CCU,2026-04-19 13:12:41.701,2026-04-19 16:44:41.701,212.0,0.0,3h 32m,BOM to CCU,0.0,Afternoon (12-17),,,,78,60+,M,S***,B***
B1428,P1263,6F020,2025-06-17 11:37:36.951,CONFIRMED,15d975f6d792157daee6bb8c0db0d3c3cb345c8714770b774ae31835aeae1228,27C,T***,e34691fb4bed8e7c80b74a8b3c2e67c99502f17945f478a85191e0d0c5c0245f,INDIGO,BOM,HYD,2026-04-19 14:58:41.701,2026-04-19 16:43:41.701,105.0,0.0,1h 45m,BOM to HYD,0.0,Afternoon (12-17),,,,48,46-60,F,R***,D***
B1429,P1609,AI248,2025-05-08 11:37:36.951,CANCELLED,233e9ad38166570d1e44fed397180091a5361ab62efcf94b2ccbd0f143dfefd0,27B,R***,9ea646ff6e5abc75d89c88927517b3e8629b2ad41b1e9710988d3ab4fd7666a0,AIR INDIA,CCU,DEL,2026-04-19 15:17:41.704,2026-04-19 16:35:41.704,78.0,0.0,1h 18m,CCU to DEL,0.0,Afternoon (12-17),PAY1454,6939.44,CARD,39,31-45,F,V***,M***
B1429,P1609,AI248,2025-05-08 11:37:36.951,CANCELLED,233e9ad38166570d1e44fed397180091a5361ab62efcf94b2ccbd0f143dfefd0,27B,R***,9ea646ff6e5abc75d89c88927517b3e8629b2ad41b1e9710988d3ab4fd7666a0,AIR INDIA,CCU,DEL,2026-04-19 15:17:41.704,2026-04-19 16:35:41.704,78.0,0.0,1h 18m,CCU to DEL,0.0,Afternoon (12-17),PAY1829,9998.44,CARD,39,31-45,F,V***,M***
B1430,P1824,SJ016,2026-02-08 11:37:36.951,CONFIRMED,6c71cf9282a0f2d5d53228d72c5db1b72f9450c4be982d9a82bec6afc988e476,11A,L***,8b6fa7fe2d69b40d161401a5fc66b0d77afb63b85d1c8bb6af0db12bf6bcd00a,SPICEJET,HYD,CCU,2026-04-19 13:01:41.701,2026-04-19 16:26:41.701,205.0,0.0,3h 25m,HYD to CCU,0.0,Afternoon (12-17),,,,48,46-60,M,I***,A***
B1431,P1878,UK204,2025-11-21 11:37:36.951,CONFIRMED,d827124b1eb3d520d78127cdb7d726a581c3322e88e77063d99f370499f62bc1,31C,N***,faf990909b8ebbac5748b466f394623b24d7b14bcfec40170a9b1d89a82757ec,VISTARA,BLR,DEL,2026-04-19 14:46:41.703,2026-04-19 16:24:41.703,98.0,0.0,1h 38m,BLR to DEL,0.0,Afternoon (12-17),PAY1717,9678.57,CARD,52,46-60,M,K***,S***
B1431,P1878,UK204,2025-11-21 11:37:36.951,CONFIRMED,d827124b1eb3d520d78127cdb7d726a581c3322e88e77063d99f370499f62bc1,31C,N***,faf990909b8ebbac5748b466f394623b24d7b14bcfec40170a9b1d89a82757ec,VISTARA,BLR,DEL,2026-04-19 14:46:41.703,2026-04-19 16:24:41.703,98.0,0.0,1h 38m,BLR to DEL,0.0,Afternoon (12-17),PAY1917,12583.38,NETBANKING,52,46-60,M,K***,S***
B1432,P1328,6F211,2025-09-02 11:37:36.951,CANCELLED,54bab773f1d9d49f5e75c75dc14a68c5db9ff30138120830205a52c07abcd4a5,9B,E***,d49ab6f1400c0f57e45082ca4a8c824091eabd170c027990e4322ef82a90660e,INDIGO,MAA,BLR,2026-04-19 11:29:41.703,2026-04-19 16:20:41.703,291.0,0.0,4h 51m,MAA to BLR,1.0,Morning (09-12),,,,24,18-30,M,A***,D***
B1433,P1114,SJ166,2025-05-07 11:37:36.951,CONFIRMED,882cf3b7d07ab301a7cb69ddbcf9d1c7e9020650f036fb05a8855afe5f202f5b,5B,L***,db8f1adcd77aca68da68469c5f96a89630a60f343a52388042c01da0edd14edc,SPICEJET,CCU,HYD,2026-04-19 12:51:41.703,2026-04-19 16:18:41.703,207.0,0.0,3h 27m,CCU to HYD,1.0,Afternoon (12-17),PAY1377,1901.67,UPI,28,18-30,F,A***,S***
B1433,P1114,SJ166,2025-05-07 11:37:36.951,CONFIRMED,882cf3b7d07ab301a7cb69ddbcf9d1c7e9020650f036fb05a8855afe5f202f5b,5B,L***,db8f1adcd77aca68da68469c5f96a89630a60f343a52388042c01da0edd14edc,SPICEJET,CCU,HYD,2026-04-19 12:51:41.703,2026-04-19 16:18:41.703,207.0,0.0,3h 27m,CCU to HYD,1.0,Afternoon (12-17),PAY1785,14067.26,CARD,28,18-30,F,A***,S***
B1434,P1275,AI036,2025-10-19 11:37:36.951,PENDING,cdfb67ef198d411152675ae5b110b9525de627be6479f1295beb5f3ac59d6aa4,30C,M***,c0c16d2bfbeb6c70828e56c366fad9f23fb618a4c65a5aba1189d0ff104b9933,AIR INDIA,BOM,CCU,2026-04-19 14:45:41.701,2026-04-19 16:16:41.701,91.0,0.0,1h 31m,BOM to CCU,0.0,Afternoon (12-17),PAY1232,4962.24,NETBANKING,84,60+,M,A***,I***
B1434,P1275,AI036,2025-10-19 11:37:36.951,PENDING,cdfb67ef198d411152675ae5b110b9525de627be6479f1295beb5f3ac59d6aa4,30C,M***,c0c16d2bfbeb6c70828e56c366fad9f23fb618a4c65a5aba1189d0ff104b9933,AIR INDIA,BOM,CCU,2026-04-19 14:45:41.701,2026-04-19 16:16:41.701,91.0,0.0,1h 31m,BOM to CCU,0.0,Afternoon (12-17),PAY1541,1027.05,UPI,84,60+,M,A***,I***
B1435,P1487,SJ215,2025-09-18 11:37:36.951,CONFIRMED,4225c4b495c079ab7cb23bd201a7a61baa2f1a2695e8cd196be224af8023625e,1E,B***,ed0f8f451f7ddc8b96834e012574f1724c86f6d085cf04f880c021cd497fe75e,SPICEJET,CCU,DEL,2026-04-19 14:37:41.703,2026-04-19 16:12:41.703,95.0,0.0,1h 35m,CCU to DEL,0.0,Afternoon (12-17),PAY1956,8589.93,CARD,29,18-30,M,I***,B***
B1436,P1280,AI076,2026-01-05 11:37:36.951,CONFIRMED,e454a37f6cbd234405f3c76c69c6a16fd6c5e4da69de52222fea004d8e163968,20B,Y***,d44eeba9f7fa22c0f896196a604945a79c5c0f221e7014c3b7365f53ab2c3f1c,AIR INDIA,BLR,BOM,2026-04-19 15:37:41.702,2026-04-19 16:12:41.702,35.0,0.0,0h 35m,BLR to BOM,0.0,Afternoon (12-17),,,,66,60+,M,A***,P***
B1437,P1274,SJ012,2025-11-28 11:37:36.951,CANCELLED,984a310f79679df6f29e7b763b12d769f4a22d15526aa54da6399d06b5019585,24A,H***,402e487f7bd81223c6b0e6fd89dfe4072fdd155901ec1df46256dcc5ee127a79,SPICEJET,HYD,BLR,2026-04-19 15:01:41.701,2026-04-19 16:12:41.701,71.0,0.0,1h 11m,HYD to BLR,0.0,Afternoon (12-17),,,,38,31-45,M,S***,G***
B1438,P1772,AI073,2026-04-01 11:37:36.951,NAN,3839ed243bf9e371ce037fd4753dad635471c9683d7c12c102df79c846fc955a,20D,H***,fdb27d9580051a7a6d3a329b4d379c11c8f27b73000fa45fa72050b8e28c9fc3,AIR INDIA,BOM,BLR,2026-04-19 14:08:41.702,2026-04-19 16:10:41.702,122.0,0.0,2h 2m,BOM to BLR,0.0,Afternoon (12-17),PAY1459,7670.85,UPI,17,Under 18,M,S***,C***
B1439,P1842,SJ173,2025-11-09 11:37:36.951,CONFIRMED,38f57aa8c1b558c1d849eadbdbcbd3cd5b8d5c09eaebc7348af28f281f9a3cac,27E,T***,9d3c1f34af78ff5849edcd6cad357cfdbe4b6fe0c907534f9bcdd2c0726f541f,SPICEJET,CCU,HYD,2026-04-19 14:27:41.703,2026-04-19 16:09:41.703,102.0,0.0,1h 42m,CCU to HYD,0.0,Afternoon (12-17),PAY1393,7292.76,NETBANKING,26,18-30,F,I***,B***
B1440,P1718,AI193,2026-03-09 11:37:36.951,CANCELLED,1bf318791691f3325de631850b08eddc200bc5ffe719f30b653667266a69cb21,25E,M***,9dfd54e9583e508d6678b45ea70b708fc70116caa969e6ad497bd03beb4f9702,AIR INDIA,MAA,HYD,2026-04-19 11:33:41.703,2026-04-19 16:07:41.703,274.0,0.0,4h 34m,MAA to HYD,1.0,Morning (09-12),,,,73,60+,F,A***,J***
B1441,P1895,SJ131,2025-09-22 11:37:36.951,INVALID,a02d5ce2f0734b395994adb98a507cd772b527587d90a4fe79a391ba356bd3d3,13A,M***,36dacb710858120413a31ce46dba2c5bfff549f31c50d8a7870b365dad2f6e3e,SPICEJET,MAA,HYD,2026-04-19 15:00:41.702,2026-04-19 16:07:41.702,67.0,0.0,1h 7m,MAA to HYD,0.0,Afternoon (12-17),,,,24,18-30,F,R***,K***
B1442,P1327,AI225,2025-06-02 11:37:36.951,PENDING,77ec32b364b6304f887ada18b2156a7f56e181925f5fc3f1026e93bc6bae8922,11E,U***,cd318e89bfd6adfc8df728fa28b0dc74ca4733362eafb1972cc76d135f2ebb90,AIR INDIA,BOM,BLR,2026-04-19 15:05:41.703,2026-04-19 16:01:41.703,56.0,0.0,0h 56m,BOM to BLR,0.0,Afternoon (12-17),PAY1818,11779.89,NETBANKING,37,31-45,F,A***,J***
B1443,P1210,AI190,2025-10-09 11:37:36.951,CANCELLED,a12a56ba2d85d1c8fcb09dda67433b10fe45ca392e9c678ddabbef49f1db3884,9E,H***,fc439623feb84bb27a5b993d81a899d0560999cb4fc66b26c1b7b6c2030f9ca7,AIR INDIA,BOM,CCU,2026-04-19 12:38:41.703,2026-04-19 15:56:41.703,198.0,0.0,3h 18m,BOM to CCU,0.0,Afternoon (12-17),,,,32,31-45,F,S***,S***
B1444,P1726,SJ238,2025-12-25 11:37:36.951,CONFIRMED,8135ff49051583181bef2467b57cf10645e2be5b616cfe9cdf582d9246c4ac7a,7B,F***,b1f91c75ec38b8ff37f5d6636c2bc16bdfe897e978e7d4224154a402ed66eca5,SPICEJET,MAA,BLR,2026-04-19 11:41:41.704,2026-04-19 15:39:41.704,238.0,0.0,3h 58m,MAA to BLR,1.0,Morning (09-12),,,,32,31-45,M,M***,R***
B1445,P1922,6F005,2025-12-21 11:37:36.951,PENDING,93e062e7ccc2d906b86fbd4cca4941dfa834b279dde23f98b87e31593976ebc8,5F,L***,798f53a58e84c70eda73697f661ad2fc7317cda295ea18104c998d62df755498,INDIGO,BOM,MAA,2026-04-19 11:04:41.701,2026-04-19 15:27:41.701,263.0,0.0,4h 23m,BOM to MAA,1.0,Morning (09-12),PAY1857,9862.4,CARD,70,60+,F,A***,G***
B1446,P1551,UK136,2025-09-25 11:37:36.951,PENDING,d55425f88932f4f148165adf5a1ad5526f06bddbe7d790583fa9bd1ee3fda1f3,23C,V***,59e48536ee998abcdb0bc12c248bb396211d664e074e95370584605c14d6342b,VISTARA,HYD,CCU,2026-04-19 11:43:41.703,2026-04-19 15:26:41.703,223.0,0.0,3h 43m,HYD to CCU,1.0,Morning (09-12),PAY1132,4197.73,UPI,23,18-30,M,A***,A***
B1446,P1551,UK136,2025-09-25 11:37:36.951,PENDING,d55425f88932f4f148165adf5a1ad5526f06bddbe7d790583fa9bd1ee3fda1f3,23C,V***,59e48536ee998abcdb0bc12c248bb396211d664e074e95370584605c14d6342b,VISTARA,HYD,CCU,2026-04-19 11:43:41.703,2026-04-19 15:26:41.703,223.0,0.0,3h 43m,HYD to CCU,1.0,Morning (09-12),PAY1286,3512.23,NETBANKING,23,18-30,M,A***,A***
B1447,P1991,SJ063,2025-05-21 11:37:36.951,CONFIRMED,5bc7b527d852add374915eacb39dbfbb28965c7ef1afb1a2416c9e5eb6def4bd,15F,E***,359f59e08ffba9f1a053d85831257a0f0e274a4086a1d0e5f06d1547dcf6b3bb,SPICEJET,MAA,BOM,2026-04-19 13:38:41.701,2026-04-19 15:23:41.701,105.0,0.0,1h 45m,MAA to BOM,0.0,Afternoon (12-17),PAY1039,4676.01,NETBANKING,4,Under 18,F,A***,S***
B1447,P1991,SJ063,2025-05-21 11:37:36.951,CONFIRMED,5bc7b527d852add374915eacb39dbfbb28965c7ef1afb1a2416c9e5eb6def4bd,15F,E***,359f59e08ffba9f1a053d85831257a0f0e274a4086a1d0e5f06d1547dcf6b3bb,SPICEJET,MAA,BOM,2026-04-19 13:38:41.701,2026-04-19 15:23:41.701,105.0,0.0,1h 45m,MAA to BOM,0.0,Afternoon (12-17),PAY1484,13762.65,NETBANKING,4,Under 18,F,A***,S***
B1448,P1025,6F175,2025-11-21 11:37:36.951,CANCELLED,b491bf2f7bf97ebf12f1a2651f3a5ae34d369dc7b6423a7cc0f9507ebea2bdef,9E,B***,982cae8437f0bce60c72f3f2260e95b7f166c9085baefb870586e2885e029ee4,INDIGO,MAA,CCU,2026-04-19 13:18:41.703,2026-04-19 15:13:41.703,115.0,0.0,1h 55m,MAA to CCU,0.0,Afternoon (12-17),,,,22,18-30,M,A***,C***
B1449,P1026,AI037,2025-05-23 11:37:36.951,PENDING,9570a7e905272d0698e5f247f5b3675942c1d5b30b434ba80aa9275352c6f5a2,19A,G***,454162f50b4625b0ff7d212387ef165228ac42b44e77267c1eee5f9b71e52e71,,,,,,,,,,,,,,,89,60+,M,I***,G***
B1450,P1701,UK225,2025-11-11 11:37:36.951,CONFIRMED,76a381c2a7bfc9f4cb244a48cfd25018b7524cee48e2752687c9a510b38a394e,21C,G***,0152cae515c35b0f4389f2a231c048dafc6f63aa3268fae323537538ec0129ad,VISTARA,MAA,BLR,2026-04-19 12:46:41.704,2026-04-19 15:02:41.704,136.0,0.0,2h 16m,MAA to BLR,0.0,Afternoon (12-17),,,,21,18-30,F,A***,G***
B1451,P1082,AI141,2025-05-20 11:37:36.951,CONFIRMED,4840584d6ce45921e190352e66d00e2ce9ca175be247b0a585f0408f2e7ca5c1,15E,S***,7fc3ee110279ca5cd90dff0b479b40f29da58c4ae5a88a5ea26441fcfd6919fb,AIR INDIA,BLR,DEL,2026-04-19 10:16:41.702,2026-04-19 14:53:41.702,277.0,0.0,4h 37m,BLR to DEL,1.0,Morning (09-12),PAY1762,10311.86,CARD,87,60+,F,S***,J***
B1452,P1895,6F172,2026-01-26 11:37:36.951,PENDING,0711221b472788c0bd9de527bad7cbfd091baeb7305ef4e8ae544f28e9a15481,3E,C***,e22d934a9905921ca837c9582cda54ae109f86491e2efc019560afc20c3d82af,INDIGO,BOM,BLR,2026-04-19 09:53:41.703,2026-04-19 14:46:41.703,293.0,0.0,4h 53m,BOM to BLR,1.0,Morning (09-12),,,,24,18-30,F,R***,K***
B1453,P1945,6F219,2026-02-07 11:37:36.951,CANCELLED,0849febf8e65096c07d1b37615608c78b843c521536340084f3898717be36825,16F,C***,e6e96f38a9ed78d93a3b156391cdaef6e6291638ff5d8366a4f77b7f3c02ed64,INDIGO,MAA,DEL,2026-04-19 10:32:41.704,2026-04-19 14:37:41.704,245.0,0.0,4h 5m,MAA to DEL,1.0,Morning (09-12),PAY1597,1310.19,CARD,44,31-45,M,R***,V***
B1453,P1945,6F219,2026-02-07 11:37:36.951,CANCELLED,0849febf8e65096c07d1b37615608c78b843c521536340084f3898717be36825,16F,C***,e6e96f38a9ed78d93a3b156391cdaef6e6291638ff5d8366a4f77b7f3c02ed64,INDIGO,MAA,DEL,2026-04-19 10:32:41.704,2026-04-19 14:37:41.704,245.0,0.0,4h 5m,MAA to DEL,1.0,Morning (09-12),PAY1884,3957.99,UPI,44,31-45,M,R***,V***
B1454,P1681,AI045,2025-08-16 11:37:36.951,PENDING,1685693c370c1d6515831b51128488c3251287edfb5d15b75d53ac1f68e41087,8E,D***,3cfc0819b7f97e6545d160eacb77c12f49068801b9a187fb22c1b9427ab5f30d,AIR INDIA,HYD,MAA,2026-04-19 11:58:41.701,2026-04-19 14:37:41.701,159.0,0.0,2h 39m,HYD to MAA,0.0,Morning (09-12),,,,10,Under 18,M,A***,A***
B1455,P1412,AI198,2026-04-12 11:37:36.951,CONFIRMED,59fa25ada768c579816dd51fa90ad1c60c325a682079d1630cf933f26e01b49d,30A,J***,4e2cfee2df899bbbd84d8afc7870c9b5373bbdeef608432b94dd8e84a672014d,AIR INDIA,CCU,MAA,2026-04-19 10:56:41.703,2026-04-19 14:19:41.703,203.0,0.0,3h 23m,CCU to MAA,0.0,Morning (09-12),PAY1038,14853.28,CARD,17,Under 18,F,R***,I***
B1455,P1412,AI198,2026-04-12 11:37:36.951,CONFIRMED,59fa25ada768c579816dd51fa90ad1c60c325a682079d1630cf933f26e01b49d,30A,J***,4e2cfee2df899bbbd84d8afc7870c9b5373bbdeef608432b94dd8e84a672014d,AIR INDIA,CCU,MAA,2026-04-19 10:56:41.703,2026-04-19 14:19:41.703,203.0,0.0,3h 23m,CCU to MAA,0.0,Morning (09-12),PAY1182,12781.22,UPI,17,Under 18,F,R***,I***
B1456,P1166,AI120,2025-04-24 11:37:36.951,PENDING,95129467157707ba30a69c62e0286fadcbbb8dc25bfce1dfbbd86f20df6fcfc3,17F,R***,4b599a42e4b57a66a2305d87e45a215d0c03d204b1c87d673086fa7f6c5a473b,AIR INDIA,MAA,CCU,2026-04-19 12:12:41.702,2026-04-19 14:18:41.702,126.0,0.0,2h 6m,MAA to CCU,0.0,Afternoon (12-17),,,,84,60+,M,K***,B***
B1457,P1699,6F134,2025-06-11 11:37:36.951,CANCELLED,170676bd24e54f6c3b03f06f4c0cdae0436ee1770d73ad03e121835eefcc451d,32D,Y***,3e742e27b5529e8e96c7f3549958ed99955ecd90617a199cfc924b1b38532bc8,INDIGO,BLR,MAA,2026-04-19 12:47:41.702,2026-04-19 14:06:41.702,79.0,0.0,1h 19m,BLR to MAA,0.0,Afternoon (12-17),PAY1083,5769.17,CARD,33,31-45,M,V***,A***
B1458,P1168,UK102,2025-11-19 11:37:36.951,CONFIRMED,bc3df3caa484330e22bbb080f11d0e0aa0cb21fe498889c4151e2e56358347d4,10B,N***,fdc5c121c55f5d1e4a98cc20d89ea70708e5ffbf2ad1f0c4aa082ae51c62aa61,VISTARA,HYD,CCU,2026-04-19 11:58:41.702,2026-04-19 14:01:41.702,123.0,0.0,2h 3m,HYD to CCU,0.0,Morning (09-12),PAY1990,8073.17,NETBANKING,62,60+,F,M***,A***
B1459,P1800,SJ199,2025-06-10 11:37:36.951,CANCELLED,ccd625ea833faa56b3624c1b55c35f86c9bf1775c8e88d0d8b53c9ff291162d7,1F,O***,730a847e384f8f86a1b6339091d87c036398d630b4652d4b0da2494f04cf4fa9,SPICEJET,HYD,BOM,2026-04-19 11:29:41.703,2026-04-19 13:59:41.703,150.0,0.0,2h 30m,HYD to BOM,0.0,Morning (09-12),PAY1062,12554.5,CARD,19,18-30,M,R***,J***
B1459,P1800,SJ199,2025-06-10 11:37:36.951,CANCELLED,ccd625ea833faa56b3624c1b55c35f86c9bf1775c8e88d0d8b53c9ff291162d7,1F,O***,730a847e384f8f86a1b6339091d87c036398d630b4652d4b0da2494f04cf4fa9,SPICEJET,HYD,BOM,2026-04-19 11:29:41.703,2026-04-19 13:59:41.703,150.0,0.0,2h 30m,HYD to BOM,0.0,Morning (09-12),PAY1570,2103.45,UPI,19,18-30,M,R***,J***
B1459,P1800,SJ199,2025-06-10 11:37:36.951,CANCELLED,ccd625ea833faa56b3624c1b55c35f86c9bf1775c8e88d0d8b53c9ff291162d7,1F,O***,730a847e384f8f86a1b6339091d87c036398d630b4652d4b0da2494f04cf4fa9,SPICEJET,HYD,BOM,2026-04-19 11:29:41.703,2026-04-19 13:59:41.703,150.0,0.0,2h 30m,HYD to BOM,0.0,Morning (09-12),PAY1979,4427.75,UPI,19,18-30,M,R***,J***
B1460,P1978,6F235,2025-10-01 11:37:36.951,PENDING,b0496bb7e6c3d334d755a61710b4da0529020f21022ad42888ce311bacf5aba2,32E,F***,e2911b53ef0896f88335b097d62425e641f811bb3a3025466ef31c0e767d4566,INDIGO,HYD,MAA,2026-04-19 11:06:41.704,2026-04-19 13:51:41.704,165.0,0.0,2h 45m,HYD to MAA,0.0,Morning (09-12),,,,72,60+,M,V***,S***
B1461,P1228,UK065,2025-10-14 11:37:36.951,PENDING,c66f2e535ec170fa84790590d3c6c34cf0f5ce8941ba78d40a4f61acf81eb1a0,33F,W***,2fa233e7f6f00ae9907dd221c337d991424245e8b2379e87ad106ab0982aca21,VISTARA,BOM,CCU,2026-04-19 09:38:41.701,2026-04-19 13:46:41.701,248.0,0.0,4h 8m,BOM to CCU,1.0,Morning (09-12),PAY1280,9618.57,UPI,80,60+,F,A***,I***
B1461,P1228,UK065,2025-10-14 11:37:36.951,PENDING,c66f2e535ec170fa84790590d3c6c34cf0f5ce8941ba78d40a4f61acf81eb1a0,33F,W***,2fa233e7f6f00ae9907dd221c337d991424245e8b2379e87ad106ab0982aca21,VISTARA,BOM,CCU,2026-04-19 09:38:41.701,2026-04-19 13:46:41.701,248.0,0.0,4h 8m,BOM to CCU,1.0,Morning (09-12),PAY1672,14867.45,CARD,80,60+,F,A***,I***
B1461,P1228,UK065,2025-10-14 11:37:36.951,PENDING,c66f2e535ec170fa84790590d3c6c34cf0f5ce8941ba78d40a4f61acf81eb1a0,33F,W***,2fa233e7f6f00ae9907dd221c337d991424245e8b2379e87ad106ab0982aca21,VISTARA,BOM,CCU,2026-04-19 09:38:41.701,2026-04-19 13:46:41.701,248.0,0.0,4h 8m,BOM to CCU,1.0,Morning (09-12),PAY1886,5775.44,NETBANKING,80,60+,F,A***,I***
B1462,P1978,6F135,2025-12-03 11:37:36.951,CANCELLED,bf19f5a9ff5c221d7a8bacd53e748179b074a2636f28e3be0989cee161b52941,26D,L***,6a85495d2dea9cd229c60574e2761a9d4455e54fadd0d1acc2b9a97e7aa535e8,INDIGO,MAA,HYD,2026-04-19 12:59:41.702,2026-04-19 13:45:41.702,46.0,0.0,0h 46m,MAA to HYD,0.0,Afternoon (12-17),PAY1449,6497.79,CARD,72,60+,M,V***,S***
B1463,P1608,SJ148,2026-02-10 11:37:36.951,PENDING,064b3247d29e724dee861353b39e58c0f55a6178b462cb9d8c2f2db8a96f87cd,31C,T***,83c956375bc77b0f77c94570ea5be2719759f277ee1055d309c33d1bdeb99e46,SPICEJET,DEL,BLR,2026-04-19 09:51:41.702,2026-04-19 13:41:41.702,230.0,0.0,3h 50m,DEL to BLR,1.0,Morning (09-12),PAY1469,1141.0,UPI,61,60+,M,K***,V***
B1463,P1608,SJ148,2026-02-10 11:37:36.951,PENDING,064b3247d29e724dee861353b39e58c0f55a6178b462cb9d8c2f2db8a96f87cd,31C,T***,83c956375bc77b0f77c94570ea5be2719759f277ee1055d309c33d1bdeb99e46,SPICEJET,DEL,BLR,2026-04-19 09:51:41.702,2026-04-19 13:41:41.702,230.0,0.0,3h 50m,DEL to BLR,1.0,Morning (09-12),PAY1638,5703.58,NETBANKING,61,60+,M,K***,V***
B1464,P1366,AI083,2026-03-07 11:37:36.951,CANCELLED,61e316cecc3ea80a001f2c7f82ec86cc7aa74f762a98f95d5102765a61cba26e,6B,T***,f67398c2fdc30493bcb073487fbeaf6e923685e539d3a68ee5b0ae29ed697ff9,AIR INDIA,DEL,BOM,2026-04-19 12:54:41.702,2026-04-19 13:37:41.702,43.0,0.0,0h 43m,DEL to BOM,0.0,Afternoon (12-17),PAY1895,4535.96,CARD,57,46-60,M,M***,G***
B1465,P1527,UK024,2025-07-02 11:37:36.951,PENDING,66164d3b7f49d383585f5e323524c88041bf0ec2c5c18689bc9c8487f2e373e4,5C,A***,1bbabd5deb3158c54db7888c6c230393b9eb80e2638e4786e00bbb9483b295cd,VISTARA,MAA,BLR,2026-04-19 08:29:41.701,2026-04-19 13:29:41.701,300.0,0.0,5h 0m,MAA to BLR,1.0,Early Morning (05-09),,,,84,60+,F,A***,M***
B1466,P1790,UK220,2025-04-27 11:37:36.951,CANCELLED,e26fb1cb3b482ac70965ecc26df9a1f7f7211ed39504df3bb92dc64141387cc7,28B,B***,7a81f519982f9bb62db7251bb878aa23b722ff067a83dfa08fce388088554990,VISTARA,BLR,BOM,2026-04-19 09:51:41.704,2026-04-19 13:25:41.704,214.0,0.0,3h 34m,BLR to BOM,1.0,Morning (09-12),,,,4,Under 18,F,S***,B***
B1467,P1646,UK115,2025-04-30 11:37:36.951,CANCELLED,72456785c4cbc86f520e8fcd63068138ecbb52c8bb2185de73d973a3a1eba8ae,25A,E***,7921e5fe5d109d69f410dd71ef58bb5725f39769df6f23f4e11add9e228de35a,VISTARA,BLR,BOM,2026-04-19 11:20:41.702,2026-04-19 13:20:42.000,120.0,0.0,2h 0m,BLR to BOM,0.0,Morning (09-12),PAY1166,13307.54,CARD,57,46-60,F,A***,G***
B1468,P1537,AI255,2025-07-16 11:37:36.951,CONFIRMED,e5661518596081ced8899ea0109c6574a280bd0bd0d9f4b5920b39fc8fde85fa,14F,H***,69a1bc472c750c6485910a498c8fe46d76b4ab608ab197abec2ef75d04a2ef9b,AIR INDIA,MAA,CCU,2026-04-19 08:45:41.704,2026-04-19 13:12:41.704,267.0,0.0,4h 27m,MAA to CCU,1.0,Early Morning (05-09),PAY1659,11281.66,UPI,76,60+,M,R***,J***
B1468,P1537,AI255,2025-07-16 11:37:36.951,CONFIRMED,e5661518596081ced8899ea0109c6574a280bd0bd0d9f4b5920b39fc8fde85fa,14F,H***,69a1bc472c750c6485910a498c8fe46d76b4ab608ab197abec2ef75d04a2ef9b,AIR INDIA,MAA,CCU,2026-04-19 08:45:41.704,2026-04-19 13:12:41.704,267.0,0.0,4h 27m,MAA to CCU,1.0,Early Morning (05-09),PAY1753,14054.88,NETBANKING,76,60+,M,R***,J***
B1469,P1863,6F001,2025-12-25 11:37:36.951,CONFIRMED,269a29fc2d68582ce05ae3466c42430845ca2694a0a0378d563f26f2fba1b831,11A,P***,95af86ec0a65fe4628309c4780bd2c7ecd1d6cb14c82b4e3c75ce66f9b9f3e0c,INDIGO,HYD,BOM,2026-04-19 11:33:41.700,2026-04-19 13:08:41.700,95.0,0.0,1h 35m,HYD to BOM,0.0,Morning (09-12),,,,13,Under 18,M,D***,A***
B1470,P1523,6F132,2025-05-27 11:37:36.951,CANCELLED,3a7af6283ec9f8cfc9e2ecfd0df189d0e3785dc05f2e7ab8b988f400b1398156,24E,T***,327d3776775ba3e49776f5da98cfd83cb4a5dce431199cfab40215cbe658447b,INDIGO,MAA,BOM,2026-04-19 12:00:41.702,2026-04-19 13:00:42.000,60.0,0.0,1h 0m,MAA to BOM,0.0,Afternoon (12-17),,,,89,60+,F,K***,V***
B1471,P1071,UK184,2026-03-28 11:37:36.951,PENDING,9d906bfc295bc251b5a9a178d45fa4b411062ce9385d27ef7c2bae614a6bfa41,8E,R***,946f53cb386e62fb6cdd42290bd659793cc37aa5fda2748289dfe8659cea4e8f,VISTARA,MAA,HYD,2026-04-19 10:49:41.703,2026-04-19 13:00:41.703,131.0,0.0,2h 11m,MAA to HYD,0.0,Morning (09-12),,,,63,60+,M,S***,G***
B1472,P1644,6F098,2025-06-06 11:37:36.951,PENDING,ce4ece160442d3311cdf6d1374681f55a51d9a456582edf698297370f7cd1162,3D,V***,2ffbb6da3fa6648b165a794275a18027db4a07cc77db5f002ab0cdfcbf916f81,INDIGO,BLR,MAA,2026-04-19 10:18:41.702,2026-04-19 12:49:41.702,151.0,0.0,2h 31m,BLR to MAA,0.0,Morning (09-12),,,,16,Under 18,M,D***,I***
B1473,P1105,SJ168,2025-07-19 11:37:36.951,PENDING,7d991f68e382194178a689cf67104a9d2bbb010831241c85023225fbe91995cf,21F,W***,38942b9d0cb56b339645dbb1b85bfa03ec9491fd84cb8116fd5752d189d049d3,SPICEJET,CCU,BOM,2026-04-19 08:17:41.703,2026-04-19 12:29:41.703,252.0,0.0,4h 12m,CCU to BOM,1.0,Early Morning (05-09),,,,63,60+,F,M***,S***
B1474,P1731,SJ178,2025-07-28 11:37:36.951,CANCELLED,110bae9381688fc400cddeeca29ea01d9927500a221bc046f59a079f0fd8fd14,14C,J***,1d7d8eeb2584d24ddbe072bd950e22445a3c2cd23cebe6702665de0b039a78d8,SPICEJET,BOM,HYD,2026-04-19 09:58:41.703,2026-04-19 12:27:41.703,149.0,0.0,2h 29m,BOM to HYD,0.0,Morning (09-12),PAY1081,12076.76,CARD,34,31-45,M,K***,M***
B1474,P1731,SJ178,2025-07-28 11:37:36.951,CANCELLED,110bae9381688fc400cddeeca29ea01d9927500a221bc046f59a079f0fd8fd14,14C,J***,1d7d8eeb2584d24ddbe072bd950e22445a3c2cd23cebe6702665de0b039a78d8,SPICEJET,BOM,HYD,2026-04-19 09:58:41.703,2026-04-19 12:27:41.703,149.0,0.0,2h 29m,BOM to HYD,0.0,Morning (09-12),PAY1354,10623.21,CARD,34,31-45,M,K***,M***
B1474,P1731,SJ178,2025-07-28 11:37:36.951,CANCELLED,110bae9381688fc400cddeeca29ea01d9927500a221bc046f59a079f0fd8fd14,14C,J***,1d7d8eeb2584d24ddbe072bd950e22445a3c2cd23cebe6702665de0b039a78d8,SPICEJET,BOM,HYD,2026-04-19 09:58:41.703,2026-04-19 12:27:41.703,149.0,0.0,2h 29m,BOM to HYD,0.0,Morning (09-12),PAY1707,10060.35,UPI,34,31-45,M,K***,M***
B1475,P1884,UK111,2026-03-07 11:37:36.951,CANCELLED,be9328270820fba6884c05dc49995fb6ad4f58886c035516a69c423d173211cb,2C,C***,64f3cd74690ca4a423c2e70412e0b313fd0a6bd061764ab85322f7911082cca3,VISTARA,MAA,BLR,2026-04-19 11:06:41.702,2026-04-19 12:20:41.702,74.0,0.0,1h 14m,MAA to BLR,0.0,Morning (09-12),PAY1609,6101.41,CARD,70,60+,F,A***,C***
B1475,P1884,UK111,2026-03-07 11:37:36.951,CANCELLED,be9328270820fba6884c05dc49995fb6ad4f58886c035516a69c423d173211cb,2C,C***,64f3cd74690ca4a423c2e70412e0b313fd0a6bd061764ab85322f7911082cca3,VISTARA,MAA,BLR,2026-04-19 11:06:41.702,2026-04-19 12:20:41.702,74.0,0.0,1h 14m,MAA to BLR,0.0,Morning (09-12),PAY1661,12511.85,UPI,70,60+,F,A***,C***
B1475,P1884,UK111,2026-03-07 11:37:36.951,CANCELLED,be9328270820fba6884c05dc49995fb6ad4f58886c035516a69c423d173211cb,2C,C***,64f3cd74690ca4a423c2e70412e0b313fd0a6bd061764ab85322f7911082cca3,VISTARA,MAA,BLR,2026-04-19 11:06:41.702,2026-04-19 12:20:41.702,74.0,0.0,1h 14m,MAA to BLR,0.0,Morning (09-12),PAY1692,2786.72,NETBANKING,70,60+,F,A***,C***
B1476,P1964,SJ051,2026-02-27 11:37:36.951,CANCELLED,02e834b31e5de3f13f398815d00a75ad9bb84f8872292867a5b9b00ccf59c143,32E,M***,c2de81a119b037f09c2ec7bf9f8931f3c6e868e2d211510145c44dc42e7c3825,,,,,,,,,,,,,,,60,46-60,F,S***,V***
B1477,P1688,SJ193,2025-07-06 11:37:36.951,CANCELLED,2f090b21253ad97e367fae108335a5829bf088b1f15b6fa9e5de54bd9be1cd61,18E,A***,fe82ea65e7d9b3f9cda1d5bb4f486ade0825e81be10216c577f309a1a2bfc9da,SPICEJET,CCU,DEL,2026-04-19 09:37:41.703,2026-04-19 12:16:41.703,159.0,0.0,2h 39m,CCU to DEL,0.0,Morning (09-12),PAY1255,9314.23,CARD,49,46-60,M,S***,G***
B1477,P1688,SJ193,2025-07-06 11:37:36.951,CANCELLED,2f090b21253ad97e367fae108335a5829bf088b1f15b6fa9e5de54bd9be1cd61,18E,A***,fe82ea65e7d9b3f9cda1d5bb4f486ade0825e81be10216c577f309a1a2bfc9da,SPICEJET,CCU,DEL,2026-04-19 09:37:41.703,2026-04-19 12:16:41.703,159.0,0.0,2h 39m,CCU to DEL,0.0,Morning (09-12),PAY1352,3182.33,UPI,49,46-60,M,S***,G***
B1477,P1688,SJ193,2025-07-06 11:37:36.951,CANCELLED,2f090b21253ad97e367fae108335a5829bf088b1f15b6fa9e5de54bd9be1cd61,18E,A***,fe82ea65e7d9b3f9cda1d5bb4f486ade0825e81be10216c577f309a1a2bfc9da,SPICEJET,CCU,DEL,2026-04-19 09:37:41.703,2026-04-19 12:16:41.703,159.0,0.0,2h 39m,CCU to DEL,0.0,Morning (09-12),PAY1807,4907.19,CARD,49,46-60,M,S***,G***
B1478,P1281,SJ039,2026-02-24 11:37:36.951,CONFIRMED,20758d4e2755a32a1dc0f922ee690cdea86c0f086791d9e8e5fc183eae1c2f97,28D,W***,1ea3d88724fc10332cf3c8742295b7a35c75813a93c453159267920bfbb74d35,SPICEJET,MAA,BOM,2026-04-19 08:41:41.701,2026-04-19 12:08:41.701,207.0,0.0,3h 27m,MAA to BOM,0.0,Early Morning (05-09),PAY1114,2928.68,CARD,54,46-60,F,K***,J***
B1479,P1132,UK066,2025-12-17 11:37:36.951,CANCELLED,429f2459116501fab74fec4832d1721776dcad5a014f94824164c8bf2cc818cc,22B,V***,2861d1886fb30e6621964e4769e1a51cd233fa8ebf31a600e425a1db322307d3,VISTARA,BOM,CCU,2026-04-19 10:29:41.701,2026-04-19 12:07:41.701,98.0,0.0,1h 38m,BOM to CCU,0.0,Morning (09-12),PAY1404,6418.94,UPI,3,Under 18,F,I***,B***
B1479,P1132,UK066,2025-12-17 11:37:36.951,CANCELLED,429f2459116501fab74fec4832d1721776dcad5a014f94824164c8bf2cc818cc,22B,V***,2861d1886fb30e6621964e4769e1a51cd233fa8ebf31a600e425a1db322307d3,VISTARA,BOM,CCU,2026-04-19 10:29:41.701,2026-04-19 12:07:41.701,98.0,0.0,1h 38m,BOM to CCU,0.0,Morning (09-12),PAY1567,10059.56,NETBANKING,3,Under 18,F,I***,B***
B1480,P1533,SJ050,2026-03-14 11:37:36.951,PENDING,a56d1df46b2ed3160faa7a9a482a8e9ddbceb3aab4206f9b92a174605eaf39f9,34B,T***,21317819acf210bf830c8b3ba78ca104f259f68a3af808449aca3f92e35132d0,SPICEJET,HYD,CCU,2026-04-19 11:24:41.701,2026-04-19 12:03:41.701,39.0,0.0,0h 39m,HYD to CCU,0.0,Morning (09-12),PAY1229,3112.82,CARD,49,46-60,F,A***,V***
B1481,P1974,6F052,2025-06-11 11:37:36.951,CONFIRMED,296623e4f4a6a19a071d2c79e414744565e1717baf4930459c8e3f06fdb65463,4D,Z***,6adce97297cfb2a11c8652e6fda6b41fde3068f25a282b2c0cb8847ff2093018,INDIGO,BOM,CCU,2026-04-19 09:13:41.701,2026-04-19 12:02:41.701,169.0,0.0,2h 49m,BOM to CCU,0.0,Morning (09-12),,,,64,60+,M,K***,M***
B1482,P1268,SJ170,2025-08-29 11:37:36.951,PENDING,ed356afef10115798b7e5410e1ff670655793dacb5066b9623880eeff81a3a6c,14E,G***,7efb453d3583c9beaf0dc1b1f599c34d4616b2b0007e4eb7e5301891cc6e93b7,SPICEJET,BLR,BOM,2026-04-19 10:11:41.703,2026-04-19 11:56:41.703,105.0,0.0,1h 45m,BLR to BOM,0.0,Morning (09-12),PAY1453,10093.45,UPI,54,46-60,M,K***,K***
B1482,P1268,SJ170,2025-08-29 11:37:36.951,PENDING,ed356afef10115798b7e5410e1ff670655793dacb5066b9623880eeff81a3a6c,14E,G***,7efb453d3583c9beaf0dc1b1f599c34d4616b2b0007e4eb7e5301891cc6e93b7,SPICEJET,BLR,BOM,2026-04-19 10:11:41.703,2026-04-19 11:56:41.703,105.0,0.0,1h 45m,BLR to BOM,0.0,Morning (09-12),PAY1603,7655.83,UPI,54,46-60,M,K***,K***
B1483,P1411,SJ119,2025-06-09 11:37:36.951,NAN,f852b2b28c852cac90ca864209aafa4a8b2e2aaa02edca0b5733685420a200d9,26B,D***,37083e523e4d704dea06673da1ba4a25db011952c8f9528f2a59f9721817de42,SPICEJET,BOM,CCU,2026-04-19 08:53:41.702,2026-04-19 11:29:41.702,156.0,0.0,2h 36m,BOM to CCU,0.0,Early Morning (05-09),PAY1902,10562.26,CARD,19,18-30,F,V***,G***
B1484,P1672,AI219,2025-05-07 11:37:36.951,CONFIRMED,a026dd30806c0e84f3b06a25f5176baa8ec01ad575435363f2f3c3bfe8811d89,13B,B***,8fb7781d1ad94d5cf97a2405db4c77c8b213d4fc448845a19a9808f402700f3b,,,,,,,,,,,,,,,13,Under 18,M,D***,J***
B1485,P1618,6F220,2025-07-05 11:37:36.951,CANCELLED,e58cdcac405a94b65bdeb6a271d5f78e68ede54995fcdf53d126ddc3cefbad6e,12D,K***,1131932ba1c6016ab84fed9c6421a78dc5267b584e5dacfc5ee66a4002efbd01,INDIGO,HYD,BOM,2026-04-19 10:27:41.704,2026-04-19 11:25:41.704,58.0,0.0,0h 58m,HYD to BOM,0.0,Morning (09-12),,,,38,31-45,F,I***,S***
B1486,P1790,AI207,2025-05-04 11:37:36.951,CONFIRMED,506a19ae5ad96f13e540a3b6cf33b3f12cd80c6f72de4de331a02a629005ff32,3D,C***,da7d7052d24be79fe1d6aefc6ebaadfeff9ec7a53f08285b921c811b86ebefc6,AIR INDIA,BOM,MAA,2026-04-19 08:24:41.703,2026-04-19 11:23:41.703,179.0,0.0,2h 59m,BOM to MAA,0.0,Early Morning (05-09),PAY1115,6166.79,NETBANKING,4,Under 18,F,S***,B***
B1486,P1790,AI207,2025-05-04 11:37:36.951,CONFIRMED,506a19ae5ad96f13e540a3b6cf33b3f12cd80c6f72de4de331a02a629005ff32,3D,C***,da7d7052d24be79fe1d6aefc6ebaadfeff9ec7a53f08285b921c811b86ebefc6,AIR INDIA,BOM,MAA,2026-04-19 08:24:41.703,2026-04-19 11:23:41.703,179.0,0.0,2h 59m,BOM to MAA,0.0,Early Morning (05-09),PAY1318,9435.36,CARD,4,Under 18,F,S***,B***
B1486,P1790,AI207,2025-05-04 11:37:36.951,CONFIRMED,506a19ae5ad96f13e540a3b6cf33b3f12cd80c6f72de4de331a02a629005ff32,3D,C***,da7d7052d24be79fe1d6aefc6ebaadfeff9ec7a53f08285b921c811b86ebefc6,AIR INDIA,BOM,MAA,2026-04-19 08:24:41.703,2026-04-19 11:23:41.703,179.0,0.0,2h 59m,BOM to MAA,0.0,Early Morning (05-09),PAY1696,4695.45,UPI,4,Under 18,F,S***,B***
B1487,P1864,6F024,2026-01-26 11:37:36.951,PENDING,adba3d3b0421a586b37686552b99f88373604eea431926167c0c7cf595dc19dc,5E,O***,ac3b1dae04b947317ce2cd1ccc4c423cf5fd0926b02e83cad5c906d18d97c1a2,INDIGO,BOM,DEL,2026-04-19 07:31:41.701,2026-04-19 11:17:41.701,226.0,0.0,3h 46m,BOM to DEL,1.0,Early Morning (05-09),,,,84,60+,M,A***,S***
B1488,P1746,SJ073,2025-05-04 11:37:36.951,CANCELLED,4e4b079737ddbb5b33b8f7da13244e5489768f81c01b151da09111f74030d3b1,27E,S***,03069cc19e57478f9a48f5463e29d8b085d770ef8add97b880b99d70b49c0557,SPICEJET,CCU,BLR,2026-04-19 09:26:41.701,2026-04-19 11:14:41.701,108.0,0.0,1h 48m,CCU to BLR,0.0,Morning (09-12),PAY1518,9707.48,NETBANKING,66,60+,M,A***,M***
B1488,P1746,SJ073,2025-05-04 11:37:36.951,CANCELLED,4e4b079737ddbb5b33b8f7da13244e5489768f81c01b151da09111f74030d3b1,27E,S***,03069cc19e57478f9a48f5463e29d8b085d770ef8add97b880b99d70b49c0557,SPICEJET,CCU,BLR,2026-04-19 09:26:41.701,2026-04-19 11:14:41.701,108.0,0.0,1h 48m,CCU to BLR,0.0,Morning (09-12),PAY1983,12915.55,NETBANKING,66,60+,M,A***,M***
B1489,P1017,SJ201,2025-07-08 11:37:36.951,CANCELLED,6363055b88f7fb0c113d4b2a9e63015b5287f93a7b1818572d01c533519c3acb,24F,J***,9c9517381a552cf69e6da766f587c28f275160f64e579c56061f4a69286f3ebd,SPICEJET,BLR,DEL,2026-04-19 09:10:41.703,2026-04-19 11:12:41.703,122.0,0.0,2h 2m,BLR to DEL,0.0,Morning (09-12),,,,38,31-45,F,R***,C***
B1490,P1753,AI180,2026-03-10 11:37:36.951,CONFIRMED,87ea6c14c39aceb828e1688a32673cd8428288a5e34a2878e356912550a6eb7a,29B,Y***,25c8576ffd4adf8fddeca5f4a825a4e86877305a43413f559e6e20cb76d67fc4,AIR INDIA,BOM,CCU,2026-04-19 10:19:41.703,2026-04-19 11:00:41.703,41.0,0.0,0h 41m,BOM to CCU,0.0,Morning (09-12),PAY1908,1217.88,CARD,82,60+,F,D***,R***
B1491,P1116,UK022,2025-07-16 11:37:36.951,CONFIRMED,b6420cc1e0011e631caa3e393d48a4fe3a684e914f61c38ab7893c342f837cf7,18F,N***,2189231f41319d253e566965d3245bacaef8afe873923b37f053171aded13709,VISTARA,DEL,HYD,2026-04-19 06:22:41.701,2026-04-19 10:59:41.701,277.0,0.0,4h 37m,DEL to HYD,1.0,Early Morning (05-09),PAY1519,6534.99,UPI,73,60+,F,V***,G***
B1492,P1797,AI202,2026-03-27 11:37:36.951,CANCELLED,1bddb53399c847dc6c4bb9207d494f52bb1f7f99bba0aac2517738cc63ef08b3,29C,V***,e9286c42d5f0b7d82e82d573594490770bf72cd4de866dd4983e48113dabf392,AIR INDIA,HYD,BLR,2026-04-19 08:44:41.703,2026-04-19 10:53:41.703,129.0,0.0,2h 9m,HYD to BLR,0.0,Early Morning (05-09),,,,50,46-60,F,A***,J***
B1493,P1793,6F212,2025-06-01 11:37:36.952,CONFIRMED,828454bea9c0ebad929ed8c9e70cdbca8ccd9e3a1face8966c7b15ea597a3d1c,26D,H***,74f9955da8498e314a66f3dcd0fa88c28f9e407ad55ad64f5d01c4d654ab9fa4,INDIGO,BLR,CCU,2026-04-19 06:10:41.703,2026-04-19 10:52:41.703,282.0,0.0,4h 42m,BLR to CCU,1.0,Early Morning (05-09),,,,67,60+,M,A***,J***
B1494,P1143,6F163,2025-06-09 11:37:36.952,CANCELLED,c5c33773bec9267c6678e099f15d00da8195555be53fe58c21f017809f570602,23F,U***,a0b4d1c25e8f441e82bad0dc050f37bc727c0b4670f8d8b301355948648e0311,INDIGO,MAA,BOM,2026-04-19 06:49:41.703,2026-04-19 10:46:41.703,237.0,0.0,3h 57m,MAA to BOM,1.0,Early Morning (05-09),,,,63,60+,F,A***,N***
B1495,P1716,UK028,2025-10-15 11:37:36.952,CONFIRMED,cb5b30543445e04da17c91e8dab0266a970d528ebdb716531a81d53ee7dc1787,27D,L***,72080fb8482b924fb1b24a4e26ffb969a5dc352fc3f1e113b165288a43d8e307,VISTARA,HYD,MAA,2026-04-19 09:02:41.701,2026-04-19 10:37:41.701,95.0,0.0,1h 35m,HYD to MAA,0.0,Morning (09-12),PAY1503,11906.95,UPI,85,60+,F,S***,M***
B1495,P1716,UK028,2025-10-15 11:37:36.952,CONFIRMED,cb5b30543445e04da17c91e8dab0266a970d528ebdb716531a81d53ee7dc1787,27D,L***,72080fb8482b924fb1b24a4e26ffb969a5dc352fc3f1e113b165288a43d8e307,VISTARA,HYD,MAA,2026-04-19 09:02:41.701,2026-04-19 10:37:41.701,95.0,0.0,1h 35m,HYD to MAA,0.0,Morning (09-12),PAY1578,5584.17,CARD,85,60+,F,S***,M***
B1496,P1550,6F243,2026-03-21 11:37:36.952,PENDING,f8c8f8aa488eb0f03a2fb2dc95ffc3cf25f7f550ba2c7f01e8056b003be3ca7d,7D,M***,222d36f81e28067f457f88aa1092b126b2140c47723dc8a6a27edabade88f330,INDIGO,BOM,HYD,2026-04-19 09:37:41.704,2026-04-19 10:33:41.704,56.0,0.0,0h 56m,BOM to HYD,0.0,Morning (09-12),PAY1579,2901.65,UPI,53,46-60,F,I***,A***
B1497,P1928,AI165,2025-09-02 11:37:36.952,CONFIRMED,3ae0234026ffaffd62dede471df31da72ac428fd18406e50512a646c2677de83,11F,G***,e3b099250d203f00e00c39ea4264abdcf46a4931ca09e32baa7f5521fc44b668,AIR INDIA,DEL,CCU,2026-04-19 08:51:41.703,2026-04-19 10:31:41.703,100.0,0.0,1h 40m,DEL to CCU,0.0,Early Morning (05-09),,,,12,Under 18,M,S***,A***
B1498,P1665,UK099,2025-07-18 11:37:36.952,PENDING,f843de9e6b00131c258c2fe7a026d56435ef1aa44f01226532e61ba0d7830aa7,3D,A***,58c2bc9aed656a97726dd97a29701d53698474d81070402170cccd0aeed01a71,VISTARA,BOM,MAA,2026-04-19 06:16:41.702,2026-04-19 10:24:41.702,248.0,0.0,4h 8m,BOM to MAA,1.0,Early Morning (05-09),,,,63,60+,M,V***,S***
B1499,P1687,AI033,2025-06-17 11:37:36.952,INVALID,45bd539b7e05838b21b49feeac13a6d9b3ebe220487755830bc1ec37b2af016a,17C,J***,c1fdef60ddf17293a2f30a7d2963870945b13c2690849baef7b7fe1116484092,AIR INDIA,MAA,CCU,2026-04-19 05:25:41.701,2026-04-19 10:21:41.701,296.0,0.0,4h 56m,MAA to CCU,1.0,Early Morning (05-09),,,,18,18-30,F,A***,P***
B1500,P1960,UK056,2025-04-30 11:37:36.952,CONFIRMED,aa23c109ac4d52666b9a089d48c25dce4300b0d0c104df5b3674f8c098775309,22D,J***,0dbb46bebc040efa538c79f976b3254a51f1472a7ffeef0163b3d15dd26fcd22,VISTARA,HYD,MAA,2026-04-19 09:29:41.701,2026-04-19 10:15:41.701,46.0,0.0,0h 46m,HYD to MAA,0.0,Morning (09-12),PAY1971,1303.07,CARD,35,31-45,M,K***,M***
B1501,P1752,SJ122,2025-09-04 11:37:36.952,CANCELLED,70a7cefb3f0dbc19070c2e7c4238e41ee547425e3b9780b683ccb5faab4e57ec,23D,L***,59fd5d39a24fce3149cbc6ce77927e9e97f4ddd592db8df91653ad652de204b9,SPICEJET,CCU,BOM,2026-04-19 05:22:41.702,2026-04-19 10:09:41.702,287.0,0.0,4h 47m,CCU to BOM,1.0,Early Morning (05-09),PAY1487,14182.89,NETBANKING,50,46-60,M,I***,S***
B1501,P1752,SJ122,2025-09-04 11:37:36.952,CANCELLED,70a7cefb3f0dbc19070c2e7c4238e41ee547425e3b9780b683ccb5faab4e57ec,23D,L***,59fd5d39a24fce3149cbc6ce77927e9e97f4ddd592db8df91653ad652de204b9,SPICEJET,CCU,BOM,2026-04-19 05:22:41.702,2026-04-19 10:09:41.702,287.0,0.0,4h 47m,CCU to BOM,1.0,Early Morning (05-09),PAY1699,13707.55,CARD,50,46-60,M,I***,S***
B1502,P1421,AI086,2025-10-15 11:37:36.952,CONFIRMED,e19e163aaf4ad2b4cd2cc690c4d74334d312510eeeaa48770099abeac81b01ae,23F,H***,5774606e01aa2aa44471993acb1908942889418bb754a43527a2e585de90b0fb,AIR INDIA,CCU,HYD,2026-04-19 07:13:41.702,2026-04-19 10:09:41.702,176.0,0.0,2h 56m,CCU to HYD,0.0,Early Morning (05-09),PAY1121,10714.33,CARD,1,Under 18,F,I***,N***
B1502,P1421,AI086,2025-10-15 11:37:36.952,CONFIRMED,e19e163aaf4ad2b4cd2cc690c4d74334d312510eeeaa48770099abeac81b01ae,23F,H***,5774606e01aa2aa44471993acb1908942889418bb754a43527a2e585de90b0fb,AIR INDIA,CCU,HYD,2026-04-19 07:13:41.702,2026-04-19 10:09:41.702,176.0,0.0,2h 56m,CCU to HYD,0.0,Early Morning (05-09),PAY1243,7252.43,UPI,1,Under 18,F,I***,N***
B1503,P1897,SJ011,2025-10-17 11:37:36.952,CONFIRMED,54abf58ae2ed61b384895291ff219d2baf55e298a6600bcea523b37859a8485a,25C,U***,3c5269bf44d4409745751e6edd1ae8cd1247864b56dd288b1ad7b12552bcbc2f,SPICEJET,BOM,MAA,2026-04-19 05:14:41.701,2026-04-19 09:59:41.701,285.0,0.0,4h 45m,BOM to MAA,1.0,Early Morning (05-09),,,,9,Under 18,M,K***,M***
B1504,P1368,SJ021,2025-04-21 11:37:36.952,PENDING,5aa81a2d4e9f1b58fbf7c8e71005993fc41949c8246e33671fa55db28d66a177,4E,F***,61ee21679e0cdde7efbc17b9b033ea99fedce22921121955fbb787d89607e645,SPICEJET,HYD,BLR,2026-04-19 05:48:41.701,2026-04-19 09:46:41.701,238.0,0.0,3h 58m,HYD to BLR,1.0,Early Morning (05-09),PAY1064,14087.19,NETBANKING,45,31-45,F,M***,P***
B1504,P1368,SJ021,2025-04-21 11:37:36.952,PENDING,5aa81a2d4e9f1b58fbf7c8e71005993fc41949c8246e33671fa55db28d66a177,4E,F***,61ee21679e0cdde7efbc17b9b033ea99fedce22921121955fbb787d89607e645,SPICEJET,HYD,BLR,2026-04-19 05:48:41.701,2026-04-19 09:46:41.701,238.0,0.0,3h 58m,HYD to BLR,1.0,Early Morning (05-09),PAY1417,13855.61,NETBANKING,45,31-45,F,M***,P***
B1504,P1368,SJ021,2025-04-21 11:37:36.952,PENDING,5aa81a2d4e9f1b58fbf7c8e71005993fc41949c8246e33671fa55db28d66a177,4E,F***,61ee21679e0cdde7efbc17b9b033ea99fedce22921121955fbb787d89607e645,SPICEJET,HYD,BLR,2026-04-19 05:48:41.701,2026-04-19 09:46:41.701,238.0,0.0,3h 58m,HYD to BLR,1.0,Early Morning (05-09),PAY1580,4316.96,NETBANKING,45,31-45,F,M***,P***
B1505,P1645,SJ106,2025-11-29 11:37:36.952,CONFIRMED,a0fff753c20293941f6af4aaf87bdb569393afa8a7e9048eeefce25eeafc6bbb,8F,D***,7107d092b3fd8178b8e6d8edf7e0e71e5b9217f7d1214660425f00fa8134eb76,SPICEJET,CCU,DEL,2026-04-19 07:16:41.702,2026-04-19 09:40:41.702,144.0,0.0,2h 24m,CCU to DEL,0.0,Early Morning (05-09),PAY1466,7472.98,UPI,87,60+,F,A***,S***
B1506,P1557,SJ026,2026-01-29 11:37:36.952,CANCELLED,8ed668380af251c7dfee50fd96803397c0a7ab58e92d79f9ad10ab4bc399ec42,9E,C***,766a05805fac05f23d056551bb405e1fbeab8e881601f1fa6f12b34dab4edcce,SPICEJET,CCU,MAA,2026-04-19 05:22:41.701,2026-04-19 09:40:41.701,258.0,0.0,4h 18m,CCU to MAA,1.0,Early Morning (05-09),,,,58,46-60,F,A***,K***
B1507,P1049,SJ245,2025-11-27 11:37:36.952,PENDING,17c977be80868ba3fcd908d72bb1fd9c2f22cfa3835f81688afe45c7a012d1c7,20A,J***,38ab16176f888eced894f4c5d65a93efa7746de162f241f421a11bba543b244b,SPICEJET,BOM,DEL,2026-04-19 06:07:41.704,2026-04-19 09:39:41.704,212.0,0.0,3h 32m,BOM to DEL,1.0,Early Morning (05-09),PAY1298,4865.21,NETBANKING,60,46-60,F,A***,J***
B1508,P1677,AI023,2025-07-31 11:37:36.952,NAN,6dbdab56124400fec5c9832101f6a1f4da5d1c5ea4aaf6e232da30f3a1d71c81,9C,C***,1ee57baba7fa71e03b915246676a09134f37ebf03fd3ae60ef9b397c756e6eb1,AIR INDIA,HYD,BLR,2026-04-19 06:10:41.701,2026-04-19 09:35:41.701,205.0,0.0,3h 25m,HYD to BLR,0.0,Early Morning (05-09),PAY1008,7277.14,CARD,69,60+,F,D***,N***
B1508,P1677,AI023,2025-07-31 11:37:36.952,NAN,6dbdab56124400fec5c9832101f6a1f4da5d1c5ea4aaf6e232da30f3a1d71c81,9C,C***,1ee57baba7fa71e03b915246676a09134f37ebf03fd3ae60ef9b397c756e6eb1,AIR INDIA,HYD,BLR,2026-04-19 06:10:41.701,2026-04-19 09:35:41.701,205.0,0.0,3h 25m,HYD to BLR,0.0,Early Morning (05-09),PAY1478,2603.09,CARD,69,60+,F,D***,N***
B1508,P1677,AI023,2025-07-31 11:37:36.952,NAN,6dbdab56124400fec5c9832101f6a1f4da5d1c5ea4aaf6e232da30f3a1d71c81,9C,C***,1ee57baba7fa71e03b915246676a09134f37ebf03fd3ae60ef9b397c756e6eb1,AIR INDIA,HYD,BLR,2026-04-19 06:10:41.701,2026-04-19 09:35:41.701,205.0,0.0,3h 25m,HYD to BLR,0.0,Early Morning (05-09),PAY1552,4799.03,CARD,69,60+,F,D***,N***
B1509,P1105,AI032,2025-09-25 11:37:36.952,CANCELLED,65904f07d5c4e482b52e9ca0f7f4c31ee5155cf1976e633f30df6b7c544ad739,14F,D***,42f27f17b501a3d5081698779dfeb1df443bc298646705c788a337501cf01b81,AIR INDIA,MAA,BLR,2026-04-19 07:26:41.701,2026-04-19 09:26:42.000,120.0,0.0,2h 0m,MAA to BLR,0.0,Early Morning (05-09),,,,63,60+,F,M***,S***
B1510,P1215,AI236,2025-05-11 11:37:36.952,CANCELLED,875d8bc90eed7c57e927b94cbb42f41037c31f3bdfde21c032dcc73d21e6c104,19F,J***,b34eb275f2306582e2379a99bf82743830b63a41d8f559e354f8a8e6241541ce,AIR INDIA,DEL,BOM,2026-04-19 04:52:41.704,2026-04-19 09:11:41.704,259.0,0.0,4h 19m,DEL to BOM,1.0,Night (21-05),PAY1312,3179.45,CARD,75,60+,M,I***,N***
B1511,P1657,6F094,2025-12-24 11:37:36.952,CANCELLED,47775c422f2769cb43154b0a79d7b4dc13624c9fdb3e03b343f63805147c7184,15C,W***,b2b92cf458d19af102de50c9ae356ae79f1fa1c1654c45671848bfedd6b93f16,INDIGO,BLR,BOM,2026-04-19 07:37:41.702,2026-04-19 09:06:41.702,89.0,0.0,1h 29m,BLR to BOM,0.0,Early Morning (05-09),PAY1941,12346.57,UPI,8,Under 18,F,S***,K***
B1512,P1922,UK163,2025-12-21 11:37:36.952,PENDING,1831fcb83c327ecdbb0a041bdf07e9e7740c2ace5adc2bbf0c487d681e97f8aa,4A,K***,4bc1d0b23972260b4cfdc1160740559aa9675ade3c6846d7d38b8857ddc83123,VISTARA,DEL,HYD,2026-04-19 07:22:41.703,2026-04-19 09:04:41.703,102.0,0.0,1h 42m,DEL to HYD,0.0,Early Morning (05-09),PAY1169,5747.83,CARD,70,60+,F,A***,G***
B1513,P1424,UK163,2025-06-30 11:37:36.952,CONFIRMED,f350f27c6850dd1c63d22bcf25cdeb1b7de88f4d6657b8714de11be7b3660b49,32B,S***,85cfa97782598d4ad633d505936c5f5a91ec404b40e152d4b3583eac3f3b7f7f,VISTARA,DEL,HYD,2026-04-19 07:22:41.703,2026-04-19 09:04:41.703,102.0,0.0,1h 42m,DEL to HYD,0.0,Early Morning (05-09),PAY1073,9031.14,CARD,34,31-45,M,A***,N***
B1513,P1424,UK163,2025-06-30 11:37:36.952,CONFIRMED,f350f27c6850dd1c63d22bcf25cdeb1b7de88f4d6657b8714de11be7b3660b49,32B,S***,85cfa97782598d4ad633d505936c5f5a91ec404b40e152d4b3583eac3f3b7f7f,VISTARA,DEL,HYD,2026-04-19 07:22:41.703,2026-04-19 09:04:41.703,102.0,0.0,1h 42m,DEL to HYD,0.0,Early Morning (05-09),PAY1774,13685.53,CARD,34,31-45,M,A***,N***
B1514,P1071,SJ045,2025-05-07 11:37:36.952,CANCELLED,e9029372bf0771341bcd731a7bb22691f418275ad059418f347a26e7ccdb79e8,21E,O***,bdeddb6383d71008046c72fbcd1eed40c7e53c42f36f9b2a8753780c046a1028,SPICEJET,DEL,MAA,2026-04-19 04:16:41.701,2026-04-19 09:03:41.701,287.0,0.0,4h 47m,DEL to MAA,1.0,Night (21-05),,,,63,60+,M,S***,G***
B1515,P1987,SJ006,2025-07-06 11:37:36.952,PENDING,697772a54ff0f9a05c80caaf809ae1d5bbbecd246a9fd0e8b7123328d8c4fd33,26A,O***,5a4ac34307803a4b6156ca8b3a06f5dff736cdf1d5be3917dbf6dea00bb86f4a,SPICEJET,HYD,BLR,2026-04-19 08:25:41.701,2026-04-19 08:57:41.701,32.0,0.0,0h 32m,HYD to BLR,0.0,Early Morning (05-09),,,,83,60+,F,S***,P***
B1516,P1841,SJ103,2025-08-05 11:37:36.952,CANCELLED,828a66437f5ac471aa9ce63319aad71dc544c22e7195d35ff3812b5badbc9477,34F,V***,fb1330c71846ca7433bc53a32d784a862fd34205f31906cf46fca82a1d8f9fd1,SPICEJET,MAA,BLR,2026-04-19 05:16:41.702,2026-04-19 08:56:41.702,220.0,0.0,3h 40m,MAA to BLR,0.0,Early Morning (05-09),PAY1262,3242.75,UPI,2,Under 18,M,D***,D***
B1517,P1784,6F221,2026-01-16 11:37:36.952,INVALID,1dc685db8f8bbf1fe8338dcc3a6ce325abddfe502c9b77346c8927502103dc9b,31B,A***,c2f3fbccda422aadc04bd1fbcc2deebf380938fb3eea2a596eb0e03c7fa7c7e4,INDIGO,MAA,DEL,2026-04-19 05:20:41.704,2026-04-19 08:52:41.704,212.0,0.0,3h 32m,MAA to DEL,1.0,Early Morning (05-09),,,,55,46-60,F,I***,K***
B1518,P1758,SJ147,2026-03-20 11:37:36.952,INVALID,7e1b5ea674968e6697af50473da1d96ffde1efce35c9f2cdf4fb8ac85ed46e7f,30A,K***,5f23e93e84ea1bc97b6b5fa7aa9169206c85739cd33e3ca1e62e128685bc0905,SPICEJET,BLR,CCU,2026-04-19 04:30:41.702,2026-04-19 08:52:41.702,262.0,0.0,4h 22m,BLR to CCU,1.0,Night (21-05),,,,52,46-60,M,S***,A***
B1519,P1445,SJ064,2026-03-25 11:37:36.952,PENDING,8e19fc5093ef38fd8878bb561d4457a08c916459bb6e3ad3442f65d26c5b2462,3C,S***,1094a71fb57aa3440c2d60178565ed3781c25d760e064c7fad9ced68fe3637e1,SPICEJET,CCU,DEL,2026-04-19 06:29:41.701,2026-04-19 08:43:41.701,134.0,0.0,2h 14m,CCU to DEL,0.0,Early Morning (05-09),PAY1049,5454.29,CARD,62,60+,F,D***,N***
B1519,P1445,SJ064,2026-03-25 11:37:36.952,PENDING,8e19fc5093ef38fd8878bb561d4457a08c916459bb6e3ad3442f65d26c5b2462,3C,S***,1094a71fb57aa3440c2d60178565ed3781c25d760e064c7fad9ced68fe3637e1,SPICEJET,CCU,DEL,2026-04-19 06:29:41.701,2026-04-19 08:43:41.701,134.0,0.0,2h 14m,CCU to DEL,0.0,Early Morning (05-09),PAY1444,9403.54,NETBANKING,62,60+,F,D***,N***
B1520,P1924,AI028,2026-04-02 11:37:36.952,CONFIRMED,7d624dd934d7be6926f1bb208cfaeaee0badd0d5f973ad02d5483d2ebcd2e363,27A,W***,159bbe2c422953bcca3fb824b14f2c8224f33602a84b6584c2b2804669d90b3a,AIR INDIA,HYD,BOM,2026-04-19 07:53:41.701,2026-04-19 08:35:41.701,42.0,0.0,0h 42m,HYD to BOM,0.0,Early Morning (05-09),PAY1360,14340.74,CARD,68,60+,M,A***,R***
B1521,P1185,AI148,2025-11-08 11:37:36.952,PENDING,5e5ebc1d149d0de93d96094a8b366ceaedaf977e61f2b77caead995438bda08d,31E,H***,fad24e47cb902c1f0561b29096b3e71f7a36a000362edceb3a637b49e1262ccf,AIR INDIA,HYD,MAA,2026-04-19 05:41:41.703,2026-04-19 08:32:41.703,171.0,0.0,2h 51m,HYD to MAA,0.0,Early Morning (05-09),PAY1947,6664.48,CARD,24,18-30,M,A***,K***
B1521,P1185,AI148,2025-11-08 11:37:36.952,PENDING,5e5ebc1d149d0de93d96094a8b366ceaedaf977e61f2b77caead995438bda08d,31E,H***,fad24e47cb902c1f0561b29096b3e71f7a36a000362edceb3a637b49e1262ccf,AIR INDIA,HYD,MAA,2026-04-19 05:41:41.703,2026-04-19 08:32:41.703,171.0,0.0,2h 51m,HYD to MAA,0.0,Early Morning (05-09),PAY1982,3965.19,CARD,24,18-30,M,A***,K***
B1522,P1069,6F263,2025-08-31 11:37:36.952,CONFIRMED,c899afad417a38e4fa7f0f642cbff097e721121045a26d1acbf82ab391b86d16,1C,J***,1564e5297029f262c57a2ff1ea534f56b74db7d104a4676b1eb708d0076d4695,IndiGo,DEL,HYD,2026-04-19 07:07:41.703,2026-04-19 08:30:41.703,83.0,0.0,1h 23m,DEL to HYD,0.0,Early Morning (05-09),,,,4,Under 18,M,K***,N***
B1523,P1973,SJ067,2025-05-19 11:37:36.952,PENDING,f71a3483bc6c1b8f5efe70a3062d2d9f3809da12605dd54a0fba3a9a4641633b,21F,M***,4527ed621cd92d1b4f4cd2cfa8ce96d6b96f6a6c9e5fbe87608aaad959460a12,SPICEJET,MAA,BLR,2026-04-19 07:17:41.701,2026-04-19 08:16:41.701,59.0,0.0,0h 59m,MAA to BLR,0.0,Early Morning (05-09),PAY1119,10733.84,NETBANKING,40,31-45,F,K***,M***
B1524,P1149,6F061,2025-06-17 11:37:36.952,PENDING,e61ec95458240720163b25e4f219878553de6b970f13445352861d2a52f7093b,23D,R***,b9329c8a8b4a733cbd581512ddf762f7906ba6aed5f67f93dedf2f56a7df2529,INDIGO,MAA,BOM,2026-04-19 07:28:41.701,2026-04-19 08:09:41.701,41.0,0.0,0h 41m,MAA to BOM,0.0,Early Morning (05-09),PAY1464,1289.01,NETBANKING,29,18-30,M,I***,N***
B1524,P1149,6F061,2025-06-17 11:37:36.952,PENDING,e61ec95458240720163b25e4f219878553de6b970f13445352861d2a52f7093b,23D,R***,b9329c8a8b4a733cbd581512ddf762f7906ba6aed5f67f93dedf2f56a7df2529,INDIGO,MAA,BOM,2026-04-19 07:28:41.701,2026-04-19 08:09:41.701,41.0,0.0,0h 41m,MAA to BOM,0.0,Early Morning (05-09),PAY1935,8542.82,CARD,29,18-30,M,I***,N***
B1525,P1245,AI254,2025-05-29 11:37:36.952,NAN,910148a761bf83854ec13b4d030ea07103debbdb500b4353707e926ff05fa064,11E,S***,91e5c5052847e6af849cd44921a928d39a484143f2ed71e036ddf85d2769af0e,AIR INDIA,CCU,HYD,2026-04-19 04:46:41.704,2026-04-19 08:06:41.704,200.0,0.0,3h 20m,CCU to HYD,1.0,Night (21-05),PAY1301,7869.06,UPI,57,46-60,F,A***,C***
B1526,P1773,SJ136,2025-11-15 11:37:36.952,CONFIRMED,ca94ee0fa4f1645975dd4b85419b6d358e09a35abfa00ea8970286ee9efbdffb,17D,S***,f584d4ad0e2d8260253ffd9c97dae01dcf9a68d08774f119ca040e4392a3658a,SPICEJET,HYD,BLR,2026-04-19 05:45:41.702,2026-04-19 08:04:41.702,139.0,0.0,2h 19m,HYD to BLR,0.0,Early Morning (05-09),PAY1058,4890.14,UPI,84,60+,M,S***,S***
B1526,P1773,SJ136,2025-11-15 11:37:36.952,CONFIRMED,ca94ee0fa4f1645975dd4b85419b6d358e09a35abfa00ea8970286ee9efbdffb,17D,S***,f584d4ad0e2d8260253ffd9c97dae01dcf9a68d08774f119ca040e4392a3658a,SPICEJET,HYD,BLR,2026-04-19 05:45:41.702,2026-04-19 08:04:41.702,139.0,0.0,2h 19m,HYD to BLR,0.0,Early Morning (05-09),PAY1489,7999.68,CARD,84,60+,M,S***,S***
B1527,P1537,AI046,2025-07-09 11:37:36.952,PENDING,620ba286120faab8f622119fc4663e83f7edfd579292914ba7702b1b610986d6,8A,C***,f1c15ce241e88a46fbe0b4e6fcc6ef160cd236b5d035a0e80e3e5c2ea1c5e6bb,Air India,DEL,BOM,2026-04-19 05:09:41.701,2026-04-19 08:00:41.701,171.0,0.0,2h 51m,DEL to BOM,0.0,Early Morning (05-09),PAY1154,11891.78,CARD,76,60+,M,R***,J***
B1528,P1934,UK174,2026-03-28 11:37:36.952,PENDING,6906441a829f8961b9df3fcc6d9fa1c3563029bf73986930b18ae6101948042e,6E,Y***,9f606ff181c816dda515cdfaa0470890fd26c0c64c425d3ae57695b5514bb479,VISTARA,CCU,DEL,2026-04-19 05:27:41.703,2026-04-19 07:47:41.703,140.0,0.0,2h 20m,CCU to DEL,0.0,Early Morning (05-09),,,,37,31-45,M,S***,V***
B1529,P1651,6F066,2025-04-30 11:37:36.952,NAN,60c0e2aff55d83140ef4a33f479667010806871f8e7b972f07b56fae24b20f1e,34C,S***,ef63a209812052a65cb2f4ae2a56295637d10ed7a26fb5f11e827b4a188025d0,INDIGO,BLR,HYD,2026-04-19 06:07:41.701,2026-04-19 07:43:41.701,96.0,0.0,1h 36m,BLR to HYD,0.0,Early Morning (05-09),,,,72,60+,M,K***,S***
B1530,P1098,UK095,2025-12-08 11:37:36.952,INVALID,74c7f3b7c7903c8bee6c4b1b5b35b19d04fc1c89084715262cdbd29313893abe,23E,S***,1dd43e6bec30efc130d0b083e6bf2d7fd4014f918c986f5c3cc4daf9f497bd93,VISTARA,BOM,MAA,2026-04-19 05:22:41.702,2026-04-19 07:36:41.702,134.0,0.0,2h 14m,BOM to MAA,0.0,Early Morning (05-09),PAY1263,1108.98,CARD,89,60+,F,R***,C***
B1530,P1098,UK095,2025-12-08 11:37:36.952,INVALID,74c7f3b7c7903c8bee6c4b1b5b35b19d04fc1c89084715262cdbd29313893abe,23E,S***,1dd43e6bec30efc130d0b083e6bf2d7fd4014f918c986f5c3cc4daf9f497bd93,VISTARA,BOM,MAA,2026-04-19 05:22:41.702,2026-04-19 07:36:41.702,134.0,0.0,2h 14m,BOM to MAA,0.0,Early Morning (05-09),PAY1285,14300.97,NETBANKING,89,60+,F,R***,C***
B1530,P1098,UK095,2025-12-08 11:37:36.952,INVALID,74c7f3b7c7903c8bee6c4b1b5b35b19d04fc1c89084715262cdbd29313893abe,23E,S***,1dd43e6bec30efc130d0b083e6bf2d7fd4014f918c986f5c3cc4daf9f497bd93,VISTARA,BOM,MAA,2026-04-19 05:22:41.702,2026-04-19 07:36:41.702,134.0,0.0,2h 14m,BOM to MAA,0.0,Early Morning (05-09),PAY1631,13655.72,CARD,89,60+,F,R***,C***
B1531,P1909,6F063,2026-04-01 11:37:36.952,PENDING,a9a6ca95fc66505f8bda685d04cdf132cdf090e38c61e52988bd0df08c5206a9,30F,V***,d68cedf44b4935c7b34abf79f11b9610d7a69d458432580434cafde2594e1f80,INDIGO,DEL,HYD,2026-04-19 04:42:41.701,2026-04-19 07:31:41.701,169.0,0.0,2h 49m,DEL to HYD,0.0,Night (21-05),PAY1516,11172.2,UPI,6,Under 18,M,A***,C***
B1531,P1909,6F063,2026-04-01 11:37:36.952,PENDING,a9a6ca95fc66505f8bda685d04cdf132cdf090e38c61e52988bd0df08c5206a9,30F,V***,d68cedf44b4935c7b34abf79f11b9610d7a69d458432580434cafde2594e1f80,INDIGO,DEL,HYD,2026-04-19 04:42:41.701,2026-04-19 07:31:41.701,169.0,0.0,2h 49m,DEL to HYD,0.0,Night (21-05),PAY1634,12739.01,UPI,6,Under 18,M,A***,C***
B1532,P1277,UK118,2025-04-22 11:37:36.952,PENDING,e361c7ee2ed52989c8b908085135695710046d8cd95805e140bca88d231dd776,30A,M***,acdcd82cbb060e7f68319ece10c92bf3f58100683304350cc53298c0a98eb374,VISTARA,HYD,BLR,2026-04-19 06:22:41.702,2026-04-19 07:22:42.000,60.0,0.0,1h 0m,HYD to BLR,0.0,Early Morning (05-09),PAY1095,9430.36,NETBANKING,25,18-30,M,S***,M***
B1532,P1277,UK118,2025-04-22 11:37:36.952,PENDING,e361c7ee2ed52989c8b908085135695710046d8cd95805e140bca88d231dd776,30A,M***,acdcd82cbb060e7f68319ece10c92bf3f58100683304350cc53298c0a98eb374,VISTARA,HYD,BLR,2026-04-19 06:22:41.702,2026-04-19 07:22:42.000,60.0,0.0,1h 0m,HYD to BLR,0.0,Early Morning (05-09),PAY1851,14865.24,NETBANKING,25,18-30,M,S***,M***
B1533,P1562,UK218,2025-09-15 11:37:36.952,PENDING,17db9fa34fb7a582440ece332a54ec46168e603962ceaabfb09745d43efe6c7e,28D,A***,f1d857af1a2479bb9dbc4312a5792212f36e1a67332f992e82ceaac72354c0ea,VISTARA,MAA,BLR,2026-04-19 03:12:41.704,2026-04-19 07:22:41.704,250.0,0.0,4h 10m,MAA to BLR,1.0,Night (21-05),,,,87,60+,M,D***,K***
B1534,P1662,UK031,2025-09-11 11:37:36.952,CONFIRMED,60988b17df31778ac75f5d0b60b9c213ffe583102f32def1e46941d80763b080,34E,K***,f74c4b30966358aaeca6ecada13e59bb44c6c3ee7847b75a65813b9ed1fb591e,VISTARA,CCU,DEL,2026-04-19 03:45:41.701,2026-04-19 07:20:41.701,215.0,0.0,3h 35m,CCU to DEL,1.0,Night (21-05),PAY1055,12347.23,NETBANKING,41,31-45,F,I***,V***
B1535,P1943,UK142,2026-04-02 11:37:36.952,PENDING,2f87db0f0fd235d48c96e8ba088b40409fbb72f187ac78772ae3df17e0a4f46f,6C,Z***,20d18ee9a22903577216d31f66628a7393a5539466fc88a7278bd1c59ec45ee0,VISTARA,BLR,DEL,2026-04-19 03:03:41.703,2026-04-19 07:13:41.703,250.0,0.0,4h 10m,BLR to DEL,1.0,Night (21-05),PAY1212,5959.44,UPI,23,18-30,M,S***,N***
B1535,P1943,UK142,2026-04-02 11:37:36.952,PENDING,2f87db0f0fd235d48c96e8ba088b40409fbb72f187ac78772ae3df17e0a4f46f,6C,Z***,20d18ee9a22903577216d31f66628a7393a5539466fc88a7278bd1c59ec45ee0,VISTARA,BLR,DEL,2026-04-19 03:03:41.703,2026-04-19 07:13:41.703,250.0,0.0,4h 10m,BLR to DEL,1.0,Night (21-05),PAY1993,13561.41,NETBANKING,23,18-30,M,S***,N***
B1536,P1454,AI002,2025-06-01 11:37:36.952,NAN,9d4c81cc7b9357e2d5bf97af268641b31bab77ca7372e73bcc6b24db850bdfe8,4C,I***,0e3c1285484af92fa15bb216d3dc0f033d8e4a85205f4452d7b4800e8d5ad844,AIR INDIA,HYD,BLR,2026-04-19 05:12:41.700,2026-04-19 07:12:41.700,120.0,0.0,2h 0m,HYD to BLR,0.0,Early Morning (05-09),PAY1257,6548.99,NETBANKING,10,Under 18,M,V***,G***
B1537,P1103,UK070,2025-10-08 11:37:36.952,CONFIRMED,19d9e9c1ef73ba41dfe800adbe0b6965b4e81598c41c8884251a0841a6f58c89,21F,K***,bb3fbc7f8cfc828c2fe6c74f13d44c5468e6e0ca9a86db155cac40edc78e0a36,VISTARA,BOM,DEL,2026-04-19 04:36:41.701,2026-04-19 06:49:41.701,133.0,0.0,2h 13m,BOM to DEL,0.0,Night (21-05),PAY1137,9202.57,NETBANKING,8,Under 18,M,I***,B***
B1538,P1945,SJ121,2026-03-17 11:37:36.952,PENDING,ab01f53e74aa6c9eca5bd0ba788d5b294a82e92045674fb91db2ad94b23d8ac8,8E,I***,386db07e01ccf46ce4c646e39a19e1d81cc248270e1fc3a9db6f69bb934f670f,SPICEJET,CCU,DEL,2026-04-19 05:32:41.702,2026-04-19 06:47:41.702,75.0,0.0,1h 15m,CCU to DEL,0.0,Early Morning (05-09),,,,44,31-45,M,R***,V***
B1539,P1600,UK201,2025-06-11 11:37:36.952,CONFIRMED,e72eb7926c9df423c336ef8ee685bf052e4f58ea6020c7aa19c12b7bf85d2aec,20B,E***,04825151f4f469b28e7ddb27f9cf5d3fb4a1b0fb6afe521932d58876e6ad8486,VISTARA,HYD,BOM,2026-04-19 04:29:41.703,2026-04-19 06:42:41.703,133.0,0.0,2h 13m,HYD to BOM,0.0,Night (21-05),PAY1465,14472.9,NETBANKING,19,18-30,F,S***,A***
B1539,P1600,UK201,2025-06-11 11:37:36.952,CONFIRMED,e72eb7926c9df423c336ef8ee685bf052e4f58ea6020c7aa19c12b7bf85d2aec,20B,E***,04825151f4f469b28e7ddb27f9cf5d3fb4a1b0fb6afe521932d58876e6ad8486,VISTARA,HYD,BOM,2026-04-19 04:29:41.703,2026-04-19 06:42:41.703,133.0,0.0,2h 13m,HYD to BOM,0.0,Night (21-05),PAY1906,3036.88,CARD,19,18-30,F,S***,A***
B1540,P1652,AI138,2026-01-15 11:37:36.952,CANCELLED,616e392391e4e67164fa001b099c19941d089803525722dd2f5d27f5880fbd6b,7E,O***,382381362950e052cd78ba884551d4b0cd721a4d2b3261beedc35e7c02ba0072,AIR INDIA,DEL,CCU,2026-04-19 05:50:41.702,2026-04-19 06:40:41.702,50.0,0.0,0h 50m,DEL to CCU,0.0,Early Morning (05-09),PAY1140,3640.69,CARD,76,60+,M,A***,C***
B1541,P1724,SJ014,2025-12-16 11:37:36.952,CONFIRMED,b409f9255f15af17ef0c25d8e5b1a1c56485a9e4a80a2eb8f6f3a439e9ff87d5,26A,C***,99a646adc985ca21ea87870ec39bbcd8f0303349afc0485ce82c67c83bc2ddef,SPICEJET,BOM,HYD,2026-04-19 05:40:41.701,2026-04-19 06:39:41.701,59.0,0.0,0h 59m,BOM to HYD,0.0,Early Morning (05-09),PAY1382,12031.17,NETBANKING,62,60+,M,M***,P***
B1542,P1232,SJ053,2025-12-13 11:37:36.952,PENDING,79773f05a7458158bfc85e7e1b1fb5f0b86953b6fdd2f33af28738364ec35d50,14F,O***,38cbab2a9298338dc1950ca2cb83d884ad3e6bdd355a8fb9f213040cbb32b656,SPICEJET,CCU,DEL,2026-04-19 05:00:41.701,2026-04-19 06:38:41.701,98.0,0.0,1h 38m,CCU to DEL,0.0,Early Morning (05-09),,,,36,31-45,M,I***,K***
B1543,P1393,SJ241,2025-06-16 11:37:36.952,CANCELLED,0377d291dea07edebbe7bdc9eb2e05cce9681c68042b3a6a6faeda4cbd982677,4F,I***,e0595dccd43dc66cef72be3cd240ff04bacae4db8313e42312fd8e81ef33bc63,SPICEJET,DEL,HYD,2026-04-19 03:57:41.704,2026-04-19 06:36:41.704,159.0,0.0,2h 39m,DEL to HYD,0.0,Night (21-05),PAY1357,3207.85,UPI,42,31-45,M,I***,R***
B1544,P1500,AI249,2025-09-01 11:37:36.952,CANCELLED,6904bb8c36a8dd0a40bf2ccffb0d1a0c333a81ee1238e805951388fef446c275,16A,V***,f9046cb9fa9873d7f0d12344cecb06a4f0e4331e9fb4d1393201f993192949da,AIR INDIA,BLR,HYD,2026-04-19 03:38:41.704,2026-04-19 06:27:41.704,169.0,0.0,2h 49m,BLR to HYD,0.0,Night (21-05),PAY1006,8020.26,CARD,68,60+,F,A***,S***
B1544,P1500,AI249,2025-09-01 11:37:36.952,CANCELLED,6904bb8c36a8dd0a40bf2ccffb0d1a0c333a81ee1238e805951388fef446c275,16A,V***,f9046cb9fa9873d7f0d12344cecb06a4f0e4331e9fb4d1393201f993192949da,AIR INDIA,BLR,HYD,2026-04-19 03:38:41.704,2026-04-19 06:27:41.704,169.0,0.0,2h 49m,BLR to HYD,0.0,Night (21-05),PAY1201,3982.8,NETBANKING,68,60+,F,A***,S***
B1545,P1694,AI176,2026-03-08 11:37:36.952,PENDING,6153bdcc3a45f606683bb0e9cb95ffc3a43376c4eca744b0fa429e8d6c37d08a,8A,J***,4b3ecb683e02e163bdd30e124d33a04e9154854b814d0ac9a8eecb19e171e435,AIR INDIA,BLR,DEL,2026-04-19 04:20:41.703,2026-04-19 06:25:41.703,125.0,0.0,2h 5m,BLR to DEL,0.0,Night (21-05),PAY1447,6767.92,NETBANKING,86,60+,F,S***,P***
B1545,P1694,AI176,2026-03-08 11:37:36.952,PENDING,6153bdcc3a45f606683bb0e9cb95ffc3a43376c4eca744b0fa429e8d6c37d08a,8A,J***,4b3ecb683e02e163bdd30e124d33a04e9154854b814d0ac9a8eecb19e171e435,AIR INDIA,BLR,DEL,2026-04-19 04:20:41.703,2026-04-19 06:25:41.703,125.0,0.0,2h 5m,BLR to DEL,0.0,Night (21-05),PAY1575,10968.41,CARD,86,60+,F,S***,P***
B1546,P1250,SJ234,2026-04-02 11:37:36.952,PENDING,6cab52ce123cccafc49248ca160cc6a3785fcdaac1d852951646f2c707a6b529,32B,I***,2872b254ae5c9afca1899bcafd00fe4df2918e48963c0fbc07efb079178c2da8,SPICEJET,BLR,CCU,2026-04-19 04:20:41.704,2026-04-19 06:23:41.704,123.0,0.0,2h 3m,BLR to CCU,0.0,Night (21-05),,,,42,31-45,F,A***,S***
B1547,P1520,6F115,2025-04-18 11:37:36.952,PENDING,1d2c77846a9a46054973394a69c5fdc7b82808ec863d2fefe6f96628f72900d0,16C,Y***,fdc418b62187fdc56789723c389b4b3f051cb2b00ed6fedfb7d8262f87f216e1,INDIGO,MAA,BLR,2026-04-19 04:41:41.702,2026-04-19 06:23:41.702,102.0,0.0,1h 42m,MAA to BLR,0.0,Night (21-05),,,,55,46-60,M,I***,K***
B1548,P1078,AI020,2025-10-04 11:37:36.952,CONFIRMED,0be9c6bdedc0a66fd53344da798dd1a708d4d3b083e6cd5cbc98b564c7ad76bf,7E,C***,7da1498da3bd99fd70ea672dba7fd6a801087502b1559f4e9f5666c9f341a306,,,,,,,,,,,,,,,48,46-60,M,R***,R***
B1549,P1051,AI020,2025-12-16 11:37:36.952,CONFIRMED,d3aa4949af41fba59794561239a7960fcbddcfad841c7084ae4898eef49305a1,24A,C***,bc0c262178f1e7d1727763f6bd4cbdbbe04d1e01d57fffd723bdceacb7232afc,,,,,,,,,,,,,,,9,Under 18,F,A***,C***
B1550,P1897,6F079,2025-12-06 11:37:36.952,CONFIRMED,b7681bf0a4e0d14b18be532df1b1413dabef18e1bbc632f5dd028f3854d8f1ae,10D,A***,8f803971760f341bbdd80993bf68bacea7c2e66ae53432c8532e58fb229b5acf,INDIGO,MAA,HYD,2026-04-19 02:14:41.702,2026-04-19 06:18:41.702,244.0,0.0,4h 4m,MAA to HYD,1.0,Night (21-05),,,,9,Under 18,M,K***,M***
B1551,P1920,6F104,2025-11-14 11:37:36.952,INVALID,40bfec8d0c42c1e883ed2bd7cc5bb3e5fdb389fa976cde6c61a90885cdfdfec0,8E,V***,1f724f502ca04ecca2c4fd03dddbe354db736a6b9e8236a0516032f802724a9f,INDIGO,CCU,BOM,2026-04-19 05:39:41.702,2026-04-19 06:14:41.702,35.0,0.0,0h 35m,CCU to BOM,0.0,Early Morning (05-09),,,,44,31-45,F,R***,A***
B1552,P1780,UK046,2026-02-06 11:37:36.952,PENDING,37d3e42aa136ede77dc8c60b73f6ecda6eb8ce86a7208e99aeec206f1857b1b5,32D,P***,b150f7da90bbc5d53433b16aef9eb5ff6f9d3fcc565b108c746145c30df9ad16,VISTARA,CCU,DEL,2026-04-19 03:37:41.701,2026-04-19 06:05:41.701,148.0,0.0,2h 28m,CCU to DEL,0.0,Night (21-05),PAY1386,12589.6,NETBANKING,77,60+,M,R***,N***
B1553,P1225,SJ217,2025-11-15 11:37:36.952,CONFIRMED,e71cca5cb73590f32fdb91ee5c7fb4b015d125659c6aa72b3e77c7ac89244805,33D,V***,49911f7d7570fd8e78624f2501ee84c4874acd01d26cca1b0db9910d145eb7a5,SPICEJET,BOM,CCU,2026-04-19 02:57:41.703,2026-04-19 06:04:41.703,187.0,0.0,3h 7m,BOM to CCU,0.0,Night (21-05),PAY1868,1883.33,UPI,73,60+,M,M***,G***
B1554,P1050,6F142,2025-08-26 11:37:36.952,CANCELLED,895e69cc2986b9593f310b692d4943f8933024261f51bb7588cd46fa5a662aba,8D,E***,6f73f3ed83a7dc442bac6dc22713bd7c5b57670d093900118988e85c7c786471,INDIGO,CCU,MAA,2026-04-19 02:05:41.702,2026-04-19 06:04:41.702,239.0,0.0,3h 59m,CCU to MAA,1.0,Night (21-05),,,,14,Under 18,F,A***,D***
B1555,P1185,SJ139,2026-04-04 11:37:36.952,CONFIRMED,1fdd147cde712de5b57ac136cbc5bc890285af4477f62d6a1408825a604b583d,3B,E***,a9b7bb01b8a95f0110a82f195530fbfa527d0a8519123fa26fba7552c66f1e43,SPICEJET,DEL,BLR,2026-04-19 02:20:41.702,2026-04-19 06:02:41.702,222.0,0.0,3h 42m,DEL to BLR,1.0,Night (21-05),PAY1340,13344.12,NETBANKING,24,18-30,M,A***,K***
B1556,P1033,6F059,2026-01-18 11:37:36.952,CANCELLED,809811df5040a765d342c28b4f5db8625b4a8d5cdfb754f696d475cc454dcf16,31D,D***,f54a4c459702c398dbc9abe72c4ec85f8af3308f91bc85b3b19c17d0600ef95f,INDIGO,BOM,DEL,2026-04-19 01:12:41.701,2026-04-19 06:02:41.701,290.0,0.0,4h 50m,BOM to DEL,1.0,Night (21-05),,,,62,60+,M,A***,K***
B1557,P1802,6F067,2025-08-10 11:37:36.952,PENDING,52d9762c10954575ff5c19aa0a70eaa10b1ffedfadf3dbd34e99dd2a02eff04b,17A,A***,6db723e7c52120ab98e8d4914d16994cce95a901179e0b04d360a58bf0e2cd54,INDIGO,MAA,BLR,2026-04-19 02:59:41.701,2026-04-19 06:02:41.701,183.0,0.0,3h 3m,MAA to BLR,0.0,Night (21-05),PAY1109,13664.47,NETBANKING,5,Under 18,M,M***,G***
B1557,P1802,6F067,2025-08-10 11:37:36.952,PENDING,52d9762c10954575ff5c19aa0a70eaa10b1ffedfadf3dbd34e99dd2a02eff04b,17A,A***,6db723e7c52120ab98e8d4914d16994cce95a901179e0b04d360a58bf0e2cd54,INDIGO,MAA,BLR,2026-04-19 02:59:41.701,2026-04-19 06:02:41.701,183.0,0.0,3h 3m,MAA to BLR,0.0,Night (21-05),PAY1299,4044.27,UPI,5,Under 18,M,M***,G***
B1558,P1741,AI007,2025-08-07 11:37:36.952,PENDING,64066a19f19d463a57a57ba3fbd3896f5104b060526203fcb5b7a8108c4a4816,27A,L***,4cecb38a8e7351dc03d302f0c68ca63c23448d510bba651c611bf9a55bc6a357,AIR INDIA,MAA,DEL,2026-04-19 04:01:41.701,2026-04-19 06:01:42.000,120.0,0.0,2h 0m,MAA to DEL,0.0,Night (21-05),PAY1093,8770.08,UPI,47,46-60,F,A***,G***
B1558,P1741,AI007,2025-08-07 11:37:36.952,PENDING,64066a19f19d463a57a57ba3fbd3896f5104b060526203fcb5b7a8108c4a4816,27A,L***,4cecb38a8e7351dc03d302f0c68ca63c23448d510bba651c611bf9a55bc6a357,AIR INDIA,MAA,DEL,2026-04-19 04:01:41.701,2026-04-19 06:01:42.000,120.0,0.0,2h 0m,MAA to DEL,0.0,Night (21-05),PAY1876,6827.65,UPI,47,46-60,F,A***,G***
B1559,P1130,UK202,2026-01-20 11:37:36.952,CONFIRMED,af341b0fcd5afbcca18bac391927811f47c29debb82e80d12986ded45f7e171a,5F,C***,43c16ecb2fa6f75dd56d43785c83319ff0f5f2b014fa6563d3ca7acc9e15af09,VISTARA,DEL,HYD,2026-04-19 01:11:41.703,2026-04-19 05:37:41.703,266.0,0.0,4h 26m,DEL to HYD,1.0,Night (21-05),PAY1379,3622.91,NETBANKING,47,46-60,M,S***,S***
B1560,P1631,AI200,2026-03-07 11:37:36.952,CONFIRMED,bc1b0a8afeeb7fc82c938f828505aff98c43f26770bd4b83da61129fdc086614,18C,Y***,8850b5d4861a8ad3060a91ab970ef31c05facc5ff3fff85218d8de0a53571d37,AIR INDIA,HYD,MAA,2026-04-19 02:05:41.703,2026-04-19 05:29:41.703,204.0,0.0,3h 24m,HYD to MAA,1.0,Night (21-05),,,,36,31-45,F,M***,D***
B1561,P1442,UK172,2026-01-27 11:37:36.952,PENDING,08e126e878dba0f3e9fc562ef9d482397ea58972c9576798f80247cbbb5136a2,18C,H***,1a7c29ef9fd37e8613b988ae75414f93139a1571a533b1b9ec8585ce0b934a44,VISTARA,DEL,BOM,2026-04-19 02:20:41.703,2026-04-19 05:21:41.703,181.0,0.0,3h 1m,DEL to BOM,0.0,Night (21-05),PAY1179,8371.27,CARD,78,60+,M,A***,N***
B1561,P1442,UK172,2026-01-27 11:37:36.952,PENDING,08e126e878dba0f3e9fc562ef9d482397ea58972c9576798f80247cbbb5136a2,18C,H***,1a7c29ef9fd37e8613b988ae75414f93139a1571a533b1b9ec8585ce0b934a44,VISTARA,DEL,BOM,2026-04-19 02:20:41.703,2026-04-19 05:21:41.703,181.0,0.0,3h 1m,DEL to BOM,0.0,Night (21-05),PAY1389,3136.04,UPI,78,60+,M,A***,N***
B1562,P1837,6F214,2025-05-01 11:37:36.952,CONFIRMED,a8eb31159eccc0b749ef06ef907ceebd7388dbfc0974d54dd9ea9d30faa198c0,10B,T***,fd320dcf5e22a3a6105fcd50bdf0215efdff88c13e4fbeffd4c19b1f1b3ccd01,INDIGO,BOM,CCU,2026-04-19 01:21:41.703,2026-04-19 05:20:41.703,239.0,0.0,3h 59m,BOM to CCU,1.0,Night (21-05),PAY1608,6572.09,UPI,28,18-30,F,A***,G***
B1563,P1758,UK037,2025-09-11 11:37:36.952,PENDING,e311e068eaa111ca2827887e762983f37bac9eb4859b3552110788ad315ec625,27B,S***,421d3843c8a5af172cd440dec8fa80baa353452a49a490b21e8013b946536a5d,VISTARA,BLR,BOM,2026-04-19 01:10:41.701,2026-04-19 05:12:41.701,242.0,0.0,4h 2m,BLR to BOM,1.0,Night (21-05),,,,52,46-60,M,S***,A***
B1564,P1431,AI022,2025-08-14 11:37:36.952,PENDING,518175ef77ea1f4c6114315e800d7176c83d68dfce6c928c1710af8d4f7e67d8,17F,O***,8fd1162f2b43fe25765f69c13a8ab2624858424d59ab840a0fe08ea6b84b05c5,AIR INDIA,BOM,MAA,2026-04-19 03:15:41.701,2026-04-19 05:10:41.701,115.0,0.0,1h 55m,BOM to MAA,0.0,Night (21-05),PAY1138,3514.52,NETBANKING,63,60+,F,I***,P***
B1565,P1703,AI243,2026-02-06 11:37:36.952,CANCELLED,df09325d83fd3b285956398b7473eae387ffd68244cac441429eb425a31ca41f,20D,S***,4936d0c6bc410db3ae0a458ec7f8fb26b1a05b2fee1a77f934e70198e36902d8,,,,,,,,,,,,PAY1117,3438.58,UPI,6,Under 18,M,A***,J***
B1565,P1703,AI243,2026-02-06 11:37:36.952,CANCELLED,df09325d83fd3b285956398b7473eae387ffd68244cac441429eb425a31ca41f,20D,S***,4936d0c6bc410db3ae0a458ec7f8fb26b1a05b2fee1a77f934e70198e36902d8,,,,,,,,,,,,PAY1671,3804.91,UPI,6,Under 18,M,A***,J***
B1566,P1496,SJ174,2025-10-08 11:37:36.952,CONFIRMED,6a5c5c1cec5a89d80129c68d29f8b8114151fec12d1963d0bbd4fc69bce23d5f,29F,O***,1bcac5b358235e02bcf5d451a1aa7811859cd2f7ca365f5b42ac0ea69746a060,SPICEJET,CCU,DEL,2026-04-19 04:09:41.703,2026-04-19 05:04:41.703,55.0,0.0,0h 55m,CCU to DEL,0.0,Night (21-05),PAY1801,11489.31,CARD,26,18-30,M,S***,V***
B1566,P1496,SJ174,2025-10-08 11:37:36.952,CONFIRMED,6a5c5c1cec5a89d80129c68d29f8b8114151fec12d1963d0bbd4fc69bce23d5f,29F,O***,1bcac5b358235e02bcf5d451a1aa7811859cd2f7ca365f5b42ac0ea69746a060,SPICEJET,CCU,DEL,2026-04-19 04:09:41.703,2026-04-19 05:04:41.703,55.0,0.0,0h 55m,CCU to DEL,0.0,Night (21-05),PAY1821,14905.16,CARD,26,18-30,M,S***,V***
B1567,P1402,SJ079,2025-11-13 11:37:36.952,PENDING,bcb0a3eb6470168e28c29c33d396b3cf5762c8f6c4ad7dbc77fd3749ea19a702,9A,D***,716eec080d1c5b1811308a822ea387ecf049a8d6c58fa8fa0b65eceb27bc77fc,SPICEJET,HYD,DEL,2026-04-19 01:58:41.702,2026-04-19 05:02:41.702,184.0,0.0,3h 4m,HYD to DEL,0.0,Night (21-05),PAY1356,10982.24,CARD,68,60+,F,R***,K***
B1568,P1322,UK097,2025-12-21 11:37:36.952,CONFIRMED,2a30de8ff84e65577f27eb959352c58b3afb846919711d8679079751049d256d,21A,D***,9ffc0dc443722f83593ecc8fb3aef417810b56a862ab6ee67cd697fcfa501d91,VISTARA,HYD,BOM,2026-04-19 00:49:41.702,2026-04-19 05:00:41.702,251.0,0.0,4h 11m,HYD to BOM,1.0,Night (21-05),,,,17,Under 18,M,K***,I***
B1569,P1209,AI013,2025-12-26 11:37:36.952,CANCELLED,7127e14458bd567b65b68c32d8dfae18275a41a62e9f13b6e453afc88970e91e,14E,K***,ddebb490538e99afc47cba26dccdd4508924434c1d79e1935787843912b62f88,AIR INDIA,HYD,BLR,2026-04-19 03:41:41.701,2026-04-19 04:58:41.701,77.0,0.0,1h 17m,HYD to BLR,0.0,Night (21-05),,,,44,31-45,M,A***,M***
B1570,P1614,UK196,2025-11-21 11:37:36.952,CANCELLED,3d872f2889a7c207a6bd46f862a365782dc426ae071a3b66e817e3328ef54767,25E,U***,f85e185958d788d038b90dd912d5d1e39a8295e916aaf20e1a66150b37983d06,VISTARA,BOM,HYD,2026-04-19 00:32:41.703,2026-04-19 04:49:41.703,257.0,0.0,4h 17m,BOM to HYD,1.0,Night (21-05),PAY1116,11109.36,UPI,63,60+,F,A***,R***
B1570,P1614,UK196,2025-11-21 11:37:36.952,CANCELLED,3d872f2889a7c207a6bd46f862a365782dc426ae071a3b66e817e3328ef54767,25E,U***,f85e185958d788d038b90dd912d5d1e39a8295e916aaf20e1a66150b37983d06,VISTARA,BOM,HYD,2026-04-19 00:32:41.703,2026-04-19 04:49:41.703,257.0,0.0,4h 17m,BOM to HYD,1.0,Night (21-05),PAY1321,3945.41,UPI,63,60+,F,A***,R***
B1571,P1328,SJ213,2025-11-06 11:37:36.952,CONFIRMED,6ae71f7e535c498a4b3e7e83b2cc641308ed8b84dc5cd4e90be0f747f4674517,2C,G***,3583fe0a246f5a194920cbc6688e2c81f54e2887069ddf328918a8c6e5ee944e,SPICEJET,BOM,CCU,2026-04-19 01:19:41.703,2026-04-19 04:48:41.703,209.0,0.0,3h 29m,BOM to CCU,0.0,Night (21-05),,,,24,18-30,M,A***,D***
B1572,P1371,UK119,2025-05-26 11:37:36.952,CONFIRMED,2c6d1d4f50b05373a28fcb0b458f21d6abc98b8b8af2860473d53b5e915af357,5D,G***,64657f5dbe6d1f83f5a9a4056b420fdcbadefdf601f1f84597cbd9368a841e33,VISTARA,BOM,CCU,2026-04-19 00:21:41.702,2026-04-19 04:38:41.702,257.0,0.0,4h 17m,BOM to CCU,1.0,Night (21-05),PAY1403,13849.86,NETBANKING,8,Under 18,M,D***,J***
B1573,P1459,AI043,2026-03-18 11:37:36.952,PENDING,81859ddb3aba28b101577c28bd8ba3c2e7d5321160eb08d1324ad8cc9c422b3a,19B,G***,f01ccc28d3043d21d2fb018dfb7895501b51feb90055c312d1626aee6ef9c830,AIR INDIA,CCU,DEL,2026-04-19 00:28:41.701,2026-04-19 04:37:41.701,249.0,0.0,4h 9m,CCU to DEL,1.0,Night (21-05),PAY1682,7629.97,NETBANKING,19,18-30,F,K***,J***
B1574,P1132,AI043,2025-04-29 11:37:36.952,CANCELLED,df1f6f327e70b4982f18cab0f974192023109423726511aa863131f8ec975882,18A,K***,e88294c68ce7a2be6291e3d998d42ffc5ac27ff6aab1a57b34578d9f6e212c85,AIR INDIA,CCU,DEL,2026-04-19 00:28:41.701,2026-04-19 04:37:41.701,249.0,0.0,4h 9m,CCU to DEL,1.0,Night (21-05),PAY1435,13905.05,UPI,3,Under 18,F,I***,B***
B1575,P1834,AI143,2025-06-16 11:37:36.952,CANCELLED,f6417683f43ef10e0d89b0e8ac011c8ba010262382fee7834e0ea9565e00872a,2B,F***,f955e0606b3d55ff12c1365bd72e4c33d3cd6b40f80cc090bb342b75b429359b,AIR INDIA,CCU,DEL,2026-04-19 03:58:41.702,2026-04-19 04:36:41.702,38.0,0.0,0h 38m,CCU to DEL,0.0,Night (21-05),PAY1551,12516.91,CARD,56,46-60,M,R***,S***
B1576,P1650,SJ032,2025-10-20 11:37:36.952,NAN,3ef9163ad346db9f4e537c5a868fea8b5cc4c5532d3c48b25491074584223ec9,6F,N***,8a40071f507a07641aca1c10e2b16f23f06ffd1137e1af3a2bc326cfc5f51431,SPICEJET,MAA,BOM,2026-04-19 02:11:41.701,2026-04-19 04:33:41.701,142.0,0.0,2h 22m,MAA to BOM,0.0,Night (21-05),,,,16,Under 18,F,A***,M***
B1577,P1120,6F050,2026-01-24 11:37:36.952,CONFIRMED,be9d5825af5e4e4b9cc2e25a2ed7393c5fd3f373df0770110cae2a52bd8b5344,23A,P***,e4b77c738e29fb15dfd8eb9cb271f3f9f70b6a63dab673ff7090581a181c3138,INDIGO,DEL,BOM,2026-04-19 00:35:41.701,2026-04-19 04:32:41.701,237.0,0.0,3h 57m,DEL to BOM,1.0,Night (21-05),,,,33,31-45,M,A***,G***
B1578,P1605,AI134,2025-12-25 11:37:36.952,PENDING,17095aeceabfaccfdfa68e111b56e110ae4a2a06fecce776e7a591302b31a37e,6B,B***,654a3c894fcb0a5b253c657ab45425ad7ef077ee21b8efede3c12c69df8945fb,AIR INDIA,HYD,BOM,2026-04-19 00:28:41.702,2026-04-19 04:23:41.702,235.0,0.0,3h 55m,HYD to BOM,1.0,Night (21-05),PAY1084,1897.18,CARD,58,46-60,M,A***,K***
B1578,P1605,AI134,2025-12-25 11:37:36.952,PENDING,17095aeceabfaccfdfa68e111b56e110ae4a2a06fecce776e7a591302b31a37e,6B,B***,654a3c894fcb0a5b253c657ab45425ad7ef077ee21b8efede3c12c69df8945fb,AIR INDIA,HYD,BOM,2026-04-19 00:28:41.702,2026-04-19 04:23:41.702,235.0,0.0,3h 55m,HYD to BOM,1.0,Night (21-05),PAY1974,2200.51,UPI,58,46-60,M,A***,K***
B1579,P1451,6F182,2025-04-24 11:37:36.952,CONFIRMED,59379aa3c1ecd105294958ae6284d9d15dd7e53ca44c95e0d31ec195dcb84cb0,28E,I***,6d5b7e8c16575c2af76ec180758563eaa6e6c3005c261fb6aad8df78469044f4,INDIGO,BOM,CCU,2026-04-19 02:10:41.703,2026-04-19 04:18:41.703,128.0,0.0,2h 8m,BOM to CCU,0.0,Night (21-05),PAY1479,6611.83,CARD,39,31-45,F,A***,I***
B1579,P1451,6F182,2025-04-24 11:37:36.952,CONFIRMED,59379aa3c1ecd105294958ae6284d9d15dd7e53ca44c95e0d31ec195dcb84cb0,28E,I***,6d5b7e8c16575c2af76ec180758563eaa6e6c3005c261fb6aad8df78469044f4,INDIGO,BOM,CCU,2026-04-19 02:10:41.703,2026-04-19 04:18:41.703,128.0,0.0,2h 8m,BOM to CCU,0.0,Night (21-05),PAY1509,2832.27,NETBANKING,39,31-45,F,A***,I***
B1580,P1964,SJ086,2025-10-08 11:37:36.952,CONFIRMED,0850490811caa53cf91b1ac0466b9b5f34999004d8b97cbdb3b65be3148edb48,20D,Y***,3eaf547867aae6becddfdbd32b648ac3642cc762d81f50d751ae13f80d72e83c,SPICEJET,CCU,DEL,2026-04-19 00:32:41.702,2026-04-19 04:17:41.702,225.0,0.0,3h 45m,CCU to DEL,1.0,Night (21-05),PAY1780,10617.14,CARD,60,46-60,F,S***,V***
B1580,P1964,SJ086,2025-10-08 11:37:36.952,CONFIRMED,0850490811caa53cf91b1ac0466b9b5f34999004d8b97cbdb3b65be3148edb48,20D,Y***,3eaf547867aae6becddfdbd32b648ac3642cc762d81f50d751ae13f80d72e83c,SPICEJET,CCU,DEL,2026-04-19 00:32:41.702,2026-04-19 04:17:41.702,225.0,0.0,3h 45m,CCU to DEL,1.0,Night (21-05),PAY1848,11400.72,UPI,60,46-60,F,S***,V***
B1580,P1964,SJ086,2025-10-08 11:37:36.952,CONFIRMED,0850490811caa53cf91b1ac0466b9b5f34999004d8b97cbdb3b65be3148edb48,20D,Y***,3eaf547867aae6becddfdbd32b648ac3642cc762d81f50d751ae13f80d72e83c,SPICEJET,CCU,DEL,2026-04-19 00:32:41.702,2026-04-19 04:17:41.702,225.0,0.0,3h 45m,CCU to DEL,1.0,Night (21-05),PAY1936,4607.2,UPI,60,46-60,F,S***,V***
B1581,P1128,6F170,2025-08-06 11:37:36.952,CONFIRMED,347e8871e0f5ff6792c72eb44713c770bca650ba9671a3d50c26fe228c523812,3D,M***,1c9dc56bba319e4fc541a8c6818fc33fb29acc6b548798aeb40e0e1f8f09e43d,INDIGO,HYD,DEL,2026-04-19 02:44:41.703,2026-04-19 04:14:41.703,90.0,0.0,1h 30m,HYD to DEL,0.0,Night (21-05),PAY1765,9514.99,NETBANKING,35,31-45,M,D***,P***
B1582,P1090,UK168,2025-04-24 11:37:36.952,PENDING,3f9f57466bcb149baecab9ef0053ebc0b71a807aa5696e4f8186ff186f9b3b4f,34B,U***,03b99139f751b21c585c8e88e1cbaa64232e4dc7a2c41af53c307c6aee8d7333,VISTARA,BLR,CCU,2026-04-19 03:20:41.703,2026-04-19 04:09:41.703,49.0,0.0,0h 49m,BLR to CCU,0.0,Night (21-05),PAY1195,13552.0,UPI,26,18-30,F,V***,R***
B1583,P1603,SJ072,2026-02-22 11:37:36.952,NAN,1550fdb2a49321b8e1498c7344f926101f79683126430e044090a5994ea99a3a,33D,I***,d2ca8d3093c29df53cf3cf44154a885b92ce0482d12e8c35c3b495c4a20f6508,SPICEJET,DEL,HYD,2026-04-19 01:18:41.701,2026-04-19 04:08:41.701,170.0,0.0,2h 50m,DEL to HYD,0.0,Night (21-05),,,,45,31-45,M,A***,G***
B1584,P1574,UK075,2025-04-28 11:37:36.952,CANCELLED,356e8b08abf192c7c5d35fc4f216dbebcb825240cfc1db14a10008adc2c6b017,21C,I***,61b4ad2164cd86bc06d6cd36968319b13d1c00b8a5c052c062caaa37423d1d1e,VISTARA,MAA,CCU,2026-04-18 23:15:41.702,2026-04-19 03:54:41.702,279.0,1.0,4h 39m,MAA to CCU,1.0,Night (21-05),PAY1127,13317.93,NETBANKING,42,31-45,F,S***,M***
B1584,P1574,UK075,2025-04-28 11:37:36.952,CANCELLED,356e8b08abf192c7c5d35fc4f216dbebcb825240cfc1db14a10008adc2c6b017,21C,I***,61b4ad2164cd86bc06d6cd36968319b13d1c00b8a5c052c062caaa37423d1d1e,VISTARA,MAA,CCU,2026-04-18 23:15:41.702,2026-04-19 03:54:41.702,279.0,1.0,4h 39m,MAA to CCU,1.0,Night (21-05),PAY1923,13148.95,CARD,42,31-45,F,S***,M***
B1585,P1028,6F233,2026-01-08 11:37:36.952,CANCELLED,9356c38f3c1b4f9335f7b5d27e108a7d6d857965540c66ad169e163b2b126216,1C,U***,739bb197f360b873738c35f624c9fd5c13536a148df76e2f40e62836da7bb006,INDIGO,BLR,BOM,2026-04-18 23:56:41.704,2026-04-19 03:53:41.704,237.0,1.0,3h 57m,BLR to BOM,1.0,Night (21-05),PAY1036,11603.63,NETBANKING,59,46-60,F,A***,M***
B1585,P1028,6F233,2026-01-08 11:37:36.952,CANCELLED,9356c38f3c1b4f9335f7b5d27e108a7d6d857965540c66ad169e163b2b126216,1C,U***,739bb197f360b873738c35f624c9fd5c13536a148df76e2f40e62836da7bb006,INDIGO,BLR,BOM,2026-04-18 23:56:41.704,2026-04-19 03:53:41.704,237.0,1.0,3h 57m,BLR to BOM,1.0,Night (21-05),PAY1533,11914.07,UPI,59,46-60,F,A***,M***
B1586,P1721,SJ143,2025-11-13 11:37:36.952,CANCELLED,cc003fb97cbba9eed0d27cc988ceee6db7c4ce655e1b4c00051965e34e0652bf,25B,A***,4e6399dcd20ea4b4e58a786dadb1388fc06cda7c4999dfc807c946a1c75efe8a,SPICEJET,DEL,BOM,2026-04-19 02:55:41.702,2026-04-19 03:52:41.702,57.0,0.0,0h 57m,DEL to BOM,0.0,Night (21-05),,,,45,31-45,M,K***,K***
B1587,P1523,SJ246,2025-06-28 11:37:36.952,PENDING,354d60616a250aa082b9b14831c0243f6743296a129147f7f6c3c813aa9f8625,34E,A***,4f6f53a1cd4da7fb3e66543018ac61f64ead66a8d27cdef3e4f5446eb2bb63c1,SPICEJET,BOM,DEL,2026-04-19 02:47:41.704,2026-04-19 03:47:42.000,60.0,0.0,1h 0m,BOM to DEL,0.0,Night (21-05),PAY1369,11740.35,NETBANKING,89,60+,F,K***,V***
B1588,P1332,SJ247,2025-11-04 11:37:36.952,CONFIRMED,19e3c7d35bb92530932737f8e69bf377f8c2080755e67c677456b23793745d92,10B,A***,547cd70238478044ee4b319692ec7257216aefcf9e3b1bcd64a4588bce1322de,SPICEJET,DEL,BOM,2026-04-18 23:38:41.704,2026-04-19 03:43:41.704,245.0,1.0,4h 5m,DEL to BOM,1.0,Night (21-05),PAY1107,12810.22,UPI,63,60+,M,K***,J***
B1589,P1296,UK157,2025-08-31 11:37:36.952,PENDING,981ee75c618c1032661da4f85be152a10494d9aba04a97299a10182aba7e384e,3D,H***,253f0946afa84e306c693d9b7b6ab89db2beb033bdd9031718a3877bca36fd10,VISTARA,CCU,BOM,2026-04-19 02:41:41.703,2026-04-19 03:41:42.000,60.0,0.0,1h 0m,CCU to BOM,0.0,Night (21-05),PAY1044,3501.28,CARD,17,Under 18,F,A***,J***
B1589,P1296,UK157,2025-08-31 11:37:36.952,PENDING,981ee75c618c1032661da4f85be152a10494d9aba04a97299a10182aba7e384e,3D,H***,253f0946afa84e306c693d9b7b6ab89db2beb033bdd9031718a3877bca36fd10,VISTARA,CCU,BOM,2026-04-19 02:41:41.703,2026-04-19 03:41:42.000,60.0,0.0,1h 0m,CCU to BOM,0.0,Night (21-05),PAY1197,11781.84,UPI,17,Under 18,F,A***,J***
B1589,P1296,UK157,2025-08-31 11:37:36.952,PENDING,981ee75c618c1032661da4f85be152a10494d9aba04a97299a10182aba7e384e,3D,H***,253f0946afa84e306c693d9b7b6ab89db2beb033bdd9031718a3877bca36fd10,VISTARA,CCU,BOM,2026-04-19 02:41:41.703,2026-04-19 03:41:42.000,60.0,0.0,1h 0m,CCU to BOM,0.0,Night (21-05),PAY1540,14149.64,UPI,17,Under 18,F,A***,J***
B1590,P1129,UK069,2026-04-01 11:37:36.952,CONFIRMED,5fc59a41c6d60a1c0148c62cd4cf1b11d548a0481678dc1eb12d7d03ccd10523,25B,A***,011c9e261482c7277d39c149a7fae9d05edc1d77dd566d956d10ab9e4740946e,VISTARA,CCU,DEL,2026-04-19 01:10:41.701,2026-04-19 03:23:41.701,133.0,0.0,2h 13m,CCU to DEL,0.0,Night (21-05),PAY1569,1015.84,UPI,65,60+,F,V***,J***
B1591,P1292,AI106,2025-11-20 11:37:36.952,CANCELLED,3b271bc9482e30ee618e2e884f70efc38809250c2b91b01254c59ce59bcc4707,8A,L***,4144750cccdf8bbf9af12025678b7db8bbe388645072086572bc7bd4caa20f09,AIR INDIA,HYD,BLR,2026-04-19 02:07:41.702,2026-04-19 03:20:41.702,73.0,0.0,1h 13m,HYD to BLR,0.0,Night (21-05),PAY1194,5274.56,UPI,20,18-30,M,M***,G***
B1591,P1292,AI106,2025-11-20 11:37:36.952,CANCELLED,3b271bc9482e30ee618e2e884f70efc38809250c2b91b01254c59ce59bcc4707,8A,L***,4144750cccdf8bbf9af12025678b7db8bbe388645072086572bc7bd4caa20f09,AIR INDIA,HYD,BLR,2026-04-19 02:07:41.702,2026-04-19 03:20:41.702,73.0,0.0,1h 13m,HYD to BLR,0.0,Night (21-05),PAY1693,11559.24,UPI,20,18-30,M,M***,G***
B1592,P1172,UK085,2025-11-17 11:37:36.952,CONFIRMED,2822d8d466b33465fa0bc2c04f1f89d8c1b4f07407b7db0540179a384b5d88d3,24F,E***,52114ddcca6b247df75d166c02eda16a35a3f57c05a8f9c02de13bfcc52f49d3,VISTARA,MAA,DEL,2026-04-19 02:15:41.702,2026-04-19 03:17:41.702,62.0,0.0,1h 2m,MAA to DEL,0.0,Night (21-05),,,,1,Under 18,F,S***,B***
B1593,P1719,6F087,2025-09-24 11:37:36.952,NAN,e9207b09864e8912bdd30ce734b9e0065c01528372261e076b2acbda485556fa,1A,A***,3354192f9218ee9f3183bd1530eac1ba6fdc14314ce209f814ea0c17cf2497ae,INDIGO,DEL,HYD,2026-04-18 23:24:41.702,2026-04-19 03:10:41.702,226.0,1.0,3h 46m,DEL to HYD,0.0,Night (21-05),,,,1,Under 18,F,S***,G***
B1594,P1943,AI067,2025-06-01 11:37:36.952,CONFIRMED,1cfc3cc2651c8c4d559d813a2037c3f462a18e4c72b93f5bd32698b1d73a6444,25E,T***,e9a15c2acdf771bba4a3ae68f67a384cdd3240d9bd304db75e77502decb3b6d3,AIR INDIA,HYD,DEL,2026-04-18 23:36:41.701,2026-04-19 03:09:41.701,213.0,1.0,3h 33m,HYD to DEL,0.0,Night (21-05),PAY1592,1448.88,NETBANKING,23,18-30,M,S***,N***
B1595,P1023,6F226,2026-01-07 11:37:36.952,PENDING,7d16185025eeb1e803b6d6d7d6f6957d37d99c2dc64adaba37f071f427e16699,4E,O***,f1d97b4185e82496044859ebc682992dd2db1f70dace710aad2d6e3e848f198f,INDIGO,DEL,BOM,2026-04-19 00:38:41.704,2026-04-19 02:55:41.704,137.0,0.0,2h 17m,DEL to BOM,0.0,Night (21-05),PAY1376,13806.53,UPI,76,60+,F,A***,P***
B1595,P1023,6F226,2026-01-07 11:37:36.952,PENDING,7d16185025eeb1e803b6d6d7d6f6957d37d99c2dc64adaba37f071f427e16699,4E,O***,f1d97b4185e82496044859ebc682992dd2db1f70dace710aad2d6e3e848f198f,INDIGO,DEL,BOM,2026-04-19 00:38:41.704,2026-04-19 02:55:41.704,137.0,0.0,2h 17m,DEL to BOM,0.0,Night (21-05),PAY1612,11063.32,UPI,76,60+,F,A***,P***
B1596,P1098,SJ210,2025-12-20 11:37:36.952,CONFIRMED,a5afdd34cabd29ee88cf0594750189a5a54d5cc53570df2a71aaa219085c14e7,15E,H***,fdbdb03d8b003cf57b8e96382fec7f4ec179d0e491e0556d0ff273ac8b91e769,SPICEJET,HYD,CCU,2026-04-18 23:21:41.703,2026-04-19 02:54:41.703,213.0,1.0,3h 33m,HYD to CCU,0.0,Night (21-05),PAY1108,3495.5,UPI,89,60+,F,R***,C***
B1596,P1098,SJ210,2025-12-20 11:37:36.952,CONFIRMED,a5afdd34cabd29ee88cf0594750189a5a54d5cc53570df2a71aaa219085c14e7,15E,H***,fdbdb03d8b003cf57b8e96382fec7f4ec179d0e491e0556d0ff273ac8b91e769,SPICEJET,HYD,CCU,2026-04-18 23:21:41.703,2026-04-19 02:54:41.703,213.0,1.0,3h 33m,HYD to CCU,0.0,Night (21-05),PAY1302,14525.4,UPI,89,60+,F,R***,C***
B1597,P1405,6F269,2025-10-23 11:37:36.952,CONFIRMED,037f4225527469f04779cb6f6b6489147ab1397e72edab2b6744dc71b32b6bdd,33A,K***,0c07908404e46a79dfaa41ba422bba4d5f945367999df3aa1f051ff182d44240,IndiGo,HYD,MAA,2026-04-19 01:30:41.702,2026-04-19 02:52:41.702,82.0,0.0,1h 22m,HYD to MAA,0.0,Night (21-05),PAY1461,11103.08,CARD,55,46-60,M,A***,R***
B1597,P1405,6F269,2025-10-23 11:37:36.952,CONFIRMED,037f4225527469f04779cb6f6b6489147ab1397e72edab2b6744dc71b32b6bdd,33A,K***,0c07908404e46a79dfaa41ba422bba4d5f945367999df3aa1f051ff182d44240,IndiGo,HYD,MAA,2026-04-19 01:30:41.702,2026-04-19 02:52:41.702,82.0,0.0,1h 22m,HYD to MAA,0.0,Night (21-05),PAY1482,8089.18,UPI,55,46-60,M,A***,R***
B1598,P1355,UK013,2026-01-02 11:37:36.952,CONFIRMED,2e214ac02da46eccfeaef78b6cdfd1e5f80c04e13ac39381dcd2400d845a17c9,11B,E***,20663d7a9459503eef42895a5f2d5bffbd4e95b33ebb3b0a3b4926bdcd903b3b,VISTARA,BOM,MAA,2026-04-18 23:52:41.701,2026-04-19 02:52:41.701,180.0,1.0,3h 0m,BOM to MAA,0.0,Night (21-05),PAY1366,1959.04,CARD,43,31-45,F,I***,I***
B1598,P1355,UK013,2026-01-02 11:37:36.952,CONFIRMED,2e214ac02da46eccfeaef78b6cdfd1e5f80c04e13ac39381dcd2400d845a17c9,11B,E***,20663d7a9459503eef42895a5f2d5bffbd4e95b33ebb3b0a3b4926bdcd903b3b,VISTARA,BOM,MAA,2026-04-18 23:52:41.701,2026-04-19 02:52:41.701,180.0,1.0,3h 0m,BOM to MAA,0.0,Night (21-05),PAY1684,14019.19,NETBANKING,43,31-45,F,I***,I***
B1599,P1138,UK013,2025-09-30 11:37:36.952,PENDING,db47219fe80c414f845cbc780ac0fa45b04c98c5e425e2a55fff75e415b1f943,9E,C***,3c96634d155d030d7d3c9c2e947349519c32a2e64f4a381e55bc7def8fd4cc4b,VISTARA,BOM,MAA,2026-04-18 23:52:41.701,2026-04-19 02:52:41.701,180.0,1.0,3h 0m,BOM to MAA,0.0,Night (21-05),,,,79,60+,M,S***,M***
B1600,P1502,UK143,2025-07-20 11:37:36.952,PENDING,0f0fb491908748c023311ad78becb3aea9c07f2b247c6f1e182e2e0723297b26,2C,N***,e7381626e852268af7b9473e8b3bb98c728a84fe5e5a569dbf4ea76e4fffd0a9,VISTARA,BLR,BOM,2026-04-19 01:34:41.703,2026-04-19 02:48:41.703,74.0,0.0,1h 14m,BLR to BOM,0.0,Night (21-05),PAY1411,12808.71,NETBANKING,75,60+,F,V***,P***
B1600,P1502,UK143,2025-07-20 11:37:36.952,PENDING,0f0fb491908748c023311ad78becb3aea9c07f2b247c6f1e182e2e0723297b26,2C,N***,e7381626e852268af7b9473e8b3bb98c728a84fe5e5a569dbf4ea76e4fffd0a9,VISTARA,BLR,BOM,2026-04-19 01:34:41.703,2026-04-19 02:48:41.703,74.0,0.0,1h 14m,BLR to BOM,0.0,Night (21-05),PAY1497,11274.54,CARD,75,60+,F,V***,P***
B1601,P1825,6F262,2025-09-07 11:37:36.952,PENDING,5af99fb7aa9ed2a7cadfcd84bd3ae87d21a13da7d6b793eca5945feb78de9ba0,28D,F***,23db9fb6b0f9c47f8e95ee401814d6d9c0f1080cf25661caf8aff416341bb6dc,IndiGo,MAA,DEL,2026-04-19 01:44:41.702,2026-04-19 02:47:41.702,63.0,0.0,1h 3m,MAA to DEL,0.0,Night (21-05),,,,61,60+,M,I***,I***
B1602,P1173,6F042,2025-07-07 11:37:36.952,NAN,4288e39176d4b5e2d365911d58a815677040cfab68da8811cd016499d8fc0dbb,2A,S***,b37be46b12185fad6987adc89386cc81e1a41518c5440a6c2a03418b9d97f325,INDIGO,HYD,DEL,2026-04-18 22:35:41.701,2026-04-19 02:41:41.701,246.0,1.0,4h 6m,HYD to DEL,1.0,Night (21-05),PAY1034,4028.21,NETBANKING,27,18-30,F,A***,M***
B1603,P1028,SJ118,2025-12-06 11:37:36.952,CANCELLED,329c2185e4d0d2e55017293162eb28c4633ec35dac4103f39fee371a3e9fa0e6,17E,V***,8ca614d93119705e3903f31b08c26546a8a393e157f94d020db71f0f6caaeacf,SPICEJET,DEL,BOM,2026-04-19 01:08:41.702,2026-04-19 02:33:41.702,85.0,0.0,1h 25m,DEL to BOM,0.0,Night (21-05),,,,59,46-60,F,A***,M***
B1604,P1930,SJ118,2025-11-17 11:37:36.952,CANCELLED,8badf80999b122676b471c3d774555003db159fa687bd47277c6cf65d7e51891,3C,O***,6e7b2ade07efbfeb124132933e3f3a1c1626024fcf2b2a2fb29793906ba0b6d2,SPICEJET,DEL,BOM,2026-04-19 01:08:41.702,2026-04-19 02:33:41.702,85.0,0.0,1h 25m,DEL to BOM,0.0,Night (21-05),,,,1,Under 18,F,V***,G***
B1605,P1495,SJ082,2025-10-03 11:37:36.952,CANCELLED,2cfb032b75ceadaa08c6075b94cff41b7bde454e7ed8abc80a0f3f553ba46b66,6C,T***,22aab0f89b24b602bc4589bb0d75bf3c1bc1468b5fd6d3d0ac016651afc3480c,SPICEJET,BOM,DEL,2026-04-19 01:54:41.702,2026-04-19 02:33:41.702,39.0,0.0,0h 39m,BOM to DEL,0.0,Night (21-05),,,,8,Under 18,F,A***,N***
B1606,P1654,6F015,2025-07-18 11:37:36.952,CONFIRMED,f559f3e187a4eb6006675fa4ca32d6589997ed5ff8cb61a570023774f4123069,23E,I***,aa6154ea4ddaa24c60903854fb2525b5833e00b660ce3aaca593ed70e370ccaa,INDIGO,BOM,CCU,2026-04-18 23:39:41.701,2026-04-19 02:27:41.701,168.0,1.0,2h 48m,BOM to CCU,0.0,Night (21-05),PAY1327,6829.49,CARD,28,18-30,M,I***,N***
B1606,P1654,6F015,2025-07-18 11:37:36.952,CONFIRMED,f559f3e187a4eb6006675fa4ca32d6589997ed5ff8cb61a570023774f4123069,23E,I***,aa6154ea4ddaa24c60903854fb2525b5833e00b660ce3aaca593ed70e370ccaa,INDIGO,BOM,CCU,2026-04-18 23:39:41.701,2026-04-19 02:27:41.701,168.0,1.0,2h 48m,BOM to CCU,0.0,Night (21-05),PAY1355,5934.1,UPI,28,18-30,M,I***,N***
B1606,P1654,6F015,2025-07-18 11:37:36.952,CONFIRMED,f559f3e187a4eb6006675fa4ca32d6589997ed5ff8cb61a570023774f4123069,23E,I***,aa6154ea4ddaa24c60903854fb2525b5833e00b660ce3aaca593ed70e370ccaa,INDIGO,BOM,CCU,2026-04-18 23:39:41.701,2026-04-19 02:27:41.701,168.0,1.0,2h 48m,BOM to CCU,0.0,Night (21-05),PAY1856,8323.82,CARD,28,18-30,M,I***,N***
B1607,P1827,AI101,2026-02-02 11:37:36.952,INVALID,1002eee007108d4ea712d39466ca1dae12398c3f4020fe6b60d7d704295c5aff,30F,Q***,a4a79252a737b8493710c7a5b27b6c59302f3ef51f489437a17099decb8b2ed0,AIR INDIA,DEL,BLR,2026-04-18 23:20:41.702,2026-04-19 02:23:41.702,183.0,1.0,3h 3m,DEL to BLR,0.0,Night (21-05),PAY1543,10198.91,CARD,26,18-30,F,A***,K***
B1607,P1827,AI101,2026-02-02 11:37:36.952,INVALID,1002eee007108d4ea712d39466ca1dae12398c3f4020fe6b60d7d704295c5aff,30F,Q***,a4a79252a737b8493710c7a5b27b6c59302f3ef51f489437a17099decb8b2ed0,AIR INDIA,DEL,BLR,2026-04-18 23:20:41.702,2026-04-19 02:23:41.702,183.0,1.0,3h 3m,DEL to BLR,0.0,Night (21-05),PAY1727,2887.17,NETBANKING,26,18-30,F,A***,K***
B1608,P1350,SJ110,2025-06-28 11:37:36.952,CANCELLED,687fcaeed832a1b6a66d5eba4f6a37f6dfe029b04313595318b3ae07125d95f8,10B,B***,efe9e30765dfa4d8255003bc08cb3603159e7f92649b96376fd005de84223feb,SPICEJET,CCU,DEL,2026-04-19 01:47:41.702,2026-04-19 02:20:41.702,33.0,0.0,0h 33m,CCU to DEL,0.0,Night (21-05),,,,27,18-30,M,D***,V***
B1609,P1553,SJ042,2025-10-21 11:37:36.952,CANCELLED,b7bf214999ba7c975ce3b99e81bfa45fbbe829679564a0bef9b0f863c520c3c4,19D,D***,a52505031dffcf9596537c5db885e654f105756e6e2f8823dfddb0fc3e8dbf6d,SPICEJET,HYD,CCU,2026-04-18 22:38:41.701,2026-04-19 02:20:41.701,222.0,1.0,3h 42m,HYD to CCU,1.0,Night (21-05),,,,57,46-60,M,A***,K***
B1610,P1298,6F145,2025-10-13 11:37:36.952,CONFIRMED,0c4666ae69da513cbd0e99ffc1f00b62a48cee82cf6651a19a8abcf80bb9c2ee,27A,T***,88a2267fb710aba73270e254f988b67d96a1a9168df4f1dbb7437e0ee2f22f20,INDIGO,CCU,DEL,2026-04-19 01:02:41.703,2026-04-19 02:18:41.703,76.0,0.0,1h 16m,CCU to DEL,0.0,Night (21-05),PAY1685,5809.44,NETBANKING,48,46-60,M,A***,K***
B1611,P1719,UK029,2026-01-05 11:37:36.952,CANCELLED,cc29ea8046c79e57583a13a3f24af95eadf214948a280a13442d1800c3637e85,14C,C***,3fa6167661c3ae4338fefaa580f9f62f94652ef6bb713d2bd7904d3a34adbe59,VISTARA,DEL,BOM,2026-04-18 23:26:41.701,2026-04-19 02:15:41.701,169.0,1.0,2h 49m,DEL to BOM,0.0,Night (21-05),PAY1260,10642.75,CARD,1,Under 18,F,S***,G***
B1611,P1719,UK029,2026-01-05 11:37:36.952,CANCELLED,cc29ea8046c79e57583a13a3f24af95eadf214948a280a13442d1800c3637e85,14C,C***,3fa6167661c3ae4338fefaa580f9f62f94652ef6bb713d2bd7904d3a34adbe59,VISTARA,DEL,BOM,2026-04-18 23:26:41.701,2026-04-19 02:15:41.701,169.0,1.0,2h 49m,DEL to BOM,0.0,Night (21-05),PAY1520,11754.89,NETBANKING,1,Under 18,F,S***,G***
B1612,P1841,SJ200,2025-04-18 11:37:36.952,CANCELLED,2b7e9b480d25ac7e3ff1b55ed1fb2cf2f1a963681315933ef8720a130e00fcd9,28C,S***,5ad0b1ff0c56867f59fe382ab707ba144d8ac7892dc33adb7253dff712fa5f51,SPICEJET,BOM,DEL,2026-04-18 23:24:41.703,2026-04-19 02:11:41.703,167.0,1.0,2h 47m,BOM to DEL,0.0,Night (21-05),,,,2,Under 18,M,D***,D***
B1613,P1944,SJ209,2026-01-29 11:37:36.952,CONFIRMED,b8e1066601cbbae039c83bcbc7ae5a229d56eeb00e011124f5291b4bd26aec38,6A,S***,f0c19d348e37f77c5ea795c4ad735289715d3f85c50fc798115fb19fda5c9109,SPICEJET,BLR,BOM,2026-04-18 22:22:41.703,2026-04-19 02:03:41.703,221.0,1.0,3h 41m,BLR to BOM,1.0,Night (21-05),PAY1086,11718.47,UPI,10,Under 18,M,R***,G***
B1613,P1944,SJ209,2026-01-29 11:37:36.952,CONFIRMED,b8e1066601cbbae039c83bcbc7ae5a229d56eeb00e011124f5291b4bd26aec38,6A,S***,f0c19d348e37f77c5ea795c4ad735289715d3f85c50fc798115fb19fda5c9109,SPICEJET,BLR,BOM,2026-04-18 22:22:41.703,2026-04-19 02:03:41.703,221.0,1.0,3h 41m,BLR to BOM,1.0,Night (21-05),PAY1587,4590.83,NETBANKING,10,Under 18,M,R***,G***
B1614,P1191,AI116,2025-05-11 11:37:36.952,NAN,65d7aef8ff67b6437c38b677be921250d9386ef6facfade0dca9b05a8486dc1c,30B,A***,10669e4c1f1048f6192d1eb7d8a43fa0d438ee45421424efdff957e117620323,AIR INDIA,CCU,BOM,2026-04-18 22:30:41.702,2026-04-19 01:57:41.702,207.0,1.0,3h 27m,CCU to BOM,0.0,Night (21-05),PAY1178,2806.52,NETBANKING,62,60+,F,A***,M***
B1614,P1191,AI116,2025-05-11 11:37:36.952,NAN,65d7aef8ff67b6437c38b677be921250d9386ef6facfade0dca9b05a8486dc1c,30B,A***,10669e4c1f1048f6192d1eb7d8a43fa0d438ee45421424efdff957e117620323,AIR INDIA,CCU,BOM,2026-04-18 22:30:41.702,2026-04-19 01:57:41.702,207.0,1.0,3h 27m,CCU to BOM,0.0,Night (21-05),PAY1788,6159.25,UPI,62,60+,F,A***,M***
B1615,P1671,6F117,2025-05-23 11:37:36.952,CANCELLED,6e8d29efae701eddba6d97d0b62b6d798d27343e3e453059b0454f49eb424220,33B,F***,69e6061ae6570e88b3fcf657835ee4bce6f50e56cebb1322df3c75cb7683b9d4,INDIGO,CCU,DEL,2026-04-19 00:46:41.702,2026-04-19 01:51:41.702,65.0,0.0,1h 5m,CCU to DEL,0.0,Night (21-05),PAY1246,11017.88,UPI,29,18-30,M,A***,V***
B1615,P1671,6F117,2025-05-23 11:37:36.952,CANCELLED,6e8d29efae701eddba6d97d0b62b6d798d27343e3e453059b0454f49eb424220,33B,F***,69e6061ae6570e88b3fcf657835ee4bce6f50e56cebb1322df3c75cb7683b9d4,INDIGO,CCU,DEL,2026-04-19 00:46:41.702,2026-04-19 01:51:41.702,65.0,0.0,1h 5m,CCU to DEL,0.0,Night (21-05),PAY1445,2652.76,CARD,29,18-30,M,A***,V***
B1616,P1063,SJ181,2025-12-23 11:37:36.952,PENDING,8b45b316905c2846fc620dcfd0e60374aa08d49be56498f884e68133f43f0bd2,17A,A***,6c0fa6d3cffe2c9293c54b160b2ce73638b97856e72174e89166cdf58567cef8,SPICEJET,BOM,BLR,2026-04-19 00:20:41.703,2026-04-19 01:49:41.703,89.0,0.0,1h 29m,BOM to BLR,0.0,Night (21-05),,,,36,31-45,F,S***,M***
B1617,P1754,AI070,2025-05-10 11:37:36.952,INVALID,8391d22230479816690fd2b47f327dc2a7bf55200f006a0a4483134125b2cb48,18A,Q***,d62632abc39f00cb5b747d693008d120ef39e6c3c8a91560f402caf28fd56161,AIR INDIA,CCU,DEL,2026-04-19 00:05:41.702,2026-04-19 01:44:41.702,99.0,0.0,1h 39m,CCU to DEL,0.0,Night (21-05),PAY1146,12237.51,CARD,30,18-30,M,A***,G***
B1618,P1769,AI070,2026-01-19 11:37:36.952,CONFIRMED,1b06d18ad9930379beb408f3a66d53292e7b988630235a1d11ed5989ad8d3c60,1B,K***,e130a572915ee7945bcb98bdb6bd9a32a5e3f160769cc5ea406e1aab81053986,AIR INDIA,CCU,DEL,2026-04-19 00:05:41.702,2026-04-19 01:44:41.702,99.0,0.0,1h 39m,CCU to DEL,0.0,Night (21-05),PAY1493,6904.57,NETBANKING,56,46-60,F,A***,G***
B1619,P1663,UK042,2026-02-05 11:37:36.952,PENDING,67fdb64eb4fefa651b1b6d5f3162a56b0f7fdbc0da058ab6c1fc0c0dd6b6a183,13A,V***,15dbdd146aea989e3b110df1ecc54bc59fe3c0fc9cd725c82695874b96a6ca75,VISTARA,MAA,BOM,2026-04-18 20:59:41.701,2026-04-19 01:38:41.701,279.0,1.0,4h 39m,MAA to BOM,1.0,Evening (17-21),PAY1345,10938.67,NETBANKING,64,60+,F,S***,D***
B1619,P1663,UK042,2026-02-05 11:37:36.952,PENDING,67fdb64eb4fefa651b1b6d5f3162a56b0f7fdbc0da058ab6c1fc0c0dd6b6a183,13A,V***,15dbdd146aea989e3b110df1ecc54bc59fe3c0fc9cd725c82695874b96a6ca75,VISTARA,MAA,BOM,2026-04-18 20:59:41.701,2026-04-19 01:38:41.701,279.0,1.0,4h 39m,MAA to BOM,1.0,Evening (17-21),PAY1701,8605.08,UPI,64,60+,F,S***,D***
B1619,P1663,UK042,2026-02-05 11:37:36.952,PENDING,67fdb64eb4fefa651b1b6d5f3162a56b0f7fdbc0da058ab6c1fc0c0dd6b6a183,13A,V***,15dbdd146aea989e3b110df1ecc54bc59fe3c0fc9cd725c82695874b96a6ca75,VISTARA,MAA,BOM,2026-04-18 20:59:41.701,2026-04-19 01:38:41.701,279.0,1.0,4h 39m,MAA to BOM,1.0,Evening (17-21),PAY1802,14108.86,CARD,64,60+,F,S***,D***
B1620,P1214,AI169,2026-02-24 11:37:36.952,PENDING,d15d0a6afd559f4d065f028522c79f15615e2d27f8d56ea8f16bdf7a0ed817bd,1B,I***,b92d5a698cf52264ec506b4ac111ce1c2e52daa72f7d442c510e5135879e313a,AIR INDIA,CCU,DEL,2026-04-18 21:21:41.703,2026-04-19 01:34:41.703,253.0,1.0,4h 13m,CCU to DEL,1.0,Night (21-05),PAY1332,5731.24,UPI,55,46-60,M,R***,M***
B1620,P1214,AI169,2026-02-24 11:37:36.952,PENDING,d15d0a6afd559f4d065f028522c79f15615e2d27f8d56ea8f16bdf7a0ed817bd,1B,I***,b92d5a698cf52264ec506b4ac111ce1c2e52daa72f7d442c510e5135879e313a,AIR INDIA,CCU,DEL,2026-04-18 21:21:41.703,2026-04-19 01:34:41.703,253.0,1.0,4h 13m,CCU to DEL,1.0,Night (21-05),PAY1561,13683.85,NETBANKING,55,46-60,M,R***,M***
B1620,P1214,AI169,2026-02-24 11:37:36.952,PENDING,d15d0a6afd559f4d065f028522c79f15615e2d27f8d56ea8f16bdf7a0ed817bd,1B,I***,b92d5a698cf52264ec506b4ac111ce1c2e52daa72f7d442c510e5135879e313a,AIR INDIA,CCU,DEL,2026-04-18 21:21:41.703,2026-04-19 01:34:41.703,253.0,1.0,4h 13m,CCU to DEL,1.0,Night (21-05),PAY1782,3518.55,UPI,55,46-60,M,R***,M***
B1620,P1214,AI169,2026-02-24 11:37:36.952,PENDING,d15d0a6afd559f4d065f028522c79f15615e2d27f8d56ea8f16bdf7a0ed817bd,1B,I***,b92d5a698cf52264ec506b4ac111ce1c2e52daa72f7d442c510e5135879e313a,AIR INDIA,CCU,DEL,2026-04-18 21:21:41.703,2026-04-19 01:34:41.703,253.0,1.0,4h 13m,CCU to DEL,1.0,Night (21-05),PAY1999,10875.33,UPI,55,46-60,M,R***,M***
B1621,P1833,6F021,2025-12-21 11:37:36.952,PENDING,2275f0a2d1e55dc89752a0ace6fa8a1dbd0b9c84e20e306a0bda179bafc46ec8,27A,M***,a8557d0a82040c96db500b518dbf11f62a1e8dc5b6c9e8a73e4db0b11243708e,INDIGO,BLR,MAA,2026-04-18 21:23:41.701,2026-04-19 01:25:41.701,242.0,1.0,4h 2m,BLR to MAA,1.0,Night (21-05),PAY1181,3524.98,UPI,47,46-60,M,A***,D***
B1621,P1833,6F021,2025-12-21 11:37:36.952,PENDING,2275f0a2d1e55dc89752a0ace6fa8a1dbd0b9c84e20e306a0bda179bafc46ec8,27A,M***,a8557d0a82040c96db500b518dbf11f62a1e8dc5b6c9e8a73e4db0b11243708e,INDIGO,BLR,MAA,2026-04-18 21:23:41.701,2026-04-19 01:25:41.701,242.0,1.0,4h 2m,BLR to MAA,1.0,Night (21-05),PAY1972,8280.27,UPI,47,46-60,M,A***,D***
B1622,P1165,SJ046,2025-06-23 11:37:36.952,PENDING,2db980f4b70e15cc4519b84abf318b8f559c9a3997c92b726f84b7023d79a6bb,19F,R***,9f1a4243e4ecf4eff50a278f931febfb091bd47ae0bacac81cd3e22f0472db9c,SPICEJET,BOM,MAA,2026-04-18 22:01:41.701,2026-04-19 01:25:41.701,204.0,1.0,3h 24m,BOM to MAA,0.0,Night (21-05),PAY1052,11617.72,UPI,44,31-45,M,I***,S***
B1622,P1165,SJ046,2025-06-23 11:37:36.952,PENDING,2db980f4b70e15cc4519b84abf318b8f559c9a3997c92b726f84b7023d79a6bb,19F,R***,9f1a4243e4ecf4eff50a278f931febfb091bd47ae0bacac81cd3e22f0472db9c,SPICEJET,BOM,MAA,2026-04-18 22:01:41.701,2026-04-19 01:25:41.701,204.0,1.0,3h 24m,BOM to MAA,0.0,Night (21-05),PAY1167,12378.6,CARD,44,31-45,M,I***,S***
B1622,P1165,SJ046,2025-06-23 11:37:36.952,PENDING,2db980f4b70e15cc4519b84abf318b8f559c9a3997c92b726f84b7023d79a6bb,19F,R***,9f1a4243e4ecf4eff50a278f931febfb091bd47ae0bacac81cd3e22f0472db9c,SPICEJET,BOM,MAA,2026-04-18 22:01:41.701,2026-04-19 01:25:41.701,204.0,1.0,3h 24m,BOM to MAA,0.0,Night (21-05),PAY1752,12642.38,UPI,44,31-45,M,I***,S***
B1623,P1542,AI211,2025-08-17 11:37:36.952,CANCELLED,d64c01a81743f052014b9d441999f861589e33d5a98bc3d38eab3b3bf5201341,22B,T***,66b2576013d33e8ce61d62626df834f4360dfdbc3b9f80940476c8f52cd4ee13,AIR INDIA,DEL,CCU,2026-04-18 23:34:41.703,2026-04-19 01:21:41.703,107.0,1.0,1h 47m,DEL to CCU,0.0,Night (21-05),PAY1163,11011.07,NETBANKING,52,46-60,M,S***,K***
B1623,P1542,AI211,2025-08-17 11:37:36.952,CANCELLED,d64c01a81743f052014b9d441999f861589e33d5a98bc3d38eab3b3bf5201341,22B,T***,66b2576013d33e8ce61d62626df834f4360dfdbc3b9f80940476c8f52cd4ee13,AIR INDIA,DEL,CCU,2026-04-18 23:34:41.703,2026-04-19 01:21:41.703,107.0,1.0,1h 47m,DEL to CCU,0.0,Night (21-05),PAY1791,10849.11,CARD,52,46-60,M,S***,K***
B1623,P1542,AI211,2025-08-17 11:37:36.952,CANCELLED,d64c01a81743f052014b9d441999f861589e33d5a98bc3d38eab3b3bf5201341,22B,T***,66b2576013d33e8ce61d62626df834f4360dfdbc3b9f80940476c8f52cd4ee13,AIR INDIA,DEL,CCU,2026-04-18 23:34:41.703,2026-04-19 01:21:41.703,107.0,1.0,1h 47m,DEL to CCU,0.0,Night (21-05),PAY1967,2351.71,CARD,52,46-60,M,S***,K***
B1623,P1542,AI211,2025-08-17 11:37:36.952,CANCELLED,d64c01a81743f052014b9d441999f861589e33d5a98bc3d38eab3b3bf5201341,22B,T***,66b2576013d33e8ce61d62626df834f4360dfdbc3b9f80940476c8f52cd4ee13,AIR INDIA,DEL,CCU,2026-04-18 23:34:41.703,2026-04-19 01:21:41.703,107.0,1.0,1h 47m,DEL to CCU,0.0,Night (21-05),PAY1991,12916.9,UPI,52,46-60,M,S***,K***
B1624,P1882,SJ091,2025-12-20 11:37:36.952,CANCELLED,af19aa02735fd0b0f566941057c2efa5ab1539d513b800cd214d857af9d9147d,34F,D***,b3be360e0942f5e351ae5161a0ecf9d5a73c64e505180c6718eecf8c1f5e7405,SPICEJET,BLR,CCU,2026-04-18 23:10:41.702,2026-04-19 00:47:41.702,97.0,1.0,1h 37m,BLR to CCU,0.0,Night (21-05),,,,56,46-60,F,K***,G***
B1625,P1231,AI123,2026-04-05 11:37:36.952,PENDING,d66bc64a545d48a41b7badb2dd9eac81fcaa0121068ad9665d3aa8151707b334,7D,N***,3b7e6acf60b21d8e23d19e8f43bf9e0602c85696fea849bb40cda0168bb0af1e,AIR INDIA,MAA,BOM,2026-04-18 22:19:41.702,2026-04-19 00:45:41.702,146.0,1.0,2h 26m,MAA to BOM,0.0,Night (21-05),,,,59,46-60,M,R***,D***
B1626,P1793,6F053,2025-04-17 11:37:36.952,CANCELLED,ae7897579e200f8bdbf250ea82dd9519c4dc7af162c716ccd077c517ec8836c8,25C,B***,b3f963459927c92e4e69a73b89d37408eb4b53bec3f9173d8291f46175be1b12,INDIGO,DEL,HYD,2026-04-18 20:26:41.701,2026-04-19 00:39:41.701,253.0,1.0,4h 13m,DEL to HYD,1.0,Evening (17-21),PAY1934,7859.04,NETBANKING,67,60+,M,A***,J***
B1627,P1540,UK012,2026-01-09 11:37:36.952,PENDING,91df78759b1752f1e76816ea895cf5c82c1639564d79010f70d4bfcbf2e49f5f,27E,N***,23a928f5a95fa94dfbf22f0ac7fd4a2ea0676541263b9000df4f361e8c715604,VISTARA,MAA,BOM,2026-04-18 22:16:41.701,2026-04-19 00:25:41.701,129.0,1.0,2h 9m,MAA to BOM,0.0,Night (21-05),PAY1251,11151.3,NETBANKING,28,18-30,F,K***,K***
B1627,P1540,UK012,2026-01-09 11:37:36.952,PENDING,91df78759b1752f1e76816ea895cf5c82c1639564d79010f70d4bfcbf2e49f5f,27E,N***,23a928f5a95fa94dfbf22f0ac7fd4a2ea0676541263b9000df4f361e8c715604,VISTARA,MAA,BOM,2026-04-18 22:16:41.701,2026-04-19 00:25:41.701,129.0,1.0,2h 9m,MAA to BOM,0.0,Night (21-05),PAY1755,12801.31,CARD,28,18-30,F,K***,K***
B1628,P1194,6F023,2025-11-25 11:37:36.952,PENDING,07ae2e9f6b33e5b387ddb439587f836eb7929118a7f769883711652439ac745a,33A,E***,c03d96595521d02214df92826dd74311fe64d996ff28b7cb71785f8648150c9f,INDIGO,MAA,BLR,2026-04-18 20:18:41.701,2026-04-19 00:14:41.701,236.0,1.0,3h 56m,MAA to BLR,1.0,Evening (17-21),PAY1145,1971.53,CARD,12,Under 18,M,A***,D***
B1629,P1505,AI250,2026-01-02 11:37:36.952,CONFIRMED,7c76b13defbc4abdae1692c593a65ffe8df1049071fada101abf11e791822ecc,11A,T***,fb367fcc03f5e481c98665448eaff9298154a63dab1bc851a218c6e20266b5ae,Air India,BOM,CCU,2026-04-18 20:48:41.704,2026-04-19 00:12:41.704,204.0,1.0,3h 24m,BOM to CCU,0.0,Evening (17-21),,,,89,60+,F,M***,M***
B1630,P1333,AI238,2026-04-07 11:37:36.952,PENDING,2207517ad98a8c5c1a0d95c50d6835e9d21db7d13d6343bf788d2d45bd7d4c2a,26F,G***,0fd801f382a04aa6469f0abcda9f740cd377ace88f14a963b21d87274c75aeef,AIR INDIA,CCU,MAA,2026-04-18 19:25:41.704,2026-04-19 00:07:41.704,282.0,1.0,4h 42m,CCU to MAA,1.0,Evening (17-21),PAY1674,11475.88,NETBANKING,85,60+,M,K***,S***
B1631,P1767,UK096,2026-02-17 11:37:36.952,CANCELLED,e5752b18b17be45381a863d48b08a2da76cd001497dd70e590b496861ce9ce93,24F,H***,1a6887109ae89fcda4fc60c165c4eaada3a4c80597e2ebe429b9d725e6b50b04,VISTARA,BLR,HYD,2026-04-18 22:11:41.702,2026-04-19 00:06:41.702,115.0,1.0,1h 55m,BLR to HYD,0.0,Night (21-05),PAY1087,7909.43,NETBANKING,4,Under 18,M,S***,S***
B1631,P1767,UK096,2026-02-17 11:37:36.952,CANCELLED,e5752b18b17be45381a863d48b08a2da76cd001497dd70e590b496861ce9ce93,24F,H***,1a6887109ae89fcda4fc60c165c4eaada3a4c80597e2ebe429b9d725e6b50b04,VISTARA,BLR,HYD,2026-04-18 22:11:41.702,2026-04-19 00:06:41.702,115.0,1.0,1h 55m,BLR to HYD,0.0,Night (21-05),PAY1164,9604.98,UPI,4,Under 18,M,S***,S***
B1632,P1792,UK126,2026-03-30 11:37:36.952,PENDING,99ed28d0034766a3ebbad011c7e3ff4b805e6681e877878bde86f80e9fbfe41a,1D,R***,86e1df73f11c7a65d1994916e8707940213a9f73bb79c5397886120437276984,VISTARA,CCU,DEL,2026-04-18 22:37:41.702,2026-04-19 00:03:41.702,86.0,1.0,1h 26m,CCU to DEL,0.0,Night (21-05),PAY1781,11397.25,NETBANKING,25,18-30,M,I***,C***
B1633,P1303,SJ195,2025-08-30 11:37:36.952,CONFIRMED,ee91997a26228c1c2320593863d89ab4a31c459e306ddbe6498b0aa25917e4eb,8E,F***,f5af2931f730c51bceb1c72806ec271fe37b614fcf1604b9cd204601fc86ba89,SPICEJET,BOM,CCU,2026-04-18 20:41:41.703,2026-04-18 23:54:41.703,193.0,0.0,3h 13m,BOM to CCU,0.0,Evening (17-21),,,,30,18-30,F,I***,N***
B1634,P1832,SJ171,2025-12-25 11:37:36.952,CANCELLED,1139982fe4d51ea7c6588e63397575a4e77c16b33ffbe3eec8fde83902825aeb,1C,D***,6739a22a374b536c13bf3fb0becc683611e448de1a4f0b01f77b673936b72cce,SPICEJET,DEL,HYD,2026-04-18 20:52:41.703,2026-04-18 23:52:41.703,180.0,0.0,3h 0m,DEL to HYD,0.0,Evening (17-21),,,,79,60+,F,K***,B***
B1635,P1436,AI136,2025-08-14 11:37:36.952,INVALID,903d29f88931501330d922740c362dd9b05265325802f5983e3aed941b18af34,7C,T***,c00df108e90458806e38eae8461d312ea938f6a6876969b012f51dafc5252190,AIR INDIA,BLR,DEL,2026-04-18 20:29:41.702,2026-04-18 23:48:41.702,199.0,0.0,3h 19m,BLR to DEL,0.0,Evening (17-21),,,,26,18-30,F,M***,R***
B1636,P1322,SJ192,2025-05-27 11:37:36.952,CONFIRMED,436403e96e466bc8fcf48165fdf97845230154de7aca380b079dfc2c39095622,22B,O***,f6d1e6950b61aae19c90651745138bdac16b0897ec74ecd2d52098ecfa0e0cba,,,,,,,,,,,,PAY1874,14700.1,NETBANKING,17,Under 18,M,K***,I***
B1637,P1501,6F035,2025-12-01 11:37:36.952,PENDING,a33b8e69847f4a6825b77d582fa2c2ccec268c63d7f137e6a61d5378e7d554bf,27C,Y***,d6cb4e6f78888c18656612e4865c598db4a57941fc28cc1f1c5b462dd64b8083,INDIGO,CCU,HYD,2026-04-18 19:16:41.701,2026-04-18 23:40:41.701,264.0,0.0,4h 24m,CCU to HYD,1.0,Evening (17-21),PAY1373,11176.09,NETBANKING,58,46-60,M,S***,J***
B1637,P1501,6F035,2025-12-01 11:37:36.952,PENDING,a33b8e69847f4a6825b77d582fa2c2ccec268c63d7f137e6a61d5378e7d554bf,27C,Y***,d6cb4e6f78888c18656612e4865c598db4a57941fc28cc1f1c5b462dd64b8083,INDIGO,CCU,HYD,2026-04-18 19:16:41.701,2026-04-18 23:40:41.701,264.0,0.0,4h 24m,CCU to HYD,1.0,Evening (17-21),PAY1426,6828.89,NETBANKING,58,46-60,M,S***,J***
B1637,P1501,6F035,2025-12-01 11:37:36.952,PENDING,a33b8e69847f4a6825b77d582fa2c2ccec268c63d7f137e6a61d5378e7d554bf,27C,Y***,d6cb4e6f78888c18656612e4865c598db4a57941fc28cc1f1c5b462dd64b8083,INDIGO,CCU,HYD,2026-04-18 19:16:41.701,2026-04-18 23:40:41.701,264.0,0.0,4h 24m,CCU to HYD,1.0,Evening (17-21),PAY1950,7465.68,CARD,58,46-60,M,S***,J***
B1638,P1857,UK088,2026-02-23 11:37:36.952,CONFIRMED,d8b237d83e7ae7b0a4a790ee015cad3c2f73d2c8c0005a75ee303033de4c4210,22C,Y***,b83bcd5d1d7dbfc934600e33452c93d2d2659e10e12f8ae9b8b622f96b5e7270,,,,,,,,,,,,,,,57,46-60,M,I***,K***
B1639,P1913,6F009,2025-09-14 11:37:36.952,CONFIRMED,fa5d5c954a4a36b9d7babeca7ec45f4d0816481e8d4b353e18313dc006af3d04,24E,I***,5973799bfa23834d5bb9569b93c418e59ab084b4bc9d758711df7b3759caf5b8,INDIGO,BLR,CCU,2026-04-18 20:21:41.701,2026-04-18 23:36:41.701,195.0,0.0,3h 15m,BLR to CCU,1.0,Evening (17-21),PAY1397,5066.71,CARD,66,60+,F,A***,N***
B1639,P1913,6F009,2025-09-14 11:37:36.952,CONFIRMED,fa5d5c954a4a36b9d7babeca7ec45f4d0816481e8d4b353e18313dc006af3d04,24E,I***,5973799bfa23834d5bb9569b93c418e59ab084b4bc9d758711df7b3759caf5b8,INDIGO,BLR,CCU,2026-04-18 20:21:41.701,2026-04-18 23:36:41.701,195.0,0.0,3h 15m,BLR to CCU,1.0,Evening (17-21),PAY1744,1002.59,NETBANKING,66,60+,F,A***,N***
B1640,P1392,6F004,2026-01-28 11:37:36.952,CANCELLED,5ea3cb61d5dac588116ce1780f0a58e2326c204d741018ca1975b5d7342d27d8,30B,M***,711d53dc934b4ad207cecec3d5339d85e75173c346e8a77ff946293e68675bce,INDIGO,BOM,CCU,2026-04-18 19:53:41.701,2026-04-18 23:33:41.701,220.0,0.0,3h 40m,BOM to CCU,0.0,Evening (17-21),,,,52,46-60,M,R***,I***
B1641,P1805,UK122,2026-03-27 11:37:36.952,NAN,7885f930e5360dc39dadf7882bdf5e0109d0e734eded24286190df77889ecf06,28D,H***,ff557fa2c24d5554fa377523afdabbc5730a4810a6ba5ac4cafa7d9dd1d41d8e,VISTARA,HYD,CCU,2026-04-18 20:29:42.000,2026-04-18 23:29:42.000,180.0,0.0,3h 0m,HYD to CCU,0.0,Evening (17-21),PAY1059,14953.42,NETBANKING,61,60+,F,K***,P***
B1642,P1598,AI251,2026-02-15 11:37:36.952,PENDING,a6e43f427166807d6f4504b3d0c6276054f34698a54169de320f853cd4ef6893,4E,A***,f524f6ed469ff2013356333f26f792180cd5c43f3079e1bc398abb5aa9c4000b,AIR INDIA,MAA,DEL,2026-04-18 22:40:41.704,2026-04-18 23:24:41.704,44.0,0.0,0h 44m,MAA to DEL,0.0,Night (21-05),PAY1969,6919.99,NETBANKING,39,31-45,M,A***,G***
B1643,P1148,AI027,2026-02-04 11:37:36.952,PENDING,8b8b1c18c3c203a94eaa58299d7ed46a323b03a4ac597f833db6004493bf6579,14A,O***,2d712d850127f446527294d041e710eb33139792f295edea3f34599e8942d357,AIR INDIA,BOM,MAA,2026-04-18 19:41:41.701,2026-04-18 23:23:41.701,222.0,0.0,3h 42m,BOM to MAA,0.0,Evening (17-21),,,,43,31-45,M,M***,C***
B1644,P1760,SJ165,2025-10-20 11:37:36.952,PENDING,81c7d042f85c2592640edbe2ea402762ba2e8ccf5e3b61296a1d1e2081622b82,20E,F***,0bcd50ebedb1eb6460a02ab190e8800683de338f3e20ddb964b997a07868ff0c,SPICEJET,CCU,BOM,2026-04-18 20:08:41.703,2026-04-18 23:18:41.703,190.0,0.0,3h 10m,CCU to BOM,0.0,Evening (17-21),PAY1483,10406.49,CARD,88,60+,M,S***,A***
B1645,P1832,UK081,2025-08-16 11:37:36.952,CONFIRMED,de7a2121e31fe39812d9fd408659bf360a94b4ed55cf694689bd4d26d27b5ba7,17D,W***,d4230e30b0d992f9f41c741dbc2ef27006f70e6427216aa8c6bd5a2b7f86c2d0,,,,,,,,,,,,PAY1423,2308.55,NETBANKING,79,60+,F,K***,B***
B1646,P1404,UK191,2025-09-27 11:37:36.952,CANCELLED,3a845539436e236f2ebd71ded79698b172775fede5bc7dc98151b6eeb163aea8,28C,S***,9fbd67da3a0e1e8508bc3970c345bb7b3e62e7749b60073c2643e95ead453cb2,VISTARA,MAA,BLR,2026-04-18 21:51:41.703,2026-04-18 22:57:41.703,66.0,0.0,1h 6m,MAA to BLR,0.0,Night (21-05),PAY1524,12645.54,CARD,47,46-60,M,M***,K***
B1646,P1404,UK191,2025-09-27 11:37:36.952,CANCELLED,3a845539436e236f2ebd71ded79698b172775fede5bc7dc98151b6eeb163aea8,28C,S***,9fbd67da3a0e1e8508bc3970c345bb7b3e62e7749b60073c2643e95ead453cb2,VISTARA,MAA,BLR,2026-04-18 21:51:41.703,2026-04-18 22:57:41.703,66.0,0.0,1h 6m,MAA to BLR,0.0,Night (21-05),PAY1903,10009.34,UPI,47,46-60,M,M***,K***
B1647,P1282,SJ188,2025-11-06 11:37:36.952,PENDING,1c3aeb80dc56f016d43dc0526bca106c4d8935e29dfe3b102e251125a04266b0,14F,D***,cf11c67e57f311806cd60df43bf255a77fc34f7f1e86635ec16b439a3710202f,SPICEJET,BLR,BOM,2026-04-18 22:15:41.703,2026-04-18 22:55:41.703,40.0,0.0,0h 40m,BLR to BOM,0.0,Night (21-05),PAY1384,7863.11,NETBANKING,35,31-45,M,K***,C***
B1647,P1282,SJ188,2025-11-06 11:37:36.952,PENDING,1c3aeb80dc56f016d43dc0526bca106c4d8935e29dfe3b102e251125a04266b0,14F,D***,cf11c67e57f311806cd60df43bf255a77fc34f7f1e86635ec16b439a3710202f,SPICEJET,BLR,BOM,2026-04-18 22:15:41.703,2026-04-18 22:55:41.703,40.0,0.0,0h 40m,BLR to BOM,0.0,Night (21-05),PAY1800,9457.52,CARD,35,31-45,M,K***,C***
B1648,P1361,6F016,2025-08-09 11:37:36.952,CONFIRMED,ff76710ec536874d25ec48a10728f35eae6af0ebc2f5ee2033b956e584bf831b,33D,R***,245669f02c3907a8c117d4465c1b59025f05f70b21cd9c5ff12afa4cad977abc,INDIGO,HYD,BOM,2026-04-18 22:18:41.701,2026-04-18 22:54:41.701,36.0,0.0,0h 36m,HYD to BOM,0.0,Night (21-05),PAY1931,3484.04,CARD,25,18-30,F,A***,P***
B1649,P1378,6F064,2026-04-05 11:37:36.952,PENDING,e9d24f50bd803bc51a6a9f71c76c66230294d3d24418eadef76230cca50b21de,4F,U***,57e491068130ab945f04488e6a4e7a1b5d9d0bde6ea8fd811e55791878ef78a1,INDIGO,CCU,DEL,2026-04-18 21:45:41.701,2026-04-18 22:50:41.701,65.0,0.0,1h 5m,CCU to DEL,0.0,Night (21-05),PAY1605,14719.81,UPI,32,31-45,M,A***,I***
B1649,P1378,6F064,2026-04-05 11:37:36.952,PENDING,e9d24f50bd803bc51a6a9f71c76c66230294d3d24418eadef76230cca50b21de,4F,U***,57e491068130ab945f04488e6a4e7a1b5d9d0bde6ea8fd811e55791878ef78a1,INDIGO,CCU,DEL,2026-04-18 21:45:41.701,2026-04-18 22:50:41.701,65.0,0.0,1h 5m,CCU to DEL,0.0,Night (21-05),PAY1831,13388.24,UPI,32,31-45,M,A***,I***
B1650,P1197,SJ105,2026-04-03 11:37:36.952,NAN,a5a47b9a6f7e0f581443547958a40f72be2fb314c3d5e840fb1ae07d9287de63,10D,C***,7bf50762f44d36cb6fba49248da0afbab8d4029ba2d147f8d6ee7ee65718f814,SPICEJET,BOM,HYD,2026-04-18 19:22:41.702,2026-04-18 22:48:41.702,206.0,0.0,3h 26m,BOM to HYD,0.0,Evening (17-21),,,,3,Under 18,M,K***,N***
B1651,P1555,SJ054,2025-09-09 11:37:36.952,CANCELLED,e87505f8e40983c580535a9b2aaed29de18b8aec87bd0508ff8b7b125745d64d,21B,D***,84296c789a272f22e1d0d38d61b9f3950c44003b02c5a8e88a89ccd6554c3758,SPICEJET,MAA,BLR,2026-04-18 18:13:41.701,2026-04-18 22:46:41.701,273.0,0.0,4h 33m,MAA to BLR,1.0,Evening (17-21),PAY1954,6941.55,NETBANKING,53,46-60,M,S***,J***
B1652,P1355,6F197,2025-12-19 11:37:36.952,PENDING,5b7bf96f7d57f8f3c281a22d2021564259df31226890c8ade5053a2bc8f708d1,23C,Y***,e4fe689bf654930d070b3745000e0dd69c1d757c0fe8afd0c9f5a5e187e61e32,INDIGO,BOM,BLR,2026-04-18 17:59:41.703,2026-04-18 22:44:41.703,285.0,0.0,4h 45m,BOM to BLR,1.0,Evening (17-21),PAY1252,2694.0,NETBANKING,43,31-45,F,I***,I***
B1652,P1355,6F197,2025-12-19 11:37:36.952,PENDING,5b7bf96f7d57f8f3c281a22d2021564259df31226890c8ade5053a2bc8f708d1,23C,Y***,e4fe689bf654930d070b3745000e0dd69c1d757c0fe8afd0c9f5a5e187e61e32,INDIGO,BOM,BLR,2026-04-18 17:59:41.703,2026-04-18 22:44:41.703,285.0,0.0,4h 45m,BOM to BLR,1.0,Evening (17-21),PAY1329,12576.65,UPI,43,31-45,F,I***,I***
B1652,P1355,6F197,2025-12-19 11:37:36.952,PENDING,5b7bf96f7d57f8f3c281a22d2021564259df31226890c8ade5053a2bc8f708d1,23C,Y***,e4fe689bf654930d070b3745000e0dd69c1d757c0fe8afd0c9f5a5e187e61e32,INDIGO,BOM,BLR,2026-04-18 17:59:41.703,2026-04-18 22:44:41.703,285.0,0.0,4h 45m,BOM to BLR,1.0,Evening (17-21),PAY1372,4145.25,CARD,43,31-45,F,I***,I***
B1652,P1355,6F197,2025-12-19 11:37:36.952,PENDING,5b7bf96f7d57f8f3c281a22d2021564259df31226890c8ade5053a2bc8f708d1,23C,Y***,e4fe689bf654930d070b3745000e0dd69c1d757c0fe8afd0c9f5a5e187e61e32,INDIGO,BOM,BLR,2026-04-18 17:59:41.703,2026-04-18 22:44:41.703,285.0,0.0,4h 45m,BOM to BLR,1.0,Evening (17-21),PAY1724,2104.63,NETBANKING,43,31-45,F,I***,I***
B1653,P1539,AI040,2026-03-26 11:37:36.952,CANCELLED,2d7442af9830c3aa853c39e7a2b03244ef90173c339e2be802b84e03305ad2b2,31B,D***,76445c0efffc2fe2319fc5171f3365ae29ad874d9b936f72c05c669ce4839c2f,AIR INDIA,HYD,BLR,2026-04-18 21:01:41.701,2026-04-18 22:42:41.701,101.0,0.0,1h 41m,HYD to BLR,0.0,Night (21-05),PAY1422,10350.94,NETBANKING,71,60+,M,A***,N***
B1654,P1428,AI131,2025-08-14 11:37:36.952,NAN,a7f96c85a395054ef84e60abc54a82fa9fc8d6b10768656c6c0145669a0fd0ef,31A,S***,d08a8c901bcbc3b6117eb9aa1abffc52b7b0466f1c98287c181a30d90a744c73,AIR INDIA,MAA,BOM,2026-04-18 19:55:41.702,2026-04-18 22:35:41.702,160.0,0.0,2h 40m,MAA to BOM,0.0,Evening (17-21),PAY1675,12116.85,NETBANKING,16,Under 18,M,I***,M***
B1655,P1016,6F141,2025-10-09 11:37:36.952,PENDING,bbbac8c33a91e405f72996834c974883f8930e51986fae542cb1123886bcb780,7D,D***,719f99364d895bdd6f293ec9443e0eb943540f8ea65d1669c7a2dfe6a965498f,INDIGO,BOM,CCU,2026-04-18 20:26:41.702,2026-04-18 22:28:41.702,122.0,0.0,2h 2m,BOM to CCU,0.0,Evening (17-21),,,,30,18-30,M,V***,N***
B1656,P1638,UK035,2025-05-12 11:37:36.952,CONFIRMED,db73b9f044825e96f4d1749d7f278e6c368043ba60891956d7ecaa4bff362982,26E,B***,9727aac030fcb06cf14216c23476ae9da4ab34b7432db6f88666b48ecf7c8665,VISTARA,HYD,BOM,2026-04-18 21:08:41.701,2026-04-18 22:24:41.701,76.0,0.0,1h 16m,HYD to BOM,0.0,Night (21-05),PAY1276,9174.46,NETBANKING,14,Under 18,F,K***,B***
B1657,P1378,AI005,2025-08-28 11:37:36.952,CONFIRMED,21f21d32269059dd60f6f1970a5872f7ef14c0fb6e201c16f88636bd04396369,12B,G***,4150ae9a011384b91ec0d2755f70eab2e98ecd5e6e91444514ce53170a4ee800,AIR INDIA,DEL,CCU,2026-04-18 21:24:41.701,2026-04-18 22:11:41.701,47.0,0.0,0h 47m,DEL to CCU,0.0,Night (21-05),PAY1746,11326.44,UPI,32,31-45,M,A***,I***
B1658,P1679,AI001,2025-06-22 11:37:36.952,CONFIRMED,00c59a342badd5b89a0304d78be407ba30a01cf42bfab6ef635f508476c67351,18D,L***,fd467bc479b32a9d046e564620f8d6754a9fb5167f0a7513d8f5a374d36c0386,AIR INDIA,DEL,HYD,2026-04-18 19:00:41.700,2026-04-18 22:03:41.700,183.0,0.0,3h 3m,DEL to HYD,0.0,Evening (17-21),,,,25,18-30,F,S***,P***
B1659,P1505,UK211,2026-01-17 11:37:36.952,PENDING,5ef335bbd09ae50d2a48426df7479a15b4da7a9c8eaa3bb0f841f0f3574fd3ab,6D,B***,9af262b0bafe6a7fa899fb97a1a89c1bea67e94950d5c424910a509f7bc0297f,VISTARA,MAA,CCU,2026-04-18 20:39:41.704,2026-04-18 22:02:41.704,83.0,0.0,1h 23m,MAA to CCU,0.0,Evening (17-21),,,,89,60+,F,M***,M***
B1660,P1755,SJ189,2026-04-04 11:37:36.952,CANCELLED,1496dfdd96246474cebf7a08b25c8c9de864697ed8a3d72f1c2542523dee9841,12D,R***,e9782b3364cd5dd08ed7958dfd2b44fb15eca1f55a73516c58653dfdddd7144f,SPICEJET,HYD,BLR,2026-04-18 17:05:41.703,2026-04-18 22:01:41.703,296.0,0.0,4h 56m,HYD to BLR,1.0,Evening (17-21),PAY1649,5033.75,CARD,79,60+,M,R***,V***
B1661,P1898,UK006,2025-04-21 11:37:36.952,PENDING,f735b53f8e9987aa9d994a516c8bcf6be1a80fad9cf1f3a984a48e82f297e517,18D,V***,d539a7b5666f116471083bc2c2f14490fa63906c5003fab1182a833e014f4961,VISTARA,MAA,CCU,2026-04-18 20:16:41.701,2026-04-18 21:55:41.701,99.0,0.0,1h 39m,MAA to CCU,0.0,Evening (17-21),PAY1103,14848.6,CARD,3,Under 18,F,S***,S***
B1661,P1898,UK006,2025-04-21 11:37:36.952,PENDING,f735b53f8e9987aa9d994a516c8bcf6be1a80fad9cf1f3a984a48e82f297e517,18D,V***,d539a7b5666f116471083bc2c2f14490fa63906c5003fab1182a833e014f4961,VISTARA,MAA,CCU,2026-04-18 20:16:41.701,2026-04-18 21:55:41.701,99.0,0.0,1h 39m,MAA to CCU,0.0,Evening (17-21),PAY1641,6130.91,NETBANKING,3,Under 18,F,S***,S***
B1662,P1075,6F189,2025-10-13 11:37:36.952,CONFIRMED,0a8a8e1d0cd247e998cd49f61e9b8877bf334f3ac93dbb8d2f47a4754146533d,17A,M***,2ae84c345febfb02376dd39e9630b460f7bc97471a49f1db1f9a4690498e8a4d,INDIGO,MAA,BLR,2026-04-18 20:08:41.703,2026-04-18 21:51:41.703,103.0,0.0,1h 43m,MAA to BLR,0.0,Evening (17-21),PAY1771,9168.1,NETBANKING,74,60+,F,K***,K***
B1663,P1230,AI133,2025-05-16 11:37:36.952,CANCELLED,4cd59669975e17143de952e8c2b8d067b8e31ff9efd536058210bd75d9e67a16,15B,S***,8dc204593ae81914dd6f5deff8a01f6d4354fcb7918bc133a27ccc9cd6f5a898,AIR INDIA,DEL,CCU,2026-04-18 19:12:41.702,2026-04-18 21:32:41.702,140.0,0.0,2h 20m,DEL to CCU,0.0,Evening (17-21),PAY1029,8481.4,CARD,20,18-30,F,K***,M***
B1663,P1230,AI133,2025-05-16 11:37:36.952,CANCELLED,4cd59669975e17143de952e8c2b8d067b8e31ff9efd536058210bd75d9e67a16,15B,S***,8dc204593ae81914dd6f5deff8a01f6d4354fcb7918bc133a27ccc9cd6f5a898,AIR INDIA,DEL,CCU,2026-04-18 19:12:41.702,2026-04-18 21:32:41.702,140.0,0.0,2h 20m,DEL to CCU,0.0,Evening (17-21),PAY1030,12656.53,NETBANKING,20,18-30,F,K***,M***
B1663,P1230,AI133,2025-05-16 11:37:36.952,CANCELLED,4cd59669975e17143de952e8c2b8d067b8e31ff9efd536058210bd75d9e67a16,15B,S***,8dc204593ae81914dd6f5deff8a01f6d4354fcb7918bc133a27ccc9cd6f5a898,AIR INDIA,DEL,CCU,2026-04-18 19:12:41.702,2026-04-18 21:32:41.702,140.0,0.0,2h 20m,DEL to CCU,0.0,Evening (17-21),PAY1714,14337.32,UPI,20,18-30,F,K***,M***
B1663,P1230,AI133,2025-05-16 11:37:36.952,CANCELLED,4cd59669975e17143de952e8c2b8d067b8e31ff9efd536058210bd75d9e67a16,15B,S***,8dc204593ae81914dd6f5deff8a01f6d4354fcb7918bc133a27ccc9cd6f5a898,AIR INDIA,DEL,CCU,2026-04-18 19:12:41.702,2026-04-18 21:32:41.702,140.0,0.0,2h 20m,DEL to CCU,0.0,Evening (17-21),PAY1743,13004.79,NETBANKING,20,18-30,F,K***,M***
B1663,P1230,AI133,2025-05-16 11:37:36.952,CANCELLED,4cd59669975e17143de952e8c2b8d067b8e31ff9efd536058210bd75d9e67a16,15B,S***,8dc204593ae81914dd6f5deff8a01f6d4354fcb7918bc133a27ccc9cd6f5a898,AIR INDIA,DEL,CCU,2026-04-18 19:12:41.702,2026-04-18 21:32:41.702,140.0,0.0,2h 20m,DEL to CCU,0.0,Evening (17-21),PAY1750,5715.1,CARD,20,18-30,F,K***,M***
B1663,P1230,AI133,2025-05-16 11:37:36.952,CANCELLED,4cd59669975e17143de952e8c2b8d067b8e31ff9efd536058210bd75d9e67a16,15B,S***,8dc204593ae81914dd6f5deff8a01f6d4354fcb7918bc133a27ccc9cd6f5a898,AIR INDIA,DEL,CCU,2026-04-18 19:12:41.702,2026-04-18 21:32:41.702,140.0,0.0,2h 20m,DEL to CCU,0.0,Evening (17-21),PAY1775,12690.33,CARD,20,18-30,F,K***,M***
B1664,P1715,SJ216,2025-11-08 11:37:36.952,CONFIRMED,6a60c9dd84b25ae419323bad3a5177a4c02c1407f63331b59ebbb6dc92564bea,25B,H***,1017dfa6a17d9f60fcae6adb56c498f2a4fa0ff9bb7849f0dc5d00c1a18a1038,SPICEJET,BOM,CCU,2026-04-18 18:35:41.703,2026-04-18 21:31:41.703,176.0,0.0,2h 56m,BOM to CCU,0.0,Evening (17-21),,,,17,Under 18,M,V***,M***
B1665,P1961,SJ133,2026-03-04 11:37:36.952,CANCELLED,3dc247d65aa7182316c7ee8bc25283ef08f87c19f6e823e1d2394156d2373bfd,29D,Y***,a86e8b75bf7aca74aade98acb38175074afc8d2753f6fcdec7ac4c999b1decaa,SPICEJET,BOM,CCU,2026-04-18 18:50:41.702,2026-04-18 21:29:41.702,159.0,0.0,2h 39m,BOM to CCU,0.0,Evening (17-21),PAY1927,13434.66,UPI,49,46-60,M,M***,I***
B1666,P1247,UK082,2026-03-05 11:37:36.952,PENDING,7083d7437af1e65a125aa64d48349c675cd816ceb4b43baea1dbea36a260ff2a,32C,B***,344971afb1f778a61ae2783934ba92c231e63005ba2860d76269b3f851bdff7a,VISTARA,DEL,BOM,2026-04-18 16:50:41.702,2026-04-18 21:21:41.702,271.0,0.0,4h 31m,DEL to BOM,1.0,Afternoon (12-17),PAY1952,4184.87,CARD,50,46-60,F,A***,A***
B1667,P1301,6F136,2026-02-16 11:37:36.952,CANCELLED,3bfe21970f38c4bb0a2e9faed15fc27e117bf9283acb3b433b37dc1edcd60d29,32C,R***,0fbdc5828bf69ef1079434d33aed95e641570807808905e5817b485bc9d3fe4e,INDIGO,CCU,DEL,2026-04-18 20:24:41.702,2026-04-18 21:01:41.702,37.0,0.0,0h 37m,CCU to DEL,0.0,Evening (17-21),,,,86,60+,F,R***,P***
B1668,P1725,6F039,2025-04-30 11:37:36.952,PENDING,0d39cb0dd734e54abef1d9d67f014f066386219efba630de409c18f91ccc89fb,3B,N***,ffeecfb177f4538a9df1faf416374f83470c73c446d9791186e9156d882a6db0,INDIGO,MAA,CCU,2026-04-18 16:43:41.701,2026-04-18 21:01:41.701,258.0,0.0,4h 18m,MAA to CCU,1.0,Afternoon (12-17),,,,65,60+,M,A***,S***
B1669,P1214,AI011,2025-06-16 11:37:36.952,CONFIRMED,e4ced39afbc8c82552c06c66036dcb15364af689e6cffe08c93e1d76dc5c2029,3E,K***,d6cf02783c5965ffdd209fa0ae0818c0b91b2ecda1899f281b1e5bc9a440a1eb,AIR INDIA,CCU,BOM,2026-04-18 16:58:41.701,2026-04-18 21:01:41.701,243.0,0.0,4h 3m,CCU to BOM,1.0,Afternoon (12-17),,,,55,46-60,M,R***,M***
B1670,P1157,SJ225,2025-05-12 11:37:36.952,CANCELLED,9d3cca0a9b34ed035994a882f0db84fb703b65995f3cf14b6b27307be547e6f3,16C,L***,bf6856cbd0aa04df8b2dff922ed2d1cb94f1e291247b4db54b70db37bf2037af,,,,,,,,,,,,,,,66,60+,M,A***,A***
B1671,P1068,SJ024,2025-07-08 11:37:36.952,CONFIRMED,44e72dfe44bb353d334d1011c0d38fb836fdd0f8e0f07b4613b66cac06505824,22C,H***,60dbe19db7dcef68b471ce358739ae1662eda66763d5ec327607ad289e485dd5,SPICEJET,DEL,MAA,2026-04-18 16:29:41.701,2026-04-18 20:21:41.701,232.0,0.0,3h 52m,DEL to MAA,0.0,Afternoon (12-17),,,,54,46-60,M,S***,B***
B1672,P1392,AI109,2025-08-01 11:37:36.952,CANCELLED,efd48cea16ba910f09b8f00a2e3d9b52931eced6631f17c6e07d815aba5efd47,14E,G***,c2824381130f0cb8efdfb17e49045fad716635971255218597a0ed405d9ad658,AIR INDIA,BLR,BOM,2026-04-18 15:53:41.702,2026-04-18 20:14:41.702,261.0,0.0,4h 21m,BLR to BOM,1.0,Afternoon (12-17),PAY1365,6895.9,CARD,52,46-60,M,R***,I***
B1673,P1084,AI147,2025-06-12 11:37:36.952,NAN,132cab06191d10a5a90e3d561caf4dacf2eff5a51c795c5a1fcc4ff5d5456940,28B,F***,48c4db66f8787669418915f55341a95abcde3cbd623864c76a7e3a878fe2d3ca,AIR INDIA,HYD,CCU,2026-04-18 18:14:41.703,2026-04-18 20:10:41.703,116.0,0.0,1h 56m,HYD to CCU,0.0,Evening (17-21),,,,40,31-45,F,A***,P***
B1674,P1266,UK057,2025-11-03 11:37:36.952,CANCELLED,ec07cbb7110620a9ec7a7a4f34ac3c1d82e3d5da7654c375a4fd8fc45d3d6c2d,18C,L***,18b188a5ade48fc4cfc093b72730e85b88d7b8f5643f5e4b2bc0b02065746457,VISTARA,CCU,DEL,2026-04-18 15:25:41.701,2026-04-18 20:04:41.701,279.0,0.0,4h 39m,CCU to DEL,1.0,Afternoon (12-17),,,,20,18-30,F,A***,K***
B1675,P1068,6F111,2025-08-01 11:37:36.952,CANCELLED,d95a4789bdb4e3150ea5404477d4aecbcc0c762a90d7f4824e0639d4388fde64,9A,Z***,ffc2ad88be2d864900e6a88962073a2851e4a1c565ba1ca4ff0424b989ec5e1d,INDIGO,HYD,DEL,2026-04-18 17:09:41.702,2026-04-18 20:02:41.702,173.0,0.0,2h 53m,HYD to DEL,0.0,Evening (17-21),,,,54,46-60,M,S***,B***
B1676,P1610,AI197,2026-04-14 11:37:36.952,PENDING,f3ef87563e5beb893e751c9c53e6c842426d31896f9270c4864f04580c37e6a8,24C,G***,3450b95c6d6526ecafd5a17bab38e38a4886ce3818b52be69b1dde7ae67e1a75,AIR INDIA,BOM,CCU,2026-04-18 16:25:41.703,2026-04-18 20:00:41.703,215.0,0.0,3h 35m,BOM to CCU,0.0,Afternoon (12-17),PAY1106,14683.17,UPI,1,Under 18,M,D***,S***
B1676,P1610,AI197,2026-04-14 11:37:36.952,PENDING,f3ef87563e5beb893e751c9c53e6c842426d31896f9270c4864f04580c37e6a8,24C,G***,3450b95c6d6526ecafd5a17bab38e38a4886ce3818b52be69b1dde7ae67e1a75,AIR INDIA,BOM,CCU,2026-04-18 16:25:41.703,2026-04-18 20:00:41.703,215.0,0.0,3h 35m,BOM to CCU,0.0,Afternoon (12-17),PAY1709,11869.65,CARD,1,Under 18,M,D***,S***
B1677,P1346,UK127,2026-01-31 11:37:36.952,PENDING,8c379ce04836b0e869f9cd377a5cc1dc12d8fb07ae13a931ea14f624df9a3f59,29C,L***,89216a5a69ca6c15713890a0d16ffdb3fc10e3f098f91a94a7e79ec8fb9b8289,VISTARA,BOM,HYD,2026-04-18 15:56:41.702,2026-04-18 20:00:41.702,244.0,0.0,4h 4m,BOM to HYD,1.0,Afternoon (12-17),PAY1504,4648.87,NETBANKING,47,46-60,M,A***,M***
B1677,P1346,UK127,2026-01-31 11:37:36.952,PENDING,8c379ce04836b0e869f9cd377a5cc1dc12d8fb07ae13a931ea14f624df9a3f59,29C,L***,89216a5a69ca6c15713890a0d16ffdb3fc10e3f098f91a94a7e79ec8fb9b8289,VISTARA,BOM,HYD,2026-04-18 15:56:41.702,2026-04-18 20:00:41.702,244.0,0.0,4h 4m,BOM to HYD,1.0,Afternoon (12-17),PAY1620,14950.31,CARD,47,46-60,M,A***,M***
B1678,P1961,6F240,2025-12-31 11:37:36.952,PENDING,e58d7934a440e8415c1bdf5f91be3cffa52a6d94f9d5497781b496c58cc79b42,24B,D***,332efb068656dd7c11242d37d722626c1e40a56b9cacfb063164ff91d024bf84,INDIGO,DEL,HYD,2026-04-18 15:31:41.704,2026-04-18 19:56:41.704,265.0,0.0,4h 25m,DEL to HYD,1.0,Afternoon (12-17),PAY1809,3831.88,NETBANKING,49,46-60,M,M***,I***
B1679,P1727,6F257,2025-08-17 11:37:36.952,CANCELLED,53aecd373c614a839ae4633d96a15269476b0a1ab9086f191468ae3ec954c735,25A,K***,f3398c167e4e7d4013ae9fb5637531827489e0889715e1b25fc302e55bebaba3,IndiGo,MAA,CCU,2026-04-18 16:04:41.704,2026-04-18 19:55:41.704,231.0,0.0,3h 51m,MAA to CCU,1.0,Afternoon (12-17),,,,34,31-45,M,A***,d***
B1680,P1926,AI253,2026-03-19 11:37:36.952,NAN,e67f60ba5d6594be0f23eff5e76fd7e90c9e13e7d1dcb3e00c729403bb963610,11F,D***,092c32726ece5a21f22f358597e869e47177c293b87ef705fbf51a08c2371097,AIR INDIA,BLR,BOM,2026-04-18 16:13:41.704,2026-04-18 19:51:41.704,218.0,0.0,3h 38m,BLR to BOM,1.0,Afternoon (12-17),,,,84,60+,M,K***,I***
B1681,P1672,SJ135,2026-04-02 11:37:36.952,CANCELLED,bcf293936a2ee2b3ea9dd16c96dfa9f0f100f60d2060ccfcaf88047e2e18f6e5,15C,F***,629e4177cb86adae9cdaea8c487c2e3d8abbf0cf6f71a71e5a05bc4966a0cba9,SPICEJET,MAA,CCU,2026-04-18 16:03:41.702,2026-04-18 19:48:41.702,225.0,0.0,3h 45m,MAA to CCU,1.0,Afternoon (12-17),PAY1264,11541.74,UPI,13,Under 18,M,D***,J***
B1681,P1672,SJ135,2026-04-02 11:37:36.952,CANCELLED,bcf293936a2ee2b3ea9dd16c96dfa9f0f100f60d2060ccfcaf88047e2e18f6e5,15C,F***,629e4177cb86adae9cdaea8c487c2e3d8abbf0cf6f71a71e5a05bc4966a0cba9,SPICEJET,MAA,CCU,2026-04-18 16:03:41.702,2026-04-18 19:48:41.702,225.0,0.0,3h 45m,MAA to CCU,1.0,Afternoon (12-17),PAY1875,14516.19,NETBANKING,13,Under 18,M,D***,J***
B1682,P1422,UK112,2025-07-10 11:37:36.952,CANCELLED,df7a1be6174d7a5dc30ef68f5e62027458736c189187055c609b96eebdf19b9a,20B,G***,7bfcc44aa18bc81a1b1dd0a8b5fa368f2566463aafc3b77cfbbf081db1d01afa,Vistara,CCU,DEL,2026-04-18 17:05:41.702,2026-04-18 19:47:41.702,162.0,0.0,2h 42m,CCU to DEL,0.0,Evening (17-21),PAY1835,2916.86,CARD,58,46-60,M,S***,G***
B1683,P1605,AI050,2025-08-07 11:37:36.952,CONFIRMED,f0994d8a2adcb9e878b4cb059eba8d3c6fdba095587d0583fd8e284c71434f57,9C,Y***,743a07e328683e8835e7628f278e07704eaed106ed0aca954c794cce201ac09c,AIR INDIA,BLR,BOM,2026-04-18 17:07:41.701,2026-04-18 19:42:41.701,155.0,0.0,2h 35m,BLR to BOM,0.0,Evening (17-21),PAY1023,8188.97,UPI,58,46-60,M,A***,K***
B1683,P1605,AI050,2025-08-07 11:37:36.952,CONFIRMED,f0994d8a2adcb9e878b4cb059eba8d3c6fdba095587d0583fd8e284c71434f57,9C,Y***,743a07e328683e8835e7628f278e07704eaed106ed0aca954c794cce201ac09c,AIR INDIA,BLR,BOM,2026-04-18 17:07:41.701,2026-04-18 19:42:41.701,155.0,0.0,2h 35m,BLR to BOM,0.0,Evening (17-21),PAY1542,11160.79,NETBANKING,58,46-60,M,A***,K***
B1684,P1173,UK060,2025-11-18 11:37:36.952,PENDING,398595f43bb6fcee038a2d92bb922bf018180a0f99e017ccce157d1e59757c10,8E,A***,05e127480725a463bee426d5814cad10c6318c76186979c3eda830a5c2975edd,VISTARA,BLR,CCU,2026-04-18 16:09:41.701,2026-04-18 19:42:41.701,213.0,0.0,3h 33m,BLR to CCU,1.0,Afternoon (12-17),,,,27,18-30,F,A***,M***
B1685,P1676,SJ183,2025-05-15 11:37:36.952,CANCELLED,9517b3b1cf1e197e3e126a763c2eca2eab5da0f53dd0d3a218967358126ef6f9,25E,D***,19bcf7cd63efa4a1a6815833ea8c0c8f62244c4bdd29633811669d1f22b66539,SPICEJET,CCU,DEL,2026-04-18 17:44:41.703,2026-04-18 19:40:41.703,116.0,0.0,1h 56m,CCU to DEL,0.0,Evening (17-21),PAY1128,5545.26,NETBANKING,82,60+,F,R***,R***
B1685,P1676,SJ183,2025-05-15 11:37:36.952,CANCELLED,9517b3b1cf1e197e3e126a763c2eca2eab5da0f53dd0d3a218967358126ef6f9,25E,D***,19bcf7cd63efa4a1a6815833ea8c0c8f62244c4bdd29633811669d1f22b66539,SPICEJET,CCU,DEL,2026-04-18 17:44:41.703,2026-04-18 19:40:41.703,116.0,0.0,1h 56m,CCU to DEL,0.0,Evening (17-21),PAY1959,7155.18,NETBANKING,82,60+,F,R***,R***
B1686,P1114,UK138,2025-11-17 11:37:36.952,CONFIRMED,f79a01c35423e2f69416be94f7a8669b1a82d5f95edf4cd8a9faa82003bbd098,23E,T***,f2f198bc653cd44e8788a2030ed03ab2e3f72a0810154603a876f8a54fbc11da,VISTARA,DEL,BLR,2026-04-18 16:47:41.703,2026-04-18 19:36:41.703,169.0,0.0,2h 49m,DEL to BLR,0.0,Afternoon (12-17),PAY1315,1293.05,CARD,28,18-30,F,A***,S***
B1687,P1219,SJ071,2025-10-12 11:37:36.952,PENDING,263d5b8f67893791b53648be7ea47b4b86721a3fd61af38b7d972392cd922f14,22F,V***,6357c37302fc64cd8e71e4cbabe0233492cfa2afffb3bdb6975ad0976a91d39d,SPICEJET,CCU,MAA,2026-04-18 17:43:41.701,2026-04-18 19:32:41.701,109.0,0.0,1h 49m,CCU to MAA,0.0,Evening (17-21),,,,24,18-30,M,M***,N***
B1688,P1955,AI057,2025-06-14 11:37:36.952,PENDING,2f344863312d4e668db77f53803041689c1928978f7bc2ef6a4e8112ae9bc7b5,9D,U***,4a1ddadeaef82f4fd4ae67f5e0f50ff677e9c0e0c035d86bbbc674a6b8598c49,AIR INDIA,BOM,CCU,2026-04-18 15:53:41.701,2026-04-18 19:22:41.701,209.0,0.0,3h 29m,BOM to CCU,0.0,Afternoon (12-17),PAY1272,10945.95,NETBANKING,9,Under 18,F,A***,D***
B1689,P1030,SJ151,2025-07-10 11:37:36.952,CANCELLED,81bcf798e3747fd837fe066d6eb49ff6a62ad89f07a40c4c1233b6993647819f,20B,M***,e167ece02cbbb2666c5551c1bfc0579dd6c8fc5f0ac29e84854a0190502e7992,SPICEJET,BOM,CCU,2026-04-18 17:44:41.702,2026-04-18 19:16:41.702,92.0,0.0,1h 32m,BOM to CCU,0.0,Evening (17-21),PAY1485,8030.27,CARD,60,46-60,F,A***,K***
B1690,P1522,SJ144,2025-06-28 11:37:36.952,PENDING,f84496a025396ec88bde1b9785627e027825971edb9341ad468573ae1c56da4f,12C,C***,7e66b8a427d68fe243bcc0df3851562d2399bc7694e46deab120c2d42669eedf,SPICEJET,BLR,BOM,2026-04-18 15:35:41.702,2026-04-18 19:12:41.702,217.0,0.0,3h 37m,BLR to BOM,1.0,Afternoon (12-17),PAY1550,7675.73,UPI,23,18-30,F,R***,S***
B1691,P1342,SJ087,2026-01-23 11:37:36.952,PENDING,fd591a96e49ce1ff71c9fe339588e0ca8238201be5b8915a7eac465252f301c1,12E,Y***,75d08e8721b5cece31263a1333000be650000015a03570a84e6624dc0ad8f36d,SPICEJET,BOM,DEL,2026-04-18 14:20:41.702,2026-04-18 19:09:41.702,289.0,0.0,4h 49m,BOM to DEL,1.0,Afternoon (12-17),PAY1946,10442.06,UPI,67,60+,M,R***,N***
B1692,P1376,SJ066,2026-04-02 11:37:36.952,CONFIRMED,b10f5c72d73878251bd5c57fcb68191c8696a53992cbf2d67d43fa6a68c950d8,18A,B***,114fa5536b910b94926da4d0539cf63eb76d244ce61f3b8258363776343cb5e8,SPICEJET,HYD,CCU,2026-04-18 17:47:41.701,2026-04-18 19:03:41.701,76.0,0.0,1h 16m,HYD to CCU,0.0,Evening (17-21),,,,15,Under 18,F,K***,I***
B1693,P1129,AI247,2026-01-02 11:37:36.952,CONFIRMED,0bc6647de918498eae0dc1bd0da1c6f0acaa8053c85661999ff596b8e73d6baf,11F,K***,c50f762703dd7c95b3007f84686a53e34336d012f0c32e9c756ea0e5040ff49b,AIR INDIA,BOM,CCU,2026-04-18 15:58:41.704,2026-04-18 19:02:41.704,184.0,0.0,3h 4m,BOM to CCU,0.0,Afternoon (12-17),,,,65,60+,F,V***,J***
B1694,P1999,SJ102,2026-04-01 11:37:36.952,PENDING,51fdc46d7530cf81d064148392ded08859da8bac5b471ad47aaa5b569c4e8b7e,24D,M***,6e74a7a868dc06a0f86152e382093b5df281e2dbc1cfceb3a4cabf7b28135ad5,SPICEJET,MAA,CCU,2026-04-18 17:26:41.702,2026-04-18 18:58:41.702,92.0,0.0,1h 32m,MAA to CCU,0.0,Evening (17-21),PAY1668,3525.42,CARD,14,Under 18,F,A***,P***
B1694,P1999,SJ102,2026-04-01 11:37:36.952,PENDING,51fdc46d7530cf81d064148392ded08859da8bac5b471ad47aaa5b569c4e8b7e,24D,M***,6e74a7a868dc06a0f86152e382093b5df281e2dbc1cfceb3a4cabf7b28135ad5,SPICEJET,MAA,CCU,2026-04-18 17:26:41.702,2026-04-18 18:58:41.702,92.0,0.0,1h 32m,MAA to CCU,0.0,Evening (17-21),PAY1837,3628.19,CARD,14,Under 18,F,A***,P***
B1695,P1616,6F252,2026-04-13 11:37:36.952,CONFIRMED,15b79eeb1f2edff93b9db5be595912fe1910260436e23fd04671a4d3c15e478a,4F,P***,8f2e349477869c91fb34aa9ad05ea88a60088278edb674ac479d5aac8e60d231,IndiGo,MAA,BLR,2026-04-18 14:25:41.701,2026-04-18 18:52:41.701,267.0,0.0,4h 27m,MAA to BLR,1.0,Afternoon (12-17),PAY1234,5969.93,NETBANKING,56,46-60,M,A***,K***
B1696,P1538,6F055,2025-11-28 11:37:36.952,PENDING,c4a247d51b7bc1dbbf6d864e598bbeaa60faec4b5f6893eb8ba2c89737c80b64,11C,R***,4bdee4784695e4a7b0b9f07f9093d4cc48fe086b72fafd2384d6b798fc4824b4,INDIGO,DEL,CCU,2026-04-18 16:21:41.701,2026-04-18 18:49:41.701,148.0,0.0,2h 28m,DEL to CCU,0.0,Afternoon (12-17),,,,9,Under 18,F,A***,M***
B1697,P1738,AI204,2025-11-12 11:37:36.952,CANCELLED,fad086b43fe1e14d30d0d53444a39fa024fa6d8dce07d15d4eba72a908e9414b,34B,N***,2ac103ff6120eeeace6fd5a2a9fd52e67c052eb6c47464d190d6809735df8aa8,AIR INDIA,CCU,MAA,2026-04-18 13:40:41.703,2026-04-18 18:38:41.703,298.0,0.0,4h 58m,CCU to MAA,1.0,Afternoon (12-17),,,,5,Under 18,M,A***,P***
B1698,P1001,AI016,2026-02-02 11:37:36.952,CONFIRMED,ddfb46c7ab1ce6050cbc475305213d4e69c9d499c4cd1e673e77ad66d58428e2,31D,W***,4741521363e0459f5db138cd7325ef264b1b7d9186372986220d67be71b28b01,AIR INDIA,BOM,CCU,2026-04-18 14:15:41.701,2026-04-18 18:38:41.701,263.0,0.0,4h 23m,BOM to CCU,1.0,Afternoon (12-17),PAY1598,8023.98,NETBANKING,15,Under 18,M,K***,R***
B1699,P1870,AI209,2025-12-11 11:37:36.952,PENDING,6d32f45a1e99d9dd6340cf53fc96cf2ede2c1c56a6c4d6b4ff9d81658ab92564,15D,B***,6fcd17d0630264c75557c341456be5f21f30c10cf2dfd29a7d2f8bd46c749cb2,AIR INDIA,BLR,CCU,2026-04-18 17:25:41.703,2026-04-18 18:37:41.703,72.0,0.0,1h 12m,BLR to CCU,0.0,Evening (17-21),PAY1451,8211.18,CARD,86,60+,F,R***,P***
B1699,P1870,AI209,2025-12-11 11:37:36.952,PENDING,6d32f45a1e99d9dd6340cf53fc96cf2ede2c1c56a6c4d6b4ff9d81658ab92564,15D,B***,6fcd17d0630264c75557c341456be5f21f30c10cf2dfd29a7d2f8bd46c749cb2,AIR INDIA,BLR,CCU,2026-04-18 17:25:41.703,2026-04-18 18:37:41.703,72.0,0.0,1h 12m,BLR to CCU,0.0,Evening (17-21),PAY1827,6149.02,NETBANKING,86,60+,F,R***,P***
B1699,P1870,AI209,2025-12-11 11:37:36.952,PENDING,6d32f45a1e99d9dd6340cf53fc96cf2ede2c1c56a6c4d6b4ff9d81658ab92564,15D,B***,6fcd17d0630264c75557c341456be5f21f30c10cf2dfd29a7d2f8bd46c749cb2,AIR INDIA,BLR,CCU,2026-04-18 17:25:41.703,2026-04-18 18:37:41.703,72.0,0.0,1h 12m,BLR to CCU,0.0,Evening (17-21),PAY1891,8784.73,NETBANKING,86,60+,F,R***,P***
B1700,P1100,SJ211,2026-01-04 11:37:36.952,PENDING,37cdfbb6395bac3c9ad39e0222bef9abb1d8fa2e5e8f9d62de64a2ea3e415cce,14B,V***,9b8d8829add27cc8dee3b84c3b3a26bced08a4ac1bd93651efb4432903a35d41,SPICEJET,MAA,BOM,2026-04-18 16:22:41.703,2026-04-18 18:34:41.703,132.0,0.0,2h 12m,MAA to BOM,0.0,Afternoon (12-17),PAY1443,6028.27,CARD,9,Under 18,M,M***,J***
B1701,P1532,6F103,2025-10-16 11:37:36.952,CONFIRMED,aaa039be9a45a2f4c731c119a0979854f99085a633e9324ec2e0267436db7a2b,13F,W***,6cd2f1973fc8158b9f89c7318ef6cef3e3ce2fb826ccf1fffdcd30c559dbd188,INDIGO,CCU,MAA,2026-04-18 15:37:41.702,2026-04-18 18:32:41.702,175.0,0.0,2h 55m,CCU to MAA,0.0,Afternoon (12-17),,,,19,18-30,M,D***,B***
B1702,P1057,UK182,2025-04-22 11:37:36.952,CONFIRMED,69ca1a241e414960bf31c527169dd240d6cd54e0724ff8d5f0a60258ab17950a,31F,U***,a39c7412b4d769a843cb2d04c48bc6570b4245f0d6e280d09bb6532e031d4ece,VISTARA,HYD,CCU,2026-04-18 14:19:41.703,2026-04-18 18:25:41.703,246.0,0.0,4h 6m,HYD to CCU,1.0,Afternoon (12-17),PAY1088,13329.36,CARD,44,31-45,M,I***,G***
B1703,P1388,6F264,2025-12-25 11:37:36.952,CANCELLED,425401e44416a03d5f4ce29d2375bb0fcf943fbb0f3461df952c4cb3240394d3,19B,J***,c80a1a66c47abe5681631774f9ae2322211515c21a56ef19881dcd317412c7a1,,,,,,,,,,,,PAY1120,5813.95,NETBANKING,58,46-60,M,R***,D***
B1703,P1388,6F264,2025-12-25 11:37:36.952,CANCELLED,425401e44416a03d5f4ce29d2375bb0fcf943fbb0f3461df952c4cb3240394d3,19B,J***,c80a1a66c47abe5681631774f9ae2322211515c21a56ef19881dcd317412c7a1,,,,,,,,,,,,PAY1690,6181.25,NETBANKING,58,46-60,M,R***,D***
B1704,P1691,6F027,2025-07-23 11:37:36.952,PENDING,ab6e160e3cbebde34b3acab1caeeb6eb96c4801e56dcf3dbe72f4751166268c0,29A,T***,b4269ea3aa38e233fb859d2153b1691b160679af182fea2b1942514b63f1ef5d,INDIGO,BLR,DEL,2026-04-18 16:52:41.701,2026-04-18 18:21:41.701,89.0,0.0,1h 29m,BLR to DEL,0.0,Afternoon (12-17),PAY1731,13993.49,NETBANKING,26,18-30,M,V***,A***
B1705,P1940,UK198,2026-01-31 11:37:36.952,CANCELLED,2b5ae2337d92e034ff0a9299c66f36e59cde7f6f90453234361e9c2ed9ac7044,3B,L***,2e3e823598b97e64b0429006951a088760277e3e116f7374b8eac43ffcfd0b62,VISTARA,DEL,BLR,2026-04-18 16:43:41.703,2026-04-18 18:18:41.703,95.0,0.0,1h 35m,DEL to BLR,0.0,Afternoon (12-17),PAY1165,1658.55,UPI,50,46-60,F,R***,R***
B1705,P1940,UK198,2026-01-31 11:37:36.952,CANCELLED,2b5ae2337d92e034ff0a9299c66f36e59cde7f6f90453234361e9c2ed9ac7044,3B,L***,2e3e823598b97e64b0429006951a088760277e3e116f7374b8eac43ffcfd0b62,VISTARA,DEL,BLR,2026-04-18 16:43:41.703,2026-04-18 18:18:41.703,95.0,0.0,1h 35m,DEL to BLR,0.0,Afternoon (12-17),PAY1258,2089.75,CARD,50,46-60,F,R***,R***
B1705,P1940,UK198,2026-01-31 11:37:36.952,CANCELLED,2b5ae2337d92e034ff0a9299c66f36e59cde7f6f90453234361e9c2ed9ac7044,3B,L***,2e3e823598b97e64b0429006951a088760277e3e116f7374b8eac43ffcfd0b62,VISTARA,DEL,BLR,2026-04-18 16:43:41.703,2026-04-18 18:18:41.703,95.0,0.0,1h 35m,DEL to BLR,0.0,Afternoon (12-17),PAY1652,10970.63,NETBANKING,50,46-60,F,R***,R***
B1705,P1940,UK198,2026-01-31 11:37:36.952,CANCELLED,2b5ae2337d92e034ff0a9299c66f36e59cde7f6f90453234361e9c2ed9ac7044,3B,L***,2e3e823598b97e64b0429006951a088760277e3e116f7374b8eac43ffcfd0b62,VISTARA,DEL,BLR,2026-04-18 16:43:41.703,2026-04-18 18:18:41.703,95.0,0.0,1h 35m,DEL to BLR,0.0,Afternoon (12-17),PAY1698,6139.86,UPI,50,46-60,F,R***,R***
B1706,P1340,6F171,2025-09-07 11:37:36.952,CANCELLED,cd2083edadca7de0867c8d6423210f2905fc4dc85f1b22d13917560116394141,15C,O***,5c5bccf6758ee1876f670cd805caea5dee1c5458825e02a0be53d296b2558a5e,INDIGO,DEL,BLR,2026-04-18 17:03:41.703,2026-04-18 18:12:41.703,69.0,0.0,1h 9m,DEL to BLR,0.0,Evening (17-21),,,,54,46-60,M,A***,C***
B1707,P1860,AI004,2025-07-05 11:37:36.952,CANCELLED,fc5ab6802d533d049143734adb7394d73f5e873392076a4947e0b9070a51fb52,1B,R***,c16f83e5b86896d7d6b1b161caf0f2a3346b2dd5dde58eca456659ca9af278fd,AIR INDIA,HYD,MAA,2026-04-18 13:58:41.701,2026-04-18 18:12:41.701,254.0,0.0,4h 14m,HYD to MAA,1.0,Afternoon (12-17),,,,44,31-45,M,S***,C***
B1708,P1019,6F157,2025-11-22 11:37:36.952,CONFIRMED,62dc6e92e307a1e54c2758fb74c98a4c2e72cd0404248fd78eab5d9434d8bfc0,3C,Z***,6392bc48bf8de74d3e07a0bf9e1e9f4d8ec5ea2b1131cd9eec479088cf8a55ed,INDIGO,MAA,CCU,2026-04-18 16:37:41.703,2026-04-18 18:04:41.703,87.0,0.0,1h 27m,MAA to CCU,0.0,Afternoon (12-17),,,,64,60+,M,D***,P***
B1709,P1254,AI018,2025-10-03 11:37:36.952,CANCELLED,9acd3ecee57eab9897f9aa5ebb8b1ff0101ac781db073268e701dbe9fb1a4751,22B,V***,7c1012e186b3b0c10ac6e8e66f30a0ce758e3772e4824f59cda8e7470192f1bb,AIR INDIA,BOM,CCU,2026-04-18 13:12:41.701,2026-04-18 18:04:41.701,292.0,0.0,4h 52m,BOM to CCU,1.0,Afternoon (12-17),,,,2,Under 18,F,M***,K***
B1710,P1316,UK098,2025-08-05 11:37:36.952,CONFIRMED,e8e925cacaae59cc913e280bbfd3760bad6ad1626ee30a4daf97a15b6c08113a,21E,H***,04a2023260be449d2d4e153a005e9d226e9b89291bc99aec9be234c19a5676b3,VISTARA,CCU,DEL,2026-04-18 13:38:41.702,2026-04-18 17:54:41.702,256.0,0.0,4h 16m,CCU to DEL,1.0,Afternoon (12-17),PAY1625,12059.65,CARD,48,46-60,F,A***,K***
B1711,P1037,6F167,2026-01-29 11:37:36.952,NAN,ea07ac92b10f41731925bb580bcb4e321205c226056e93ecfb66ad82297808d8,4C,J***,274376c35358954ba3ac5fb7b5592023f46840a9ff74232e9726b6992d681c44,INDIGO,BLR,BOM,2026-04-18 16:26:41.703,2026-04-18 17:50:41.703,84.0,0.0,1h 24m,BLR to BOM,0.0,Afternoon (12-17),,,,51,46-60,M,M***,G***
B1712,P1659,AI228,2025-09-06 11:37:36.952,CANCELLED,9335c7f5817c7aa9ef4556bd9ed61859425685dda945f6eaa31758ea1b40637d,17C,F***,cf3b1b7882525f2109b94c58965eb9a77bf7abfdace94c113c30b7428b0a2fe2,AIR INDIA,BLR,BOM,2026-04-18 13:16:41.703,2026-04-18 17:44:41.703,268.0,0.0,4h 28m,BLR to BOM,1.0,Afternoon (12-17),,,,60,46-60,F,R***,M***
B1713,P1536,SJ242,2025-08-31 11:37:36.952,CANCELLED,7e2c4119b7ad0e5819fc6fd4c23a7ff31a7ba2deb10de33c04d56ce8fc3c4aa4,17D,A***,e6533e07c8318cbe3986a894986e8c38851ec4220afe24210fe0ba183e620174,SPICEJET,BLR,HYD,2026-04-18 14:55:41.704,2026-04-18 17:42:41.704,167.0,0.0,2h 47m,BLR to HYD,0.0,Afternoon (12-17),,,,19,18-30,F,R***,N***
B1714,P1385,6F227,2025-12-11 11:37:36.952,PENDING,8f36bbc1fd6aa46c0503fff09cff62635069fd8769251c820b91bc921e7e9ab5,34C,Y***,4cbda3db665d78a04b5af3dc5400ee8977e93cbb7b7a4de353a2e4de3c0eafe8,INDIGO,MAA,BOM,2026-04-18 13:16:41.704,2026-04-18 17:41:41.704,265.0,0.0,4h 25m,MAA to BOM,1.0,Afternoon (12-17),PAY1322,5064.12,NETBANKING,63,60+,F,R***,D***
B1715,P1632,6F037,2025-08-27 11:37:36.952,CANCELLED,56e8d75cf19beaf9fd9c12a41b287cb9c2106a12ada6965ba008b1f718374ed1,20C,R***,2f80aa75b5f3c236b78a9b59c2bb65ae0e4a396e8fa36570a13b9c6a9d1657ba,INDIGO,BOM,MAA,2026-04-18 14:51:41.701,2026-04-18 17:23:41.701,152.0,0.0,2h 32m,BOM to MAA,0.0,Afternoon (12-17),,,,19,18-30,M,A***,K***
B1716,P1927,6F107,2025-12-22 11:37:36.952,PENDING,78570c67041f68ab519cd68965b077a67ad02ef664bac7cabdf37e0ae50e8c42,28A,T***,0239b37fbc38a4650406262ca3b8c0c331bc1b0599e431f86e9aa2778a50b423,INDIGO,CCU,BLR,2026-04-18 14:14:41.702,2026-04-18 17:14:42.000,180.0,0.0,3h 0m,CCU to BLR,0.0,Afternoon (12-17),,,,20,18-30,F,S***,R***
B1717,P1025,SJ125,2025-11-06 11:37:36.952,CANCELLED,a83fdca9a3b077b399d10bd73e0ad76110b48e5ead5ffeb6bef7706a13745aee,14A,I***,1a8ba02d9603fdb91905000d67b8d0037c06c6a3d48ee7389652a28e253815d3,SPICEJET,DEL,BLR,2026-04-18 14:21:41.702,2026-04-18 16:55:41.702,154.0,0.0,2h 34m,DEL to BLR,0.0,Afternoon (12-17),PAY1589,1220.3,NETBANKING,22,18-30,M,A***,C***
B1717,P1025,SJ125,2025-11-06 11:37:36.952,CANCELLED,a83fdca9a3b077b399d10bd73e0ad76110b48e5ead5ffeb6bef7706a13745aee,14A,I***,1a8ba02d9603fdb91905000d67b8d0037c06c6a3d48ee7389652a28e253815d3,SPICEJET,DEL,BLR,2026-04-18 14:21:41.702,2026-04-18 16:55:41.702,154.0,0.0,2h 34m,DEL to BLR,0.0,Afternoon (12-17),PAY1968,1187.92,UPI,22,18-30,M,A***,C***
B1718,P1453,UK117,2025-06-17 11:37:36.952,CANCELLED,4cf786d01cdf37f6bdfbb82bbdc22e59b3e61cc8abf07ad5a45cc0a2f8983b07,9B,O***,2f4439393f3c63c2845416c43a31ce4b2ad3be061daf0f91e6f17e5b51fcd035,VISTARA,BLR,BOM,2026-04-18 13:17:41.702,2026-04-18 16:54:41.702,217.0,0.0,3h 37m,BLR to BOM,1.0,Afternoon (12-17),PAY1574,7833.36,UPI,23,18-30,M,D***,I***
B1718,P1453,UK117,2025-06-17 11:37:36.952,CANCELLED,4cf786d01cdf37f6bdfbb82bbdc22e59b3e61cc8abf07ad5a45cc0a2f8983b07,9B,O***,2f4439393f3c63c2845416c43a31ce4b2ad3be061daf0f91e6f17e5b51fcd035,VISTARA,BLR,BOM,2026-04-18 13:17:41.702,2026-04-18 16:54:41.702,217.0,0.0,3h 37m,BLR to BOM,1.0,Afternoon (12-17),PAY1720,10479.42,UPI,23,18-30,M,D***,I***
B1719,P1680,6F192,2025-11-12 11:37:36.952,CANCELLED,1def02f0fc8e24c1b5df4c5bb43f24a11943b7dc1ac2d8b9c1aed7e541572902,29E,M***,b47ee76541828e8be9580440080b1eca757815b550d42bc81340931e38d1f283,INDIGO,CCU,BLR,2026-04-18 12:20:41.703,2026-04-18 16:45:41.703,265.0,0.0,4h 25m,CCU to BLR,1.0,Afternoon (12-17),PAY1532,5781.1,UPI,66,60+,M,I***,I***
B1720,P1322,AI201,2025-11-27 11:37:36.952,CANCELLED,3bd61918e1179f09fb60f2a955ee9bd3e616b6c040de6e848b2dfef852ab090c,27B,K***,0d211e848095eba2377ce10f9101afd4808bc72b150e31c16075718052797d13,AIR INDIA,BLR,CCU,2026-04-18 15:19:41.703,2026-04-18 16:40:41.703,81.0,0.0,1h 21m,BLR to CCU,0.0,Afternoon (12-17),PAY1823,5194.3,NETBANKING,17,Under 18,M,K***,I***
B1721,P1736,SJ126,2026-03-25 11:37:36.952,PENDING,3045ff3cd669af978280e1379cfb2310b98357fb5eaa92e8bb79233d7e84e9d0,21A,L***,a48b7f0bc5341f49b912410e3e1eefbf5b932eed1f9d7ffc0689a0ebb4cc658a,SPICEJET,DEL,BLR,2026-04-18 13:47:41.702,2026-04-18 16:31:41.702,164.0,0.0,2h 44m,DEL to BLR,0.0,Afternoon (12-17),,,,65,60+,F,A***,N***
B1722,P1512,AI177,2026-02-10 11:37:36.952,PENDING,dcdf102206663a0103cd569f11f279c34e9115627a8894331125748b55444c73,5E,K***,333443c35f2d28792226dcfd700ef469a7bd72af4bb19f3dfb54690439823e41,AIR INDIA,CCU,HYD,2026-04-18 14:11:41.703,2026-04-18 16:26:41.703,135.0,0.0,2h 15m,CCU to HYD,0.0,Afternoon (12-17),,,,49,46-60,M,R***,N***
B1723,P1818,AI092,2025-12-23 11:37:36.952,CANCELLED,cff3aae423e5f8e19e7abf39ba191a6bdb380c7ef739d8bb2962f17db6fbb790,26B,A***,67bf4952a37a0e72202516cbccc24cba66e222e494ad296e47aa12731ae72e2f,AIR INDIA,CCU,BOM,2026-04-18 13:36:41.702,2026-04-18 16:20:41.702,164.0,0.0,2h 44m,CCU to BOM,0.0,Afternoon (12-17),,,,73,60+,M,A***,D***
B1724,P1772,6F076,2025-10-10 11:37:36.952,CANCELLED,b324035e572ebb3f5825e6508c9acf2f7a988cabaf8798962bfeb888a6e85e96,11D,H***,f40cc99e87f7bcc0fd7ef598bed047759b073a81221e4cd9605955e97a1dd1ef,INDIGO,CCU,HYD,2026-04-18 15:35:41.702,2026-04-18 16:20:41.702,45.0,0.0,0h 45m,CCU to HYD,0.0,Afternoon (12-17),PAY1051,10484.53,UPI,17,Under 18,M,S***,C***
B1725,P1012,AI185,2025-04-29 11:37:36.952,PENDING,8d13cc988c283cc963c6a90eecc8d83a9a4114521aa499be2bddd8fb90de5c64,1E,M***,196db7ae7990cc8d45aab13a4a685aa5930dc10edcd66137155d453fa9cf711b,AIR INDIA,CCU,BOM,2026-04-18 12:16:41.703,2026-04-18 16:18:41.703,242.0,0.0,4h 2m,CCU to BOM,1.0,Afternoon (12-17),,,,22,18-30,M,A***,P***
B1726,P1914,AI055,2025-05-14 11:37:36.952,CONFIRMED,e2769f13862b293b169de296d3446130ae17c273825f3da5972e1d8f48956c07,2B,B***,c737d134ae607a2e2f7df179dbf7f851ac35146c5e0b391eb4653e04ab805647,AIR INDIA,CCU,BOM,2026-04-18 14:39:41.701,2026-04-18 16:18:41.701,99.0,0.0,1h 39m,CCU to BOM,0.0,Afternoon (12-17),PAY1218,3304.78,NETBANKING,79,60+,M,D***,B***
B1726,P1914,AI055,2025-05-14 11:37:36.952,CONFIRMED,e2769f13862b293b169de296d3446130ae17c273825f3da5972e1d8f48956c07,2B,B***,c737d134ae607a2e2f7df179dbf7f851ac35146c5e0b391eb4653e04ab805647,AIR INDIA,CCU,BOM,2026-04-18 14:39:41.701,2026-04-18 16:18:41.701,99.0,0.0,1h 39m,CCU to BOM,0.0,Afternoon (12-17),PAY1585,7008.67,UPI,79,60+,M,D***,B***
B1727,P1907,6F222,2026-03-15 11:37:36.952,CONFIRMED,28fae7675312d927e510019f8e18f97d9a7eb4651b7f307dc3a917c6fa0aa019,27D,U***,a364bf1d08c02145b7a3eba697c194a2ca313ccfadf7216cdb61216b63beb75c,INDIGO,HYD,MAA,2026-04-18 14:01:41.704,2026-04-18 16:11:41.704,130.0,0.0,2h 10m,HYD to MAA,0.0,Afternoon (12-17),,,,4,Under 18,F,S***,S***
B1728,P1559,AI090,2025-12-12 11:37:36.952,CONFIRMED,4820c182b2918333d54d55c14eac4414d29789727f93b4b2a4c3f7b8f10e3fd0,1C,U***,e5c051299fd08d3104ca58d7fe0514a5f9a4cab4c28b03fc8461d0a073c56c2c,AIR INDIA,MAA,CCU,2026-04-18 13:37:41.702,2026-04-18 16:11:41.702,154.0,0.0,2h 34m,MAA to CCU,0.0,Afternoon (12-17),PAY1402,7592.89,CARD,14,Under 18,F,A***,K***
B1729,P1920,AI183,2025-06-03 11:37:36.952,PENDING,dd97a7a3926b38aea937c485892497d627cc8fee93e1815a1acfc08f290c307c,4F,A***,299dc84c01737eb0d184e437a70241108a407afd3d2d1c1efec2d9a179be31c1,AIR INDIA,DEL,CCU,2026-04-18 14:24:41.703,2026-04-18 16:06:41.703,102.0,0.0,1h 42m,DEL to CCU,0.0,Afternoon (12-17),PAY1914,2726.28,NETBANKING,44,31-45,F,R***,A***
B1730,P1824,AI041,2025-04-29 11:37:36.952,PENDING,679ecebf57757f68a7cb253056f8b423d39f3681d4a95a824f4b2d1a3da09020,25F,A***,3140eea402228812f6ee3daf2b080f44d811d7a6b928f4ad13cd318ee32e6d8e,AIR INDIA,BOM,BLR,2026-04-18 14:08:41.701,2026-04-18 15:59:41.701,111.0,0.0,1h 51m,BOM to BLR,0.0,Afternoon (12-17),,,,48,46-60,M,I***,A***
B1731,P1370,6F210,2025-07-12 11:37:36.952,CONFIRMED,dc4b555013cc5b44b9e8fd1a670b984ab72a9040140aaf8e708f46c7a6f546ca,25F,T***,0f1f9d30fd352bd224b577f7b91a77d8988e3d0c31dd7c7bdbcc2dc14650e5aa,INDIGO,HYD,DEL,2026-04-18 11:51:41.703,2026-04-18 15:58:41.703,247.0,0.0,4h 7m,HYD to DEL,1.0,Morning (09-12),PAY1287,1355.89,CARD,65,60+,F,M***,N***
B1732,P1290,AI170,2026-01-15 11:37:36.952,CONFIRMED,9ea8600935fcc1beb48f62c7a6699a3eaf3d0393115b3304bb90569c35bf5f8a,3A,P***,47766ec2a66baa25084491c059ee919aa0b94b39c827a5244a9be22e5d61d6e9,AIR INDIA,HYD,DEL,2026-04-18 11:27:41.703,2026-04-18 15:50:41.703,263.0,0.0,4h 23m,HYD to DEL,1.0,Morning (09-12),PAY1510,7405.96,NETBANKING,21,18-30,M,A***,M***
B1733,P1331,SJ008,2026-04-16 11:37:36.952,CANCELLED,645140facd9434eea4f289f721803303d09aa5917392c3c4df589510f835c9bf,2E,B***,83dcadabc74b62b985bab5129c0dc2e6fe9da51d3c1a7e0f85812d1a82dbfe86,SPICEJET,HYD,BLR,2026-04-18 10:53:41.701,2026-04-18 15:48:41.701,295.0,0.0,4h 55m,HYD to BLR,1.0,Morning (09-12),PAY1806,10832.74,CARD,60,46-60,F,A***,N***
B1734,P1605,AI049,2025-09-29 11:37:36.952,PENDING,14226f9492b2289981939db28c279228ecae3e282d158ae7f39f6e3ed04d2c12,27E,C***,74a57dfc6e206b51cae1cb56fe491a142ef724d1f621f890ae6c800af9447cb5,AIR INDIA,CCU,MAA,2026-04-18 13:35:41.701,2026-04-18 15:48:41.701,133.0,0.0,2h 13m,CCU to MAA,0.0,Afternoon (12-17),PAY1490,2972.66,CARD,58,46-60,M,A***,K***
B1735,P1260,SJ132,2025-05-12 11:37:36.952,PENDING,2717be87ea9be40ce887d9a5e963bd1c8523eef16d37f94249323c4b08b067fc,34E,C***,7fea79184c277749f9e9bfc597c5f151599678103bae07f04b50267c41715252,SPICEJET,MAA,DEL,2026-04-18 14:44:41.702,2026-04-18 15:36:41.702,52.0,0.0,0h 52m,MAA to DEL,0.0,Afternoon (12-17),PAY1646,10012.48,NETBANKING,32,31-45,M,A***,M***
B1736,P1993,SJ224,2026-01-26 11:37:36.952,CONFIRMED,e73c68215c562f990c5e4a5e8fbf30a6496129dc21935bb6053331725dd49a50,28E,O***,de9b35bb42df6c2b072a17e8aeee90a5b4e4cb941cff204857cb816436ed6830,SPICEJET,DEL,MAA,2026-04-18 12:41:41.703,2026-04-18 15:33:41.703,172.0,0.0,2h 52m,DEL to MAA,0.0,Afternoon (12-17),PAY1020,6802.73,NETBANKING,42,31-45,M,M***,N***
B1736,P1993,SJ224,2026-01-26 11:37:36.952,CONFIRMED,e73c68215c562f990c5e4a5e8fbf30a6496129dc21935bb6053331725dd49a50,28E,O***,de9b35bb42df6c2b072a17e8aeee90a5b4e4cb941cff204857cb816436ed6830,SPICEJET,DEL,MAA,2026-04-18 12:41:41.703,2026-04-18 15:33:41.703,172.0,0.0,2h 52m,DEL to MAA,0.0,Afternoon (12-17),PAY1446,1787.85,CARD,42,31-45,M,M***,N***
B1737,P1789,UK038,2025-06-11 11:37:36.952,CONFIRMED,53572c6d40cddf20b4bb683c88ac81787b8615d0094356c0989bd10fa2754239,1E,D***,79ca9252881db70d55db373c5de5e65661ef7fefc34be19df255f36219738d97,VISTARA,MAA,CCU,2026-04-18 12:22:41.701,2026-04-18 15:31:41.701,189.0,0.0,3h 9m,MAA to CCU,0.0,Afternoon (12-17),PAY1617,12049.41,CARD,4,Under 18,M,A***,G***
B1738,P1870,SJ220,2025-08-14 11:37:36.952,PENDING,d130ab6a4d136cbda900ca401b4b1a77bebac5652a4e20cc8d4ebf2e54f4a0de,27B,X***,854a7571539d19fa13b091a7c877520ef6aed6dc736df29961d6fc927ec6bd02,SPICEJET,BOM,CCU,2026-04-18 13:45:41.703,2026-04-18 15:21:41.703,96.0,0.0,1h 36m,BOM to CCU,0.0,Afternoon (12-17),PAY1001,8457.96,NETBANKING,86,60+,F,R***,P***
B1738,P1870,SJ220,2025-08-14 11:37:36.952,PENDING,d130ab6a4d136cbda900ca401b4b1a77bebac5652a4e20cc8d4ebf2e54f4a0de,27B,X***,854a7571539d19fa13b091a7c877520ef6aed6dc736df29961d6fc927ec6bd02,SPICEJET,BOM,CCU,2026-04-18 13:45:41.703,2026-04-18 15:21:41.703,96.0,0.0,1h 36m,BOM to CCU,0.0,Afternoon (12-17),PAY1150,7204.52,CARD,86,60+,F,R***,P***
B1738,P1870,SJ220,2025-08-14 11:37:36.952,PENDING,d130ab6a4d136cbda900ca401b4b1a77bebac5652a4e20cc8d4ebf2e54f4a0de,27B,X***,854a7571539d19fa13b091a7c877520ef6aed6dc736df29961d6fc927ec6bd02,SPICEJET,BOM,CCU,2026-04-18 13:45:41.703,2026-04-18 15:21:41.703,96.0,0.0,1h 36m,BOM to CCU,0.0,Afternoon (12-17),PAY1978,10340.66,NETBANKING,86,60+,F,R***,P***
B1739,P1204,6F124,2025-06-29 11:37:36.952,CANCELLED,cfe6ec077a436cabe55153e25603146c727bcfb6f79858a25f4e91f547b1638a,34F,A***,679aea4e3a7624d441189c42a9f8d2456508a0b56aae34f48b319efcba1b4ef6,INDIGO,BLR,BOM,2026-04-18 10:47:41.702,2026-04-18 15:21:41.702,274.0,0.0,4h 34m,BLR to BOM,1.0,Morning (09-12),PAY1944,8263.32,UPI,87,60+,M,S***,S***
B1740,P1696,SJ164,2025-11-16 11:37:36.952,CONFIRMED,a4c7ba551f6273813acef5ddf46716dce340f5d9f68e46a5f50215d6bd3a6882,14D,W***,c1cd816a20b381307200f7105dd68567a9223ce9cf8e269ae0501a5543261bd6,SPICEJET,CCU,MAA,2026-04-18 13:14:41.703,2026-04-18 15:14:42.000,120.0,0.0,2h 0m,CCU to MAA,0.0,Afternoon (12-17),,,,27,18-30,M,R***,S***
B1741,P1686,AI026,2025-05-18 11:37:36.952,PENDING,5477a3fd487ad9fc1fe547efb53125cedad1886cc710b4fc0bd1fc649460ce21,18E,B***,e5834d9070aec7bf70f1d89c04c5174a67867f0d5a4fbdd76f191ca341d43d6a,AIR INDIA,DEL,BOM,2026-04-18 14:14:41.701,2026-04-18 15:13:41.701,59.0,0.0,0h 59m,DEL to BOM,0.0,Afternoon (12-17),PAY1343,4483.43,UPI,65,60+,M,I***,K***
B1742,P1949,6F144,2025-09-14 11:37:36.952,PENDING,dd87f7f94b9cc62e985e7bf3a670f06bf47ca7a6d721a45603ff7fcd4d6e487a,16D,A***,a718541df7dccd13d3a8e70f7a09e09809a120cf6fe74204696787450c2b0d40,INDIGO,HYD,BOM,2026-04-18 11:56:41.702,2026-04-18 15:11:41.702,195.0,0.0,3h 15m,HYD to BOM,1.0,Morning (09-12),,,,2,Under 18,M,S***,G***
B1743,P1386,6F137,2025-11-21 11:37:36.952,INVALID,cccdb66b33c5b634c69d44028af3af8356cebf7266a367da887d7608b042696d,6F,W***,81101849a60814107bebeca05d0e3baaaa9e7b30b05a4f394ae5b6f32a98abdd,INDIGO,CCU,DEL,2026-04-18 10:45:41.702,2026-04-18 15:01:41.702,256.0,0.0,4h 16m,CCU to DEL,1.0,Morning (09-12),PAY1295,4062.36,NETBANKING,62,60+,F,R***,G***
B1744,P1891,UK139,2025-09-05 11:37:36.952,CANCELLED,3674cada443e226c50ab2a9ba95173bbc210e47859ac0f39001105c10e31e5d4,10A,R***,8ad2fda069bcf9a9720e3de3d7017c3a8fec74b520808c8aca97e357c06e836e,,,,,,,,,,,,PAY1289,9225.17,CARD,4,Under 18,F,S***,B***
B1745,P1820,UK139,2025-05-20 11:37:36.952,CONFIRMED,7e0c2d701a8e6f3913b6f949a481fb29fdf2e25870408721e1fd372a3403e95a,27B,J***,f680efe00d974355ba9f2efaffcc3d04178017028505647bf1de97071a1d8b93,,,,,,,,,,,,PAY1396,10889.16,NETBANKING,47,46-60,F,M***,B***
B1746,P1467,SJ140,2025-08-31 11:37:36.952,CONFIRMED,49e99a9b3c35ff440ee6b86840caa8dd4fe16c216c37b7f06c179d6437c51a85,34D,Y***,45a9a4e2769a8fbd4ce027ab1621e3f17d3feed34288ed9d663268d058203244,SpiceJet,HYD,DEL,2026-04-18 10:42:41.702,2026-04-18 14:30:41.702,228.0,0.0,3h 48m,HYD to DEL,0.0,Morning (09-12),,,,2,Under 18,M,I***,S***
B1747,P1414,6F131,2025-04-20 11:37:36.952,CONFIRMED,ad8b27e67981716848553a29d2c3bfcb59dc1fce0ff5ebf1b98c0ffdd93e68b6,9F,A***,758faa1423c50688d64eeedd8919ad059a5324cf8997687f75a6e7efabf0a23e,INDIGO,BLR,HYD,2026-04-18 10:22:41.702,2026-04-18 14:20:41.702,238.0,0.0,3h 58m,BLR to HYD,1.0,Morning (09-12),,,,19,18-30,M,M***,S***
B1748,P1068,UK128,2025-11-15 11:37:36.952,PENDING,2eea9d163281a0db7ba40be66c623b51d9adeee90be63be6a2b9a9b8f7225610,9A,U***,7627b8ea82598e33262b213da6ed1986e516828a5566a338728fd913bec857cd,VISTARA,BOM,CCU,2026-04-18 11:22:41.702,2026-04-18 14:11:41.702,169.0,0.0,2h 49m,BOM to CCU,0.0,Morning (09-12),PAY1636,13170.94,UPI,54,46-60,M,S***,B***
B1749,P1471,SJ219,2026-02-19 11:37:36.952,CONFIRMED,f8e4f60c31fba1377ee3f1242f6e4218d99f284990ceb8878a911f4b619b18e9,23D,L***,d3ef3e450580d203f84a970971f4fac7fa69b41397b1db1a6e2f7709c18009c4,SPICEJET,BOM,DEL,2026-04-18 09:32:41.703,2026-04-18 14:09:41.703,277.0,0.0,4h 37m,BOM to DEL,1.0,Morning (09-12),,,,12,Under 18,F,A***,I***
B1750,P1103,SJ159,2025-09-21 11:37:36.952,PENDING,7a472cf548584973fc95a64faa82c28726d5dbb759f8e8d37e5d0441bccf5adc,33D,Z***,5e9d47a0f7e137a750961d8b2ef66e16486472bef4e9cfda20218434ed142ecd,SPICEJET,CCU,DEL,2026-04-18 12:22:41.703,2026-04-18 14:05:41.703,103.0,0.0,1h 43m,CCU to DEL,0.0,Afternoon (12-17),,,,8,Under 18,M,I***,B***
B1751,P1757,UK192,2025-09-19 11:37:36.952,CONFIRMED,d7d8443bc275c03b869ddc5fadf2535f3e047eecedd7e3666d0195bf4ea0fe55,17E,I***,cba7eef3aa8ee2764da6cb0560f91e12762729e5b7ffe69ad70ae9de90099fa7,VISTARA,HYD,DEL,2026-04-18 12:54:41.703,2026-04-18 13:54:42.000,60.0,0.0,1h 0m,HYD to DEL,0.0,Afternoon (12-17),PAY1410,14391.99,UPI,63,60+,M,A***,G***
B1752,P1160,AI014,2025-08-13 11:37:36.952,CANCELLED,b87d23677f3c12c851a646ff3ea1108a6334c81f4aab9db8dd4a1ba204b33d2d,34F,H***,c3087b7354bec1d5fcf4dd0bdb42c21c897c345185b06a921034623a4c7deee8,AIR INDIA,HYD,MAA,2026-04-18 10:24:41.701,2026-04-18 13:51:41.701,207.0,0.0,3h 27m,HYD to MAA,1.0,Morning (09-12),,,,62,60+,F,A***,J***
B1753,P1199,SJ152,2025-08-08 11:37:36.952,CANCELLED,440e079008706c4babf346e135b86b3487ca7d7941e7e5f9e2de489eabd72ff2,5C,H***,0b40c20df3dffeefb22f6c9581982f2ba4713d4f1d1fc98ae51051d20635a7cf,SPICEJET,BOM,DEL,2026-04-18 12:09:41.702,2026-04-18 13:50:41.702,101.0,0.0,1h 41m,BOM to DEL,0.0,Afternoon (12-17),PAY1670,4016.57,UPI,81,60+,F,A***,P***
B1754,P1215,SJ060,2026-02-11 11:37:36.952,PENDING,b2d2f98652625358bab70d3bf82ba410339b3108e240c45f3124448375e46cbf,3C,K***,79116e94f057c48ed500f4a30fb3d463707aef005f57a75580ee79383792d38f,SPICEJET,HYD,CCU,2026-04-18 08:51:41.701,2026-04-18 13:46:41.701,295.0,0.0,4h 55m,HYD to CCU,1.0,Early Morning (05-09),PAY1741,12013.34,UPI,75,60+,M,I***,N***
B1755,P1945,AI127,2026-02-17 11:37:36.952,CANCELLED,5a618aa3966097519642ef79288ecb1941470342dce26758306d7fbb6985d36c,10F,I***,a5b35065c538f5f7a1b22f50a8002f02e3285806621ff646992c4afe1a64d2e3,AIR INDIA,DEL,HYD,2026-04-18 10:37:41.702,2026-04-18 13:45:41.702,188.0,0.0,3h 8m,DEL to HYD,0.0,Morning (09-12),PAY1028,4760.39,CARD,44,31-45,M,R***,V***
B1756,P1211,SJ096,2026-01-27 11:37:36.952,PENDING,b6d29018324de0ad75caa557fa4d368826debc869d7df0be218ca806c15c3173,11F,P***,f926f150583628a4507f4f378d3ec75fca3392857e2a51e5f24de68d88b58ed9,SpiceJet,DEL,HYD,2026-04-18 10:29:41.702,2026-04-18 13:45:41.702,196.0,0.0,3h 16m,DEL to HYD,0.0,Morning (09-12),,,,70,60+,F,I***,A***
B1757,P1507,AI215,2025-04-24 11:37:36.952,PENDING,ac0e2bf68bd343c69cd1d6ee6c5876ff2745e4f10b0d74f9e3317574914254f2,22B,V***,a5c9761fb6d3956a2ad5c82f3e285c4171d9e53df22599346796bc502ec0a91e,AIR INDIA,BLR,DEL,2026-04-18 12:07:41.703,2026-04-18 13:43:41.703,96.0,0.0,1h 36m,BLR to DEL,0.0,Afternoon (12-17),PAY1630,1608.39,CARD,36,31-45,F,A***,K***
B1758,P1015,UK009,2026-02-28 11:37:36.952,CANCELLED,91a84071b3a436ee1b22640f58d11baff1f5766da5038050d625e9c980af3eaa,26B,K***,770167265205cf3f267fa1a18df2c38d12a6a768854a51923d9dec38734eb229,VISTARA,BOM,DEL,2026-04-18 11:34:41.701,2026-04-18 13:41:41.701,127.0,0.0,2h 7m,BOM to DEL,0.0,Morning (09-12),PAY1502,8260.94,NETBANKING,88,60+,F,A***,V***
B1759,P1497,AI171,2025-10-26 11:37:36.952,PENDING,c22e774ad4fe49498dc0501ff40a1d80fd3fdbbf5081246838d554a8bfb102b8,16F,T***,fa667ef2c643df4ed8976a0f1b2a79d52bef70985e4865583e5db66c308f6b71,AIR INDIA,MAA,BLR,2026-04-18 10:51:41.703,2026-04-18 13:34:41.703,163.0,0.0,2h 43m,MAA to BLR,0.0,Morning (09-12),PAY1619,2656.83,UPI,74,60+,M,I***,N***
B1759,P1497,AI171,2025-10-26 11:37:36.952,PENDING,c22e774ad4fe49498dc0501ff40a1d80fd3fdbbf5081246838d554a8bfb102b8,16F,T***,fa667ef2c643df4ed8976a0f1b2a79d52bef70985e4865583e5db66c308f6b71,AIR INDIA,MAA,BLR,2026-04-18 10:51:41.703,2026-04-18 13:34:41.703,163.0,0.0,2h 43m,MAA to BLR,0.0,Morning (09-12),PAY1820,8269.17,UPI,74,60+,M,I***,N***
B1760,P1883,UK151,2026-01-14 11:37:36.952,CANCELLED,5312c199dd23436998bb1251529e90b234f3f00580c61e9c5151e9d5af6d3574,31B,C***,9b936171beb51750ce389c7296d4c1b9ebf53f9eeb1ee2ed4b87f2c644fa5a0f,,,,,,,,,,,,PAY1070,12133.03,NETBANKING,59,46-60,M,R***,C***
B1761,P1331,AI099,2025-05-22 11:37:36.952,CONFIRMED,35aa19085a142b5772d2b89b49637df5c527bd56498ae889a9054a223e604d63,15A,C***,28210e964c41fc142cb66df8acb078b7de3bc0501f68db0cd5c457155af7756c,AIR INDIA,BLR,BOM,2026-04-18 11:07:41.702,2026-04-18 13:29:41.702,142.0,0.0,2h 22m,BLR to BOM,0.0,Morning (09-12),PAY1158,13916.72,UPI,60,46-60,F,A***,N***
B1761,P1331,AI099,2025-05-22 11:37:36.952,CONFIRMED,35aa19085a142b5772d2b89b49637df5c527bd56498ae889a9054a223e604d63,15A,C***,28210e964c41fc142cb66df8acb078b7de3bc0501f68db0cd5c457155af7756c,AIR INDIA,BLR,BOM,2026-04-18 11:07:41.702,2026-04-18 13:29:41.702,142.0,0.0,2h 22m,BLR to BOM,0.0,Morning (09-12),PAY1293,5266.12,NETBANKING,60,46-60,F,A***,N***
B1761,P1331,AI099,2025-05-22 11:37:36.952,CONFIRMED,35aa19085a142b5772d2b89b49637df5c527bd56498ae889a9054a223e604d63,15A,C***,28210e964c41fc142cb66df8acb078b7de3bc0501f68db0cd5c457155af7756c,AIR INDIA,BLR,BOM,2026-04-18 11:07:41.702,2026-04-18 13:29:41.702,142.0,0.0,2h 22m,BLR to BOM,0.0,Morning (09-12),PAY1420,12083.73,CARD,60,46-60,F,A***,N***
B1761,P1331,AI099,2025-05-22 11:37:36.952,CONFIRMED,35aa19085a142b5772d2b89b49637df5c527bd56498ae889a9054a223e604d63,15A,C***,28210e964c41fc142cb66df8acb078b7de3bc0501f68db0cd5c457155af7756c,AIR INDIA,BLR,BOM,2026-04-18 11:07:41.702,2026-04-18 13:29:41.702,142.0,0.0,2h 22m,BLR to BOM,0.0,Morning (09-12),PAY1846,4405.82,NETBANKING,60,46-60,F,A***,N***
B1762,P1716,UK050,2025-06-04 11:37:36.952,CONFIRMED,20ac3e8f85bed87939438906b2025660f49a60c4ae14f690cc794ea1e812f9b7,32B,B***,a981653b2b58cec22b090408c23c28aa2fb75b15e7f20e89334e14836cbb13d0,VISTARA,BOM,DEL,2026-04-18 12:39:41.701,2026-04-18 13:18:41.701,39.0,0.0,0h 39m,BOM to DEL,0.0,Afternoon (12-17),PAY1292,2987.06,UPI,85,60+,F,S***,M***
B1762,P1716,UK050,2025-06-04 11:37:36.952,CONFIRMED,20ac3e8f85bed87939438906b2025660f49a60c4ae14f690cc794ea1e812f9b7,32B,B***,a981653b2b58cec22b090408c23c28aa2fb75b15e7f20e89334e14836cbb13d0,VISTARA,BOM,DEL,2026-04-18 12:39:41.701,2026-04-18 13:18:41.701,39.0,0.0,0h 39m,BOM to DEL,0.0,Afternoon (12-17),PAY1374,10910.07,NETBANKING,85,60+,F,S***,M***
B1763,P1876,UK092,2025-10-06 11:37:36.952,CANCELLED,f6400483a17d45ac2f4e3b3f5252b68034673910bae3567b39f82aaa452aace9,3B,D***,64fe0f12603fcf076a69fa1a0b1f34fccb069fcfe866c13855eeb01791c1e6ef,VISTARA,MAA,BLR,2026-04-18 11:42:41.702,2026-04-18 13:17:41.702,95.0,0.0,1h 35m,MAA to BLR,0.0,Morning (09-12),,,,41,31-45,M,A***,G***
B1764,P1550,SJ058,2025-06-20 11:37:36.952,CANCELLED,49e91fbe9d87fbe5415279f5cb45322904b9571d60d3dce90549e3ed26ae7a23,13B,M***,2a59b22419c6483fe88ea2e3b8b39da1fbeb60dfbb0902de1a2b63a4b1738787,SPICEJET,DEL,HYD,2026-04-18 08:58:41.701,2026-04-18 13:14:41.701,256.0,0.0,4h 16m,DEL to HYD,1.0,Early Morning (05-09),PAY1624,10528.45,NETBANKING,53,46-60,F,I***,A***
B1765,P1600,SJ090,2025-12-21 11:37:36.952,CANCELLED,baedd747d2440454d45a9bc61ead1d5608c8b2bc0520f02aef8df058ca781c05,1C,Z***,96fa3bbe0046538547500aff57d13d54d18481af5091b90073e8e350bad2288d,SPICEJET,HYD,MAA,2026-04-18 10:24:41.702,2026-04-18 13:11:41.702,167.0,0.0,2h 47m,HYD to MAA,0.0,Morning (09-12),PAY1057,10025.41,UPI,19,18-30,F,S***,A***
B1765,P1600,SJ090,2025-12-21 11:37:36.952,CANCELLED,baedd747d2440454d45a9bc61ead1d5608c8b2bc0520f02aef8df058ca781c05,1C,Z***,96fa3bbe0046538547500aff57d13d54d18481af5091b90073e8e350bad2288d,SPICEJET,HYD,MAA,2026-04-18 10:24:41.702,2026-04-18 13:11:41.702,167.0,0.0,2h 47m,HYD to MAA,0.0,Morning (09-12),PAY1399,13900.07,NETBANKING,19,18-30,F,S***,A***
B1766,P1941,6F173,2025-09-07 11:37:36.952,CANCELLED,d8c51d86b98f4c3733edfb6573896e6391418213710526c8b3e2574959c61db1,1F,R***,dca0d89582a3d27fcbcf3dee709b04610b35f8842d5d74c745387d2f30650a5e,INDIGO,BOM,CCU,2026-04-18 12:19:41.703,2026-04-18 13:08:41.703,49.0,0.0,0h 49m,BOM to CCU,0.0,Afternoon (12-17),,,,10,Under 18,M,R***,N***
B1767,P1255,AI186,2025-11-19 11:37:36.952,CONFIRMED,ac25fca5226b47d63b8c704d84931746dde34146a0a2fb1f3ebe03af8f917c69,6D,I***,def304a8e7273a6d634fa351f3e67b1a05d0fc31f0fb792730a2f797cd651bd9,AIR INDIA,DEL,BOM,2026-04-18 11:11:41.703,2026-04-18 13:05:41.703,114.0,0.0,1h 54m,DEL to BOM,0.0,Morning (09-12),PAY1037,5997.12,UPI,1,Under 18,M,A***,C***
B1767,P1255,AI186,2025-11-19 11:37:36.952,CONFIRMED,ac25fca5226b47d63b8c704d84931746dde34146a0a2fb1f3ebe03af8f917c69,6D,I***,def304a8e7273a6d634fa351f3e67b1a05d0fc31f0fb792730a2f797cd651bd9,AIR INDIA,DEL,BOM,2026-04-18 11:11:41.703,2026-04-18 13:05:41.703,114.0,0.0,1h 54m,DEL to BOM,0.0,Morning (09-12),PAY1536,4465.09,UPI,1,Under 18,M,A***,C***
B1768,P1991,AI130,2026-03-23 11:37:36.952,PENDING,5424e98ccd8633394568ab005a36060d6fca4aac30446507453d5da9818e2578,13C,G***,b20717dd5f63dcefc8ce2d10e2e260025a3d890ba74f3cb3051dc9f6e161ef70,AIR INDIA,BOM,BLR,2026-04-18 10:18:41.702,2026-04-18 12:59:41.702,161.0,0.0,2h 41m,BOM to BLR,0.0,Morning (09-12),PAY1939,2835.7,NETBANKING,4,Under 18,F,A***,S***
B1769,P1765,SJ111,2025-11-23 11:37:36.952,INVALID,37af3aef83817bba26afe23a5a75a673944ed1f39979b4ee62c4cbc88c3d74e0,6F,J***,0e37cb2a1e0d6ec036ecd6ef0a7f5abdb6d7d0e0272f6efd4d5b996a9ab825dc,SPICEJET,DEL,MAA,2026-04-18 11:47:41.702,2026-04-18 12:59:41.702,72.0,0.0,1h 12m,DEL to MAA,0.0,Morning (09-12),PAY1804,1168.88,CARD,5,Under 18,F,S***,G***
B1769,P1765,SJ111,2025-11-23 11:37:36.952,INVALID,37af3aef83817bba26afe23a5a75a673944ed1f39979b4ee62c4cbc88c3d74e0,6F,J***,0e37cb2a1e0d6ec036ecd6ef0a7f5abdb6d7d0e0272f6efd4d5b996a9ab825dc,SPICEJET,DEL,MAA,2026-04-18 11:47:41.702,2026-04-18 12:59:41.702,72.0,0.0,1h 12m,DEL to MAA,0.0,Morning (09-12),PAY1861,1296.41,UPI,5,Under 18,F,S***,G***
B1770,P1727,6F203,2025-08-04 11:37:36.952,CONFIRMED,b93e51070828a6b94a626c04459ebfe1b57d8fd8713a69328e2c542a1cf16d63,8D,R***,8f1c50f44bba7eea6610959dcee2ad426ca900bf8f8306b7578c8c98c3f3a3c1,INDIGO,BLR,HYD,2026-04-18 11:05:41.703,2026-04-18 12:56:41.703,111.0,0.0,1h 51m,BLR to HYD,0.0,Morning (09-12),,,,34,31-45,M,A***,d***
B1771,P1879,6F138,2025-05-24 11:37:36.952,PENDING,eaec117e24deedb2a7ee7408575b7eab11a604589c75a65093c8d4c10a858e5b,1F,R***,d0463c4f6495d938747f1ea451a86a982899530f3ce33b65579a3915b0587627,INDIGO,HYD,BLR,2026-04-18 09:49:41.702,2026-04-18 12:53:41.702,184.0,0.0,3h 4m,HYD to BLR,0.0,Morning (09-12),PAY1943,6761.89,NETBANKING,26,18-30,F,A***,K***
B1772,P1814,6F109,2025-08-29 11:37:36.952,NAN,53d8cb010e6e882af352260736903f36e14e2bc295a63c972976ced7849f5344,10B,H***,139a40578cde52e7fca6e8f95bac0e272af31a872f4d077bb90efae532a7cb7e,INDIGO,BLR,BOM,2026-04-18 12:00:41.702,2026-04-18 12:51:41.702,51.0,0.0,0h 51m,BLR to BOM,0.0,Afternoon (12-17),,,,49,46-60,F,R***,P***
B1773,P1171,AI074,2026-01-01 11:37:36.952,PENDING,f731800e3b7831e3801b8a0832f0c5a77a2a9b4fa72c5d24670fceac4abf6ad0,16E,W***,1de12140d475996438b46e1c28dd0a6694dbfa6d0f9dde2e7e16544f99ae0895,AIR INDIA,CCU,BOM,2026-04-18 12:03:41.702,2026-04-18 12:50:41.702,47.0,0.0,0h 47m,CCU to BOM,0.0,Afternoon (12-17),PAY1176,11699.42,NETBANKING,62,60+,M,I***,B***
B1774,P1648,UK161,2026-01-07 11:37:36.952,CANCELLED,950f2e181af67a6a214de79f0463706ced58b1b0e9ef069c897d5a777ea02e83,1B,J***,6fb21b88303a1c4739e296475e25406c3b2a4e3d0629b8fe10ec95164383a85e,VISTARA,BLR,BOM,2026-04-18 10:05:41.703,2026-04-18 12:48:41.703,163.0,0.0,2h 43m,BLR to BOM,0.0,Morning (09-12),,,,12,Under 18,M,A***,A***
B1775,P1999,AI008,2025-06-19 11:37:36.952,CANCELLED,d86446acfaa1fcf1f53389602b414005e2e448da848fe0d865cced9c0656b265,14B,A***,877753767b1077e5879c7ab91feb720a5d064e09aa59083d55602a38ee2e1ea6,AIR INDIA,BOM,CCU,2026-04-18 10:43:41.701,2026-04-18 12:43:42.000,120.0,0.0,2h 0m,BOM to CCU,0.0,Morning (09-12),PAY1442,13185.54,UPI,14,Under 18,F,A***,P***
B1776,P1497,UK121,2025-12-27 11:37:36.952,CANCELLED,9cf0489b07c9316d6a8e48b4240f2ab201984cd9799af501397e5db06772118e,17A,P***,8f50f3f8dc9909cbb8fd23e5fad97e20d8952afdc3ee11c4e9a22c961b99bd01,VISTARA,BLR,BOM,2026-04-18 08:36:41.702,2026-04-18 12:36:41.702,240.0,0.0,4h 0m,BLR to BOM,1.0,Early Morning (05-09),PAY1632,8385.89,CARD,74,60+,M,I***,N***
B1776,P1497,UK121,2025-12-27 11:37:36.952,CANCELLED,9cf0489b07c9316d6a8e48b4240f2ab201984cd9799af501397e5db06772118e,17A,P***,8f50f3f8dc9909cbb8fd23e5fad97e20d8952afdc3ee11c4e9a22c961b99bd01,VISTARA,BLR,BOM,2026-04-18 08:36:41.702,2026-04-18 12:36:41.702,240.0,0.0,4h 0m,BLR to BOM,1.0,Early Morning (05-09),PAY1703,8306.25,UPI,74,60+,M,I***,N***
B1777,P1470,6F154,2025-04-26 11:37:36.952,CONFIRMED,6df849bbfddbac7bad0d7c8ab83e7fdb31f91bdfab08dc7a3347b51259af1fba,11A,Q***,9036009bf1625628f315ab9802b67e2f00cabc627b16328215d11781f393fc38,INDIGO,CCU,DEL,2026-04-18 11:26:41.703,2026-04-18 12:23:41.703,57.0,0.0,0h 57m,CCU to DEL,0.0,Morning (09-12),PAY1270,9927.3,UPI,24,18-30,M,M***,K***
B1778,P1383,6F161,2025-08-01 11:37:36.952,CONFIRMED,223f5abf7a0a87a0ffeeb3e4670ba93e619a3fc877f0612cae53f2bf358f874b,10D,C***,28acc9531eaba7dedc0b473bbb5f560878030403e1b65fdfba0bf32a76b4c1ca,INDIGO,MAA,DEL,2026-04-18 11:24:41.703,2026-04-18 12:21:41.703,57.0,0.0,0h 57m,MAA to DEL,0.0,Morning (09-12),,,,25,18-30,M,A***,N***
B1779,P1689,6F153,2026-02-01 11:37:36.952,PENDING,968527f06f04ee536b599f6a07916659f5811245ba54d6b2204c418ea63680e9,22B,H***,8adaa4bcee91d52f145e9129f425228b32bdab2cc6252e0e4ab1c016b401f49b,INDIGO,CCU,BLR,2026-04-18 08:23:41.703,2026-04-18 12:20:41.703,237.0,0.0,3h 57m,CCU to BLR,1.0,Early Morning (05-09),PAY1405,8876.97,UPI,11,Under 18,F,I***,P***
B1780,P1588,6F225,2026-02-10 11:37:36.952,PENDING,b555597dc15789c310ee99f8503b7957780b5440778a1f88aa55404ee0826780,11B,F***,fa0ded9744983217fb880550ea4837b0a68d28d036de36dc599c46aa4a48b76f,INDIGO,HYD,CCU,2026-04-18 07:33:41.704,2026-04-18 12:12:41.704,279.0,0.0,4h 39m,HYD to CCU,1.0,Early Morning (05-09),,,,71,60+,M,S***,S***
B1781,P1699,AI191,2026-02-09 11:37:36.952,PENDING,570c21d194c79f08897dfc10dfdbdd4621a13953339489d6ffa5ed60b34bcee4,18C,D***,191b42c2fe056f2a4a5d2969754b8b06a3b6c3209eab079d2b172bd75094db55,AIR INDIA,BLR,MAA,2026-04-18 07:57:41.703,2026-04-18 11:58:41.703,241.0,0.0,4h 1m,BLR to MAA,1.0,Early Morning (05-09),,,,33,31-45,M,V***,A***
B1782,P1506,AI218,2025-08-18 11:37:36.952,CONFIRMED,e556ad087974df8fa1874b5c602c0190a02e704e31bfb652701bd088fd6b15d2,25F,P***,81c5118f3dfd01a73a3d8d0b1881a0599da10b75a6a2d1b0fe939b666a284dd0,AIR INDIA,BOM,CCU,2026-04-18 08:55:41.703,2026-04-18 11:55:41.703,180.0,0.0,3h 0m,BOM to CCU,0.0,Early Morning (05-09),PAY1511,4755.95,NETBANKING,21,18-30,F,D***,G***
B1783,P1991,6F267,2025-09-28 11:37:36.952,PENDING,668162ef2ad32fb4ff687417c0760361dee3513f288ed009cafb2fa383ef0cf6,25D,S***,966accc634a00886d60f0c738276379d62ce607ea66c8dead8fc8a3d8848e514,IndiGo,DEL,MAA,2026-04-18 07:56:41.703,2026-04-18 11:49:41.703,233.0,0.0,3h 53m,DEL to MAA,0.0,Early Morning (05-09),PAY1556,8201.65,NETBANKING,4,Under 18,F,A***,S***
B1784,P1526,UK125,2025-08-20 11:37:36.952,CANCELLED,46e34207910ff9919063e0933670f7c3bc063d8b4b93bb06215ff6b6f25af511,1B,S***,bb62c9dc2f859069b50ca80e767a8bb766f836c40e9ce9843d184ca0d8b70a50,VISTARA,HYD,BOM,2026-04-18 06:58:41.702,2026-04-18 11:44:41.702,286.0,0.0,4h 46m,HYD to BOM,1.0,Early Morning (05-09),PAY1562,1577.5,UPI,62,60+,M,S***,S***
B1785,P1803,6F208,2025-08-19 11:37:36.952,PENDING,a63cb89c1b12e6186142fdcec2c128174be7b6091c94112234e8c632327d12f1,1B,I***,96de2bbb27e241cd6653a733f273a10f97a9588d6d4b9bd4adeb5a542fad8668,INDIGO,CCU,BOM,2026-04-18 08:27:41.703,2026-04-18 11:34:41.703,187.0,0.0,3h 7m,CCU to BOM,0.0,Early Morning (05-09),PAY1265,2489.15,UPI,82,60+,F,K***,S***
B1786,P1830,6F119,2026-02-12 11:37:36.952,CANCELLED,86b3101f372c364e49c15dd5546432470ceb62c165a040f78f983bea1e7061db,26B,A***,3ad8ee24aec3db9713268107ad244a2c9e2b4250182d05588f25e606fa3a863e,INDIGO,DEL,BOM,2026-04-18 09:19:41.702,2026-04-18 11:33:41.702,134.0,0.0,2h 14m,DEL to BOM,0.0,Morning (09-12),PAY1977,14801.3,CARD,8,Under 18,M,M***,J***
B1787,P1324,AI063,2025-07-11 11:37:36.952,CONFIRMED,7207f83eaa553e5679e28408abe601defc9e072849f0679b59e39834a64cd1fd,1E,F***,1a50fda51e8389a54efbec75ffafedd5b4386c043f0688d89d5cf983cec111f6,AIR INDIA,HYD,BLR,2026-04-18 07:03:41.701,2026-04-18 11:26:41.701,263.0,0.0,4h 23m,HYD to BLR,1.0,Early Morning (05-09),PAY1040,4567.25,CARD,30,18-30,F,S***,N***
B1787,P1324,AI063,2025-07-11 11:37:36.952,CONFIRMED,7207f83eaa553e5679e28408abe601defc9e072849f0679b59e39834a64cd1fd,1E,F***,1a50fda51e8389a54efbec75ffafedd5b4386c043f0688d89d5cf983cec111f6,AIR INDIA,HYD,BLR,2026-04-18 07:03:41.701,2026-04-18 11:26:41.701,263.0,0.0,4h 23m,HYD to BLR,1.0,Early Morning (05-09),PAY1203,6253.45,UPI,30,18-30,F,S***,N***
B1787,P1324,AI063,2025-07-11 11:37:36.952,CONFIRMED,7207f83eaa553e5679e28408abe601defc9e072849f0679b59e39834a64cd1fd,1E,F***,1a50fda51e8389a54efbec75ffafedd5b4386c043f0688d89d5cf983cec111f6,AIR INDIA,HYD,BLR,2026-04-18 07:03:41.701,2026-04-18 11:26:41.701,263.0,0.0,4h 23m,HYD to BLR,1.0,Early Morning (05-09),PAY1869,2509.98,CARD,30,18-30,F,S***,N***
B1788,P1213,UK016,2025-06-05 11:37:36.952,CANCELLED,1c695c76e2c31c49595c69ad55f60a9425226c33c283a96747d0d49928c320ae,2B,J***,ddf560502d3d4e3f439c5e632b52c4781ddb76da294cc071180ffd081ea9fec2,VISTARA,DEL,CCU,2026-04-18 10:42:41.701,2026-04-18 11:22:41.701,40.0,0.0,0h 40m,DEL to CCU,0.0,Morning (09-12),,,,68,60+,F,S***,P***
B1789,P1207,6F048,2026-01-13 11:37:36.952,CANCELLED,a478037bd835c6f2e3921e9cda4e0b9f39aeb5392d4531d0a38b7f3cd5a4bc4f,30F,N***,b736f4dba5fb6182e2b8677e49f793ed64ec0bb8d177d3eef0471b7cadc25864,INDIGO,HYD,DEL,2026-04-18 10:27:41.701,2026-04-18 11:18:41.701,51.0,0.0,0h 51m,HYD to DEL,0.0,Morning (09-12),PAY1650,11758.27,NETBANKING,2,Under 18,F,S***,G***
B1790,P1168,6F266,2025-04-23 11:37:36.952,CANCELLED,3d1e2598eb54131a68547fb9f9931278c714eb509e9d5e1ab26b80979765d634,28A,L***,060543c003f766c9843b259ff80934bcf44f808ac6fbabf7da24502ebe39dff1,IndiGo,CCU,MAA,2026-04-18 09:49:41.703,2026-04-18 11:17:41.703,88.0,0.0,1h 28m,CCU to MAA,0.0,Morning (09-12),PAY1144,1700.5,CARD,62,60+,F,M***,A***
B1790,P1168,6F266,2025-04-23 11:37:36.952,CANCELLED,3d1e2598eb54131a68547fb9f9931278c714eb509e9d5e1ab26b80979765d634,28A,L***,060543c003f766c9843b259ff80934bcf44f808ac6fbabf7da24502ebe39dff1,IndiGo,CCU,MAA,2026-04-18 09:49:41.703,2026-04-18 11:17:41.703,88.0,0.0,1h 28m,CCU to MAA,0.0,Morning (09-12),PAY1425,3271.3,CARD,62,60+,F,M***,A***
B1791,P1329,AI167,2026-02-24 11:37:36.952,CONFIRMED,94a9d359cb3536d7f5837c839cfd9176fb370e9cb2caa3c7d0755fa72eac5360,3C,B***,4e18384f351f2f65bbdbafea4900a8cf56a3ce5764837603524b0f71c0a30881,AIR INDIA,BLR,DEL,2026-04-18 06:43:41.703,2026-04-18 11:10:41.703,267.0,0.0,4h 27m,BLR to DEL,1.0,Early Morning (05-09),,,,46,46-60,F,A***,S***
B1792,P1279,6F165,2026-01-17 11:37:36.952,CONFIRMED,5573f37d887de2a1e631d4aa9cb369db10a7b9e35a6a7b010f19df418098155e,8E,E***,494c294822e09828c01167f142cd62e0aa72776ff44dc37502a6731bebeb791a,INDIGO,BLR,BOM,2026-04-18 10:11:41.703,2026-04-18 11:09:41.703,58.0,0.0,0h 58m,BLR to BOM,0.0,Morning (09-12),,,,82,60+,M,I***,R***
B1793,P1977,SJ104,2025-11-25 11:37:36.952,CONFIRMED,3cd8ab87c49d552f369f4035489aa02be5118c4f5723f06afc2599710df0b707,14C,J***,15edd44ec5b1899e939d4f37232f9fd796361c2e9e05d52d959b51f53b618ce7,SPICEJET,HYD,DEL,2026-04-18 10:00:41.702,2026-04-18 11:00:42.000,60.0,0.0,1h 0m,HYD to DEL,0.0,Morning (09-12),PAY1294,12515.25,NETBANKING,64,60+,M,S***,J***
B1794,P1304,UK160,2025-06-26 11:37:36.952,CONFIRMED,72eb089b64fca4ab366c9030dd8a595cf3ae5f847ede0027a3aab1a4c60a96f6,8D,L***,7b4b5ff174803a9437ad7295b2edbfddcfbc13f9a1c21edee2754b1b7d9c2818,VISTARA,BLR,BOM,2026-04-18 06:42:41.703,2026-04-18 10:58:41.703,256.0,0.0,4h 16m,BLR to BOM,1.0,Early Morning (05-09),,,,38,31-45,F,M***,K***
B1795,P1145,UK160,2026-03-21 11:37:36.952,PENDING,b4c40007ba9bcc5a9118ead214eedd98c0f66a6fb74ee48c9bd9b53ebc38cc33,9C,M***,068b6009f28625464556dfab9514ab05b238bd51b5229c151b60c0ea5b3c44f9,VISTARA,BLR,BOM,2026-04-18 06:42:41.703,2026-04-18 10:58:41.703,256.0,0.0,4h 16m,BLR to BOM,1.0,Early Morning (05-09),PAY1045,11714.65,CARD,4,Under 18,F,A***,P***
B1796,P1774,SJ230,2025-11-28 11:37:36.952,CONFIRMED,c325d86bc67e2b3cde32dbd4639bcb2deb783b867c93f77131ab3438439b0d6d,9B,K***,8eeb952f700badbfa24598543465657d7decd3305d0a1bb517392e5924a82198,SPICEJET,BOM,CCU,2026-04-18 06:22:41.704,2026-04-18 10:57:41.704,275.0,0.0,4h 35m,BOM to CCU,1.0,Early Morning (05-09),,,,88,60+,F,A***,G***
B1797,P1515,AI042,2025-06-03 11:37:36.952,CANCELLED,f536707c3ce94fcf473e3438a4dbf881f2df83156343a0ded48d3b653e5f85c4,1A,S***,2bd6110c8623c62018faf7be152518296b6fd63acfa9f55157676314962e84a6,AIR INDIA,CCU,DEL,2026-04-18 09:53:41.701,2026-04-18 10:57:41.701,64.0,0.0,1h 4m,CCU to DEL,0.0,Morning (09-12),,,,24,18-30,M,I***,I***
B1798,P1089,UK197,2025-05-16 11:37:36.952,CONFIRMED,530755906c6f1f418297cdc9d4980f0a330193b4c11c5fa588c716c0429f0948,23E,L***,18d669885fc940fec77f90d3aa944a5b39f56fb2d3fe0b4e6f999db4766d6ded,VISTARA,BLR,HYD,2026-04-18 09:22:41.703,2026-04-18 10:54:41.703,92.0,0.0,1h 32m,BLR to HYD,0.0,Morning (09-12),PAY1535,14793.78,UPI,24,18-30,M,I***,M***
B1799,P1452,AI107,2026-02-05 11:37:36.952,PENDING,530ff13adf89263a9684fc4c6929bea7cbc0d65ea92450827582f876a61aad44,16E,J***,a1cdea35fbd0d9935803d723b67aaba42eabbfe5fc78ae22fe5e1a1aedaeadd0,AIR INDIA,HYD,CCU,2026-04-18 10:03:41.702,2026-04-18 10:49:41.702,46.0,0.0,0h 46m,HYD to CCU,0.0,Morning (09-12),,,,33,31-45,F,A***,N***
B1800,P1059,SJ128,2025-08-22 11:37:36.952,PENDING,6557605243a4de70178b66f8fc0e4222675bc1d5a15d08a634a430e323d69ee6,7F,D***,896324e326557dee69d7e30ed1546df60c99b669a94842eb78c67dc733368fef,SPICEJET,CCU,BLR,2026-04-18 07:39:41.702,2026-04-18 10:42:41.702,183.0,0.0,3h 3m,CCU to BLR,0.0,Early Morning (05-09),PAY1335,4478.56,NETBANKING,47,46-60,F,I***,B***
B1801,P1310,6F121,2026-04-14 11:37:36.952,PENDING,c7d9720cb21b4d3ea45d36638570f25d2296fa3f3c8a021041ea5282bbaf65a8,34F,Z***,66bcd0836eca28757d88744ed381402318b9a46a1a73ba84bb89eaefa6e6c5bc,INDIGO,HYD,MAA,2026-04-18 05:44:41.702,2026-04-18 10:42:41.702,298.0,0.0,4h 58m,HYD to MAA,1.0,Early Morning (05-09),,,,21,18-30,F,A***,S***
B1802,P1527,AI111,2025-06-30 11:37:36.952,INVALID,981d3274191b231d56819b93a403586f7432604e0a22d7f5e904ff6908f382cc,16B,A***,3018e1e7b3ab8226cb939ee3f400f6f1cd1dadc425189ea60a3ee8a94f59ae24,AIR INDIA,MAA,CCU,2026-04-18 07:40:41.702,2026-04-18 10:39:41.702,179.0,0.0,2h 59m,MAA to CCU,0.0,Early Morning (05-09),PAY1054,2072.55,UPI,84,60+,F,A***,M***
B1803,P1226,SJ137,2026-02-21 11:37:36.952,CONFIRMED,4c4eefbd55ef3d4904435cd5e7c7fbbbda995d8a241673f68887489253121b56,24F,X***,c17ce8d692ede0c0e6ffb53d194a34298328e2eb38685b3fc226c8f02970606b,SPICEJET,CCU,DEL,2026-04-18 06:08:41.702,2026-04-18 10:14:41.702,246.0,0.0,4h 6m,CCU to DEL,1.0,Early Morning (05-09),PAY1965,5663.2,UPI,59,46-60,F,K***,C***
B1804,P1473,AI232,2025-11-12 11:37:36.952,CONFIRMED,c22370050bf484390d2fcc37d5dccedfcf3e2048a3cd12514b0e5844271fd389,1F,L***,998c1bdc19a6771f5ec3daede863e5108f60f26da8d2b2f853c04f616c13f1df,AIR INDIA,DEL,BLR,2026-04-18 06:43:41.704,2026-04-18 10:13:41.704,210.0,0.0,3h 30m,DEL to BLR,0.0,Early Morning (05-09),PAY1881,9496.04,UPI,35,31-45,M,V***,S***
B1805,P1977,SJ113,2025-10-26 11:37:36.952,CONFIRMED,8f96d2f364ab571ba4e1a8e26fa100890a2c58ebe9943a9fcfe36286a36a5795,14B,A***,bb4159d4123f2931eaf484294aff94e48d2d2d1c8da80777264600303af81cf7,SPICEJET,BLR,BOM,2026-04-18 08:10:41.702,2026-04-18 10:10:42.000,120.0,0.0,2h 0m,BLR to BOM,0.0,Early Morning (05-09),,,,64,60+,M,S***,J***
B1806,P1540,AI117,2025-08-02 11:37:36.952,CANCELLED,35d532d6bde1849db78dbabfe28bcf1b0acf366ea6dd2678d03ce20f0424d569,17A,S***,4c67593e6119bf99b57a88a88bc186efb0180db074de186bb9eaab5099e967fd,AIR INDIA,HYD,BLR,2026-04-18 08:18:41.702,2026-04-18 10:09:41.702,111.0,0.0,1h 51m,HYD to BLR,0.0,Early Morning (05-09),PAY1686,14488.78,NETBANKING,28,18-30,F,K***,K***
B1807,P1662,6F185,2025-06-28 11:37:36.952,CANCELLED,00eb908485c1bc24721d03afa3823b16d5a847f3207760578a623774b630386d,12C,B***,9e8227339212831400f06f70a3e2fd252925e2618fa5073f522407b8175a979f,INDIGO,CCU,DEL,2026-04-18 07:49:41.703,2026-04-18 10:08:41.703,139.0,0.0,2h 19m,CCU to DEL,0.0,Early Morning (05-09),PAY1188,1759.8,UPI,41,31-45,F,I***,V***
B1808,P1756,AI194,2026-01-26 11:37:36.952,PENDING,b48d2e6f5f2abb24e26d02e906ba80ffbeccd91789f7983d502348ba79fa2b78,3B,R***,059b33fc0b4493383519753f50bb7bd192bef546e19973fb431541ef85e7b9fb,AIR INDIA,MAA,BLR,2026-04-18 05:09:41.703,2026-04-18 09:38:41.703,269.0,0.0,4h 29m,MAA to BLR,1.0,Early Morning (05-09),,,,51,46-60,F,I***,N***
B1809,P1781,UK045,2026-04-09 11:37:36.952,PENDING,90c6472f6b051af6029c98063310b0b1e74c57dd613e894b62c37d4503ee0317,13B,K***,d197fdf520d485fac0ec39528858751591f236cdc149059f8d90ce2157dab87d,VISTARA,MAA,HYD,2026-04-18 07:43:41.701,2026-04-18 09:28:41.701,105.0,0.0,1h 45m,MAA to HYD,0.0,Early Morning (05-09),PAY1770,2114.98,CARD,43,31-45,M,A***,S***
B1810,P1078,6F228,2026-03-20 11:37:36.952,CONFIRMED,d0ed9c503d7ab5c42ac593656678f1407282995e7eec54e1c3d3842b88a6e2d4,34B,S***,e987bc71ceaeab8ef7847518dea0d87807ae39029829c73e1faa4d93e87fec92,INDIGO,HYD,MAA,2026-04-18 04:36:41.704,2026-04-18 09:27:41.704,291.0,0.0,4h 51m,HYD to MAA,1.0,Night (21-05),,,,48,46-60,M,R***,R***
B1811,P1432,SJ190,2026-04-04 11:37:36.952,CANCELLED,a95d9846090a3fddb57b529f025e286b0922dd04e77da1e18e27d5aaedf96a2b,25A,S***,48a27f8ba629d32cad3e3f4ddd70c97e60fc77e9b840e94362172df0494e16af,SPICEJET,BOM,CCU,2026-04-18 04:57:41.703,2026-04-18 09:25:41.703,268.0,0.0,4h 28m,BOM to CCU,1.0,Night (21-05),PAY1202,9625.29,NETBANKING,69,60+,F,S***,C***
B1812,P1800,AI156,2026-01-06 11:37:36.952,CANCELLED,c5721efc9bd60fe57fbe2851f2ea1dc13adaf0c8922cc7a5684b469c5a6b0125,8A,E***,fadaa55bb2421956808becde0cb07810cee8615130c48edf4ab08eade68f5122,AIR INDIA,CCU,BOM,2026-04-18 07:39:41.703,2026-04-18 09:22:41.703,103.0,0.0,1h 43m,CCU to BOM,0.0,Early Morning (05-09),PAY1192,1736.99,UPI,19,18-30,M,R***,J***
B1813,P1152,AI104,2025-04-21 11:37:36.952,INVALID,7bc9d143de5be7a3c10b8e2fba34d5b38fb00f960b1fba1c6867c714abf9051e,9D,D***,6aa58e7abd782960fbf9e3b6a8d8ab932437ad71bc79fcdc5e7c6a024892e136,AIR INDIA,MAA,HYD,2026-04-18 07:35:41.702,2026-04-18 09:20:41.702,105.0,0.0,1h 45m,MAA to HYD,0.0,Early Morning (05-09),,,,32,31-45,M,D***,J***
B1814,P1788,UK033,2025-06-22 11:37:36.952,CONFIRMED,f24033cec7147368387001122f388283de9531490e061095d5a9fbd7277aaf45,26C,C***,8bb2d71681a0e5b8dc5f73841e20935a5e500f9c215f9526a69f388ed717c6d0,VISTARA,HYD,DEL,2026-04-18 04:34:41.701,2026-04-18 09:18:41.701,284.0,0.0,4h 44m,HYD to DEL,1.0,Night (21-05),PAY1142,8653.51,UPI,8,Under 18,F,R***,M***
B1814,P1788,UK033,2025-06-22 11:37:36.952,CONFIRMED,f24033cec7147368387001122f388283de9531490e061095d5a9fbd7277aaf45,26C,C***,8bb2d71681a0e5b8dc5f73841e20935a5e500f9c215f9526a69f388ed717c6d0,VISTARA,HYD,DEL,2026-04-18 04:34:41.701,2026-04-18 09:18:41.701,284.0,0.0,4h 44m,HYD to DEL,1.0,Night (21-05),PAY1702,1286.68,UPI,8,Under 18,F,R***,M***
B1815,P1400,UK137,2025-05-01 11:37:36.952,PENDING,ea7bb33df177a57179a07979c5757e686cf1cfcd5b7bb72576f9d16c358ead3e,3C,O***,27798f34af076100e97923c67a02c80716271c5c3533e25f20453a00db331c0b,VISTARA,BOM,MAA,2026-04-18 07:04:41.703,2026-04-18 09:14:41.703,130.0,0.0,2h 10m,BOM to MAA,0.0,Early Morning (05-09),PAY1667,4905.53,NETBANKING,60,46-60,M,S***,A***
B1815,P1400,UK137,2025-05-01 11:37:36.952,PENDING,ea7bb33df177a57179a07979c5757e686cf1cfcd5b7bb72576f9d16c358ead3e,3C,O***,27798f34af076100e97923c67a02c80716271c5c3533e25f20453a00db331c0b,VISTARA,BOM,MAA,2026-04-18 07:04:41.703,2026-04-18 09:14:41.703,130.0,0.0,2h 10m,BOM to MAA,0.0,Early Morning (05-09),PAY1794,1450.31,UPI,60,46-60,M,S***,A***
B1816,P1278,UK214,2025-06-21 11:37:36.952,PENDING,fc9a2202ab5c017e27b6fece3d3130b0c9a0ba97513587dd4db8c56a73234cee,20F,Y***,1dffd9dc9b400d9f93731836f91b18d5e96270ce0ece5505fccf3d5937368c15,VISTARA,HYD,DEL,2026-04-18 05:30:41.704,2026-04-18 09:10:41.704,220.0,0.0,3h 40m,HYD to DEL,0.0,Early Morning (05-09),PAY1879,4762.94,UPI,18,18-30,M,A***,N***
B1817,P1056,6F033,2025-06-07 11:37:36.952,PENDING,e708c18973ee371ec967508138aa402bcc9f5984bdb996e502bf2eddad05332a,28D,J***,74e82ce781fbe5f23dfeb35d839e8b2c7adf8b1a3a60808868d7e63236763a81,INDIGO,DEL,HYD,2026-04-18 07:08:41.701,2026-04-18 09:08:41.701,120.0,0.0,2h 0m,DEL to HYD,0.0,Early Morning (05-09),PAY1544,11252.26,NETBANKING,71,60+,F,S***,D***
B1817,P1056,6F033,2025-06-07 11:37:36.952,PENDING,e708c18973ee371ec967508138aa402bcc9f5984bdb996e502bf2eddad05332a,28D,J***,74e82ce781fbe5f23dfeb35d839e8b2c7adf8b1a3a60808868d7e63236763a81,INDIGO,DEL,HYD,2026-04-18 07:08:41.701,2026-04-18 09:08:41.701,120.0,0.0,2h 0m,DEL to HYD,0.0,Early Morning (05-09),PAY1637,7766.36,CARD,71,60+,F,S***,D***
B1818,P1976,AI114,2025-11-07 11:37:36.952,CONFIRMED,423abeaf2ba9eab1d9af4eac51482b5d9ab0fa31167628c9e624fcda7e44e9ff,26B,L***,db454f3fc9e5ce2efb7e9a634cda2c15758ef593ab540d8163dfd3af47b22c35,AIR INDIA,CCU,DEL,2026-04-18 07:48:41.702,2026-04-18 09:03:41.702,75.0,0.0,1h 15m,CCU to DEL,0.0,Early Morning (05-09),PAY1025,4317.72,NETBANKING,60,46-60,M,R***,K***
B1819,P1185,AI017,2026-01-19 11:37:36.952,CONFIRMED,b33c798bd1d394f02f15c72478ab10d0d5de7883375aca7c85b3c8dd1bcc0b2e,21E,W***,652ab8f7c06585afcd50f3fe448e7c84af9cc52a1d6abb806d87fd86328f8f00,AIR INDIA,CCU,BOM,2026-04-18 05:15:41.701,2026-04-18 08:48:41.701,213.0,0.0,3h 33m,CCU to BOM,0.0,Early Morning (05-09),,,,24,18-30,M,A***,K***
B1820,P1397,6F244,2025-12-01 11:37:36.952,PENDING,eae0728c52f4f0c5d515ecdb86ab9fd0a241935a7b7462458e345c0ce8ba557e,18E,J***,81f42232411ac4ae44f11f43dd6666ac05cda304bfdc76a4a3dbe9fd7e9f3a01,INDIGO,MAA,CCU,2026-04-18 07:07:41.704,2026-04-18 08:31:41.704,84.0,0.0,1h 24m,MAA to CCU,0.0,Early Morning (05-09),PAY1123,7609.63,UPI,60,46-60,M,I***,P***
B1820,P1397,6F244,2025-12-01 11:37:36.952,PENDING,eae0728c52f4f0c5d515ecdb86ab9fd0a241935a7b7462458e345c0ce8ba557e,18E,J***,81f42232411ac4ae44f11f43dd6666ac05cda304bfdc76a4a3dbe9fd7e9f3a01,INDIGO,MAA,CCU,2026-04-18 07:07:41.704,2026-04-18 08:31:41.704,84.0,0.0,1h 24m,MAA to CCU,0.0,Early Morning (05-09),PAY1901,14865.24,UPI,60,46-60,M,I***,P***
B1821,P1604,6F160,2025-11-27 11:37:36.952,PENDING,ee12e9f8b3b55ffa319eb8154372ae59ba7ffebdde101fda22907d3f9bac1a7d,1C,U***,e8564f398c9a46a8622ad9185a2ed720da2ad8557bd546b096dc4a5133a70395,INDIGO,MAA,BLR,2026-04-18 04:09:41.703,2026-04-18 08:26:41.703,257.0,0.0,4h 17m,MAA to BLR,1.0,Night (21-05),PAY1513,5390.05,UPI,13,Under 18,F,R***,M***
B1822,P1787,6F088,2026-01-05 11:37:36.952,CANCELLED,e0499f854d7dc8358b72e959384639ab7db8358c1d32f2a5e2be1465332ba890,17D,G***,586c8708d7d8b1b51b731399631c43b9875c2afd10f9fcc50b3a29323a85d92f,INDIGO,CCU,BLR,2026-04-18 05:51:41.702,2026-04-18 08:22:41.702,151.0,0.0,2h 31m,CCU to BLR,0.0,Early Morning (05-09),PAY1391,7545.61,NETBANKING,16,Under 18,F,R***,M***
B1823,P1157,6F155,2025-11-26 11:37:36.952,CANCELLED,e15da9eab19fa77b2746aaf3c187465e39cbc7dde01451caedec4b929b416147,19E,D***,f48b2e5e8298a93ff28d8984b6004aa61147b72b0b1e380cdda3dc0c54d66d65,INDIGO,DEL,BLR,2026-04-18 07:47:41.703,2026-04-18 08:20:41.703,33.0,0.0,0h 33m,DEL to BLR,0.0,Early Morning (05-09),PAY1349,7854.23,UPI,66,60+,M,A***,A***
B1824,P1786,AI095,2026-04-15 11:37:36.952,PENDING,6582d9dea6f693c332db204ff91d6678283ed9a5097044dd2637a035ef64b0f2,9B,V***,167227be0e1c32ac4ccae0e236bc89b8f5c00cd77ce14befd3f5a950149e9215,AIR INDIA,DEL,MAA,2026-04-18 05:00:41.702,2026-04-18 08:18:41.702,198.0,0.0,3h 18m,DEL to MAA,0.0,Early Morning (05-09),PAY1452,10599.9,CARD,75,60+,M,K***,V***
B1825,P1692,6F139,2025-05-17 11:37:36.952,PENDING,d8b8403d4831321bd2fcf1475be4f6376b1a02eca30d77f19d3db6c29aba3d0b,5E,N***,3fe0140a81911e98ef58d814f043486e1c478af139b0b426c52344ee53f53861,INDIGO,HYD,MAA,2026-04-18 04:55:41.702,2026-04-18 08:17:41.702,202.0,0.0,3h 22m,HYD to MAA,0.0,Night (21-05),PAY1733,5950.28,CARD,63,60+,F,S***,V***
B1826,P1358,6F101,2025-07-11 11:37:36.952,CANCELLED,ba8bd8c7b08a2af739236fc0639f8411a23f29119f4adba32af0bf3332bf5379,19A,E***,8e9e73cf9f43e28e5eb81006c30a9df6e0f6de3dfeeeacf26b434c4b88447fc1,INDIGO,BOM,MAA,2026-04-18 03:18:41.702,2026-04-18 08:15:41.702,297.0,0.0,4h 57m,BOM to MAA,1.0,Night (21-05),PAY1413,5128.12,CARD,42,31-45,F,I***,B***
B1827,P1439,AI054,2025-06-23 11:37:36.952,PENDING,6e915dc5f5586f5701896d62a38dcaebeb1db6906cc691872218415b98ece955,20D,E***,ff8907a4326dd3ee212cf6b46546309f5332b9ed896a916b406b9bc6b50b97d8,AIR INDIA,HYD,CCU,2026-04-18 03:44:41.701,2026-04-18 08:10:41.701,266.0,0.0,4h 26m,HYD to CCU,1.0,Night (21-05),PAY1427,12661.75,UPI,86,60+,M,A***,K***
B1827,P1439,AI054,2025-06-23 11:37:36.952,PENDING,6e915dc5f5586f5701896d62a38dcaebeb1db6906cc691872218415b98ece955,20D,E***,ff8907a4326dd3ee212cf6b46546309f5332b9ed896a916b406b9bc6b50b97d8,AIR INDIA,HYD,CCU,2026-04-18 03:44:41.701,2026-04-18 08:10:41.701,266.0,0.0,4h 26m,HYD to CCU,1.0,Night (21-05),PAY1783,13802.23,NETBANKING,86,60+,M,A***,K***
B1828,P1588,SJ094,2025-05-18 11:37:36.952,CANCELLED,894f98dc09e18a135e03fe952629400831ad0847e1d81559c25c05d13ccec5bb,25B,S***,46d98b2b6f6f1a660da4e88189856c159f6ca7cf1f504c6af0ebff1a42f22a9d,SPICEJET,MAA,HYD,2026-04-18 03:23:41.702,2026-04-18 08:07:41.702,284.0,0.0,4h 44m,MAA to HYD,1.0,Night (21-05),PAY1226,9418.44,UPI,71,60+,M,S***,S***
B1829,P1465,6F217,2026-01-15 11:37:36.952,CANCELLED,a914ce8852dd74fc7f23065ce01e7a0a3c00462189a25fb50957819070df62d8,4E,Z***,8ca6e559d8af822734b02c2024e85f216b7389ee0aa1550c512ff55560650d49,INDIGO,BLR,BOM,2026-04-18 05:13:41.704,2026-04-18 08:01:41.704,168.0,0.0,2h 48m,BLR to BOM,0.0,Early Morning (05-09),PAY1470,4847.06,CARD,24,18-30,M,V***,C***
B1830,P1662,6F100,2026-04-15 11:37:36.952,CANCELLED,3ade08a92f8d39fbfb799137477da0e232871f35e99fad46cf75030b65e6f25d,23C,K***,306a3d522e73a604dbe6c3c805d3b713d5d9cae36f166f5a21b156844423d248,INDIGO,BOM,BLR,2026-04-18 04:40:41.702,2026-04-18 07:49:41.702,189.0,0.0,3h 9m,BOM to BLR,0.0,Night (21-05),PAY1303,12651.33,CARD,41,31-45,F,I***,V***
B1831,P1445,6F081,2026-02-05 11:37:36.952,CONFIRMED,1ac73df6cbd55ff12d7b873feee12524c47d62294d43d63438d67602b0728cc7,21C,K***,1c3cdc7227e7ab62e2d7c9b623625645079c6f5c1def602bf9c389aa27b2bd54,INDIGO,MAA,BLR,2026-04-18 06:04:41.702,2026-04-18 07:43:41.702,99.0,0.0,1h 39m,MAA to BLR,0.0,Early Morning (05-09),PAY1063,12421.49,CARD,62,60+,F,D***,N***
B1831,P1445,6F081,2026-02-05 11:37:36.952,CONFIRMED,1ac73df6cbd55ff12d7b873feee12524c47d62294d43d63438d67602b0728cc7,21C,K***,1c3cdc7227e7ab62e2d7c9b623625645079c6f5c1def602bf9c389aa27b2bd54,INDIGO,MAA,BLR,2026-04-18 06:04:41.702,2026-04-18 07:43:41.702,99.0,0.0,1h 39m,MAA to BLR,0.0,Early Morning (05-09),PAY1713,13574.02,CARD,62,60+,F,D***,N***
B1832,P1749,SJ156,2025-06-17 11:37:36.952,CONFIRMED,f1e6c37ade8286e2ec727c1b12dde33ace9afbce6af3d029131ae936472beb35,4D,Y***,29d12597fc48b65a0df2c534134ae563907cf7a27b8e6c7e1a4c9887d13b5128,SPICEJET,BOM,DEL,2026-04-18 06:59:41.703,2026-04-18 07:34:41.703,35.0,0.0,0h 35m,BOM to DEL,0.0,Early Morning (05-09),PAY1645,11197.41,NETBANKING,38,31-45,M,S***,A***
B1833,P1800,6F060,2025-06-07 11:37:36.952,PENDING,59cacd7ad3b4c7cbaed144d082c726259cf7ef77a5815d65263ccf5b7f852d8d,27D,J***,be2c1525843cfb828d2db1eeabbc81a04aba26b4ad2d46ec97d8992b4b58e60a,INDIGO,DEL,BLR,2026-04-18 05:29:41.701,2026-04-18 07:29:42.000,120.0,0.0,2h 0m,DEL to BLR,0.0,Early Morning (05-09),PAY1862,5872.19,UPI,19,18-30,M,R***,J***
B1834,P1742,UK129,2025-08-14 11:37:36.952,CANCELLED,69686d0a848b614c89d17bf48f3dc90fb44d602d1826422883bc8f24e7884516,33E,M***,282bbd3b597f72c90ca6dea8d25f07da1e47c838e7281c7155a3309de7cfa843,VISTARA,HYD,MAA,2026-04-18 06:29:41.702,2026-04-18 07:29:42.000,60.0,0.0,1h 0m,HYD to MAA,0.0,Early Morning (05-09),PAY1958,7570.53,NETBANKING,23,18-30,M,A***,M***
B1835,P1487,UK032,2026-02-07 11:37:36.952,CONFIRMED,9b47d8e7a472054aaa9203706a5ffce065f05682fd01ae9b26f88bf9f44e5fcd,2E,N***,df6d52743af2bb295bed561a26896ccd9bee22f8e913366dede532f4d9164eb9,VISTARA,BLR,BOM,2026-04-18 03:31:41.701,2026-04-18 07:28:41.701,237.0,0.0,3h 57m,BLR to BOM,1.0,Night (21-05),,,,29,18-30,M,I***,B***
B1836,P1529,AI166,2025-09-23 11:37:36.952,PENDING,16f90cd1a58ed29f99f641de11f839ae022cc884b472d8a4cf4ae3e42545c2df,13A,E***,a475edf1a109264a19a88416ec7d9dd186ba395159f07859faf528ab47be4674,AIR INDIA,BOM,CCU,2026-04-18 04:20:41.703,2026-04-18 07:23:41.703,183.0,0.0,3h 3m,BOM to CCU,0.0,Night (21-05),,,,86,60+,M,K***,S***
B1837,P1072,SJ056,2025-10-31 11:37:36.952,PENDING,28cd28093ea44bea7f156f7c79f708085e58d9ab49ee4fa43b4ad718f6d9f17c,22F,H***,15556a4898506a1fcf4b29331ad30984a783a92f5ec5a5ca6b2de36c801c5703,SPICEJET,HYD,DEL,2026-04-18 06:11:41.701,2026-04-18 07:10:41.701,59.0,0.0,0h 59m,HYD to DEL,0.0,Early Morning (05-09),PAY1697,14269.72,UPI,18,18-30,M,K***,B***
B1837,P1072,SJ056,2025-10-31 11:37:36.952,PENDING,28cd28093ea44bea7f156f7c79f708085e58d9ab49ee4fa43b4ad718f6d9f17c,22F,H***,15556a4898506a1fcf4b29331ad30984a783a92f5ec5a5ca6b2de36c801c5703,SPICEJET,HYD,DEL,2026-04-18 06:11:41.701,2026-04-18 07:10:41.701,59.0,0.0,0h 59m,HYD to DEL,0.0,Early Morning (05-09),PAY1772,14270.18,NETBANKING,18,18-30,M,K***,B***
B1837,P1072,SJ056,2025-10-31 11:37:36.952,PENDING,28cd28093ea44bea7f156f7c79f708085e58d9ab49ee4fa43b4ad718f6d9f17c,22F,H***,15556a4898506a1fcf4b29331ad30984a783a92f5ec5a5ca6b2de36c801c5703,SPICEJET,HYD,DEL,2026-04-18 06:11:41.701,2026-04-18 07:10:41.701,59.0,0.0,0h 59m,HYD to DEL,0.0,Early Morning (05-09),PAY1996,10803.01,NETBANKING,18,18-30,M,K***,B***
B1838,P1928,SJ101,2025-06-12 11:37:36.952,PENDING,d2f977a15ce85a92dd6602053b6ce9aa1b3c8c6c034b9b650a9a419daf8c4400,18F,B***,66cfbfeca9c7bb42eaee5199fe66f7c26593001cc9f14076dbcc7bdb8fbe8ba6,SPICEJET,CCU,DEL,2026-04-18 05:17:41.702,2026-04-18 06:57:41.702,100.0,0.0,1h 40m,CCU to DEL,0.0,Early Morning (05-09),,,,12,Under 18,M,S***,A***
B1839,P1927,SJ065,2025-05-09 11:37:36.952,PENDING,a6f51429270ed4ce150c95496932020208a8106b4b60b43f1cc1688fdbdc4bc8,9C,Z***,e5e07a8a94dd53d8d03f628ae1aa45063431785bc1faa7b28f05cde29c71e93b,SPICEJET,MAA,BLR,2026-04-18 04:10:41.701,2026-04-18 06:54:41.701,164.0,0.0,2h 44m,MAA to BLR,0.0,Night (21-05),PAY1041,11811.63,UPI,20,18-30,F,S***,R***
B1839,P1927,SJ065,2025-05-09 11:37:36.952,PENDING,a6f51429270ed4ce150c95496932020208a8106b4b60b43f1cc1688fdbdc4bc8,9C,Z***,e5e07a8a94dd53d8d03f628ae1aa45063431785bc1faa7b28f05cde29c71e93b,SPICEJET,MAA,BLR,2026-04-18 04:10:41.701,2026-04-18 06:54:41.701,164.0,0.0,2h 44m,MAA to BLR,0.0,Night (21-05),PAY1304,4984.54,CARD,20,18-30,F,S***,R***
B1840,P1700,SJ100,2025-04-19 11:37:36.952,PENDING,a5f24f3279fe95cf71be8f9bcf1602c8471b14017f26057725ee692574bb10f8,34A,A***,13a3571d46b97cca142a81aa19bfa40b013c763b55fdca5b535342e896d58075,SPICEJET,MAA,BLR,2026-04-18 03:28:41.702,2026-04-18 06:50:41.702,202.0,0.0,3h 22m,MAA to BLR,0.0,Night (21-05),PAY1042,7085.2,CARD,1,Under 18,F,K***,P***
B1841,P1949,UK011,2025-10-24 11:37:36.952,CANCELLED,5bb13e7be7c0a5dcade5a1b1d7c361f312b2a98990f0897d8327a1303708a614,1E,C***,8e0f7390ae2abc4535682581d1ce625604eb370ff8c2cee4ea60bb5d9b98e539,VISTARA,CCU,DEL,2026-04-18 04:41:41.701,2026-04-18 06:25:41.701,104.0,0.0,1h 44m,CCU to DEL,0.0,Night (21-05),,,,2,Under 18,M,S***,G***
B1842,P1016,6F062,2026-02-17 11:37:36.952,PENDING,18c1fe46e663cfb4277d3af3c4710055812aa8387837b22583ac02fdd1f38d3d,3B,G***,cd445352194c396b2020c7990fe0f19350a1c8f25fb4548050887fbb21df9c21,INDIGO,CCU,DEL,2026-04-18 04:55:41.701,2026-04-18 06:22:41.701,87.0,0.0,1h 27m,CCU to DEL,0.0,Night (21-05),PAY1319,1998.52,UPI,30,18-30,M,V***,N***
B1842,P1016,6F062,2026-02-17 11:37:36.952,PENDING,18c1fe46e663cfb4277d3af3c4710055812aa8387837b22583ac02fdd1f38d3d,3B,G***,cd445352194c396b2020c7990fe0f19350a1c8f25fb4548050887fbb21df9c21,INDIGO,CCU,DEL,2026-04-18 04:55:41.701,2026-04-18 06:22:41.701,87.0,0.0,1h 27m,CCU to DEL,0.0,Night (21-05),PAY1873,7815.3,NETBANKING,30,18-30,M,V***,N***
B1843,P1530,SJ176,2025-08-15 11:37:36.952,CANCELLED,0d571b91684e200b8b553045f74e28a727bb15702637ffa6a2d38e6ccdc5185a,23E,O***,551ec47ee4f24bf6cde7849ba3398fe9adf2a6204b527bc854580996c496cd04,SPICEJET,DEL,BOM,2026-04-18 04:15:41.703,2026-04-18 06:17:41.703,122.0,0.0,2h 2m,DEL to BOM,0.0,Night (21-05),PAY1314,4159.73,CARD,13,Under 18,M,R***,P***
B1843,P1530,SJ176,2025-08-15 11:37:36.952,CANCELLED,0d571b91684e200b8b553045f74e28a727bb15702637ffa6a2d38e6ccdc5185a,23E,O***,551ec47ee4f24bf6cde7849ba3398fe9adf2a6204b527bc854580996c496cd04,SPICEJET,DEL,BOM,2026-04-18 04:15:41.703,2026-04-18 06:17:41.703,122.0,0.0,2h 2m,DEL to BOM,0.0,Night (21-05),PAY1558,1488.32,UPI,13,Under 18,M,R***,P***
B1844,P1730,6F120,2025-11-26 11:37:36.952,CONFIRMED,ea3622c8f93c72cc693b119902f2b243a9bafe169f38d113423f038a2e14f048,3B,O***,970b49b62480b62c44de64523deb8b01b28644ce6e9dcb51ea698e40f8be64d5,INDIGO,BLR,BOM,2026-04-18 05:14:41.702,2026-04-18 06:14:41.702,60.0,0.0,1h 0m,BLR to BOM,0.0,Early Morning (05-09),PAY1938,7078.61,NETBANKING,26,18-30,M,M***,P***
B1845,P1325,AI121,2026-03-05 11:37:36.952,PENDING,2ff98a0c0b90882f7b1a1198547fa25e3c6934879bbc7a8b41acf51c52fe1771,24A,B***,eb5568f97f0ec73b650a23c9665585fd396319176d164d7718fcdd45301c020e,AIR INDIA,HYD,MAA,2026-04-18 02:42:41.702,2026-04-18 06:11:41.702,209.0,0.0,3h 29m,HYD to MAA,1.0,Night (21-05),PAY1364,3147.85,UPI,46,46-60,M,A***,B***
B1846,P1994,UK072,2025-08-30 11:37:36.952,CONFIRMED,297913e2dcb1f6b036bab79c5e8f8669651abbf8791c1512d9efaa076e42313f,34F,F***,cbf089729662ce23b6f9429fb0c3f04564f09e45ccf47c63a1d46418526a1625,VISTARA,BOM,BLR,2026-04-18 02:55:41.702,2026-04-18 05:55:42.000,180.0,0.0,3h 0m,BOM to BLR,0.0,Night (21-05),PAY1338,8100.01,UPI,89,60+,F,D***,K***
B1847,P1631,AI006,2026-04-06 11:37:36.952,CANCELLED,28d19996b69519c279f4cb1532f3a7421eba612ff18a3aad0a14e73397383f55,11B,A***,e0980baab2f55b7df0a4b69e8772b97f959568f97b4b1e6a30d095b239b78334,AIR INDIA,BOM,BLR,2026-04-18 03:04:41.701,2026-04-18 05:54:41.701,170.0,0.0,2h 50m,BOM to BLR,0.0,Night (21-05),PAY1222,10999.02,UPI,36,31-45,F,M***,D***
B1848,P1612,SJ231,2025-05-19 11:37:36.952,CANCELLED,7b1ca67c66156c53e97310f57ab15a20ac27903e6781da79a6e3ae392d831c8e,30D,O***,10642d220748423745363cc505b718755104beca5185d3ec75931017f3252745,SPICEJET,DEL,BLR,2026-04-18 04:23:41.704,2026-04-18 05:48:41.704,85.0,0.0,1h 25m,DEL to BLR,0.0,Night (21-05),PAY1014,1779.42,UPI,77,60+,F,A***,P***
B1848,P1612,SJ231,2025-05-19 11:37:36.952,CANCELLED,7b1ca67c66156c53e97310f57ab15a20ac27903e6781da79a6e3ae392d831c8e,30D,O***,10642d220748423745363cc505b718755104beca5185d3ec75931017f3252745,SPICEJET,DEL,BLR,2026-04-18 04:23:41.704,2026-04-18 05:48:41.704,85.0,0.0,1h 25m,DEL to BLR,0.0,Night (21-05),PAY1401,4902.58,UPI,77,60+,F,A***,P***
B1849,P1545,SJ129,2025-06-24 11:37:36.952,INVALID,d8c2ecfa8f0f4ce96a97e6917f899f9867cc7d804c4d21d809c7da2d8e2a668f,12E,W***,1482dd329040ec4dea59398fd2e9b7021e8000c38e9813c5aab1614c8a0a3504,SPICEJET,CCU,BOM,2026-04-18 01:48:41.702,2026-04-18 05:48:41.702,240.0,0.0,4h 0m,CCU to BOM,1.0,Night (21-05),,,,69,60+,M,S***,R***
B1850,P1595,6F110,2025-04-21 11:37:36.952,PENDING,37df6ca38e4127394f40c536ed1e44b6bb00c24d0d246c9472863a3158e23b9e,33B,C***,5f6ea3fce0e666bd513caae1c7e590fb7189888199cc043964e7f25ba5ab235b,INDIGO,HYD,DEL,2026-04-18 02:27:41.702,2026-04-18 05:48:41.702,201.0,0.0,3h 21m,HYD to DEL,0.0,Night (21-05),PAY1072,7542.02,CARD,19,18-30,M,R***,M***
B1850,P1595,6F110,2025-04-21 11:37:36.952,PENDING,37df6ca38e4127394f40c536ed1e44b6bb00c24d0d246c9472863a3158e23b9e,33B,C***,5f6ea3fce0e666bd513caae1c7e590fb7189888199cc043964e7f25ba5ab235b,INDIGO,HYD,DEL,2026-04-18 02:27:41.702,2026-04-18 05:48:41.702,201.0,0.0,3h 21m,HYD to DEL,0.0,Night (21-05),PAY1995,14670.86,NETBANKING,19,18-30,M,R***,M***
B1851,P1920,6F231,2025-11-26 11:37:36.952,PENDING,8d7a02dfa2f24708dfc916ea20720aae7af6e54e5047b855ff27f64ddc6f24e6,2D,Y***,4353eaa91a0e61bdcc9d6b54c7bf853e4febc95dd2e4a511d78d5b87720aea30,INDIGO,HYD,MAA,2026-04-18 01:16:41.704,2026-04-18 05:43:41.704,267.0,0.0,4h 27m,HYD to MAA,1.0,Night (21-05),,,,44,31-45,F,R***,A***
B1852,P1707,6F095,2025-08-09 11:37:36.952,CONFIRMED,10067620b64a1a0f11cdd7c2207c4c7d8f419d8a3fb8071bbf9d4c3d1bdc3dfe,33E,C***,9b633da423e119ad507d88430318fb626c794d5ae429cf5b88e742c207456b49,INDIGO,BLR,MAA,2026-04-18 01:53:41.702,2026-04-18 05:34:41.702,221.0,0.0,3h 41m,BLR to MAA,0.0,Night (21-05),PAY1560,2491.83,CARD,3,Under 18,M,S***,D***
B1853,P1841,UK054,2025-05-05 11:37:36.952,CONFIRMED,8308f93f575b7278d42ef9214ef679cdf0882acc471fbfd4f3d2ff73a2bb5151,18F,E***,cb774e6f03a4cd4f51fca368079a3171756ec01ae2c80ada03ed490e6c817d9a,VISTARA,BLR,BOM,2026-04-18 00:37:41.701,2026-04-18 05:30:41.701,293.0,0.0,4h 53m,BLR to BOM,1.0,Night (21-05),PAY1711,8948.88,NETBANKING,2,Under 18,M,D***,D***
B1854,P1201,SJ123,2025-08-10 11:37:36.952,CONFIRMED,7d93e0273e921394c4147e82d95a2e4476d0004c6c3ce16e96f1e3d47f2b3216,29D,N***,6738c2e70f86aa20658287554fbc20c832baf8dbee4f6e9302e739989629217b,SPICEJET,BOM,CCU,2026-04-18 03:57:41.702,2026-04-18 05:25:41.702,88.0,0.0,1h 28m,BOM to CCU,0.0,Night (21-05),PAY1309,6004.76,NETBANKING,2,Under 18,F,M***,R***
B1854,P1201,SJ123,2025-08-10 11:37:36.952,CONFIRMED,7d93e0273e921394c4147e82d95a2e4476d0004c6c3ce16e96f1e3d47f2b3216,29D,N***,6738c2e70f86aa20658287554fbc20c832baf8dbee4f6e9302e739989629217b,SPICEJET,BOM,CCU,2026-04-18 03:57:41.702,2026-04-18 05:25:41.702,88.0,0.0,1h 28m,BOM to CCU,0.0,Night (21-05),PAY1486,14521.74,UPI,2,Under 18,F,M***,R***
B1854,P1201,SJ123,2025-08-10 11:37:36.952,CONFIRMED,7d93e0273e921394c4147e82d95a2e4476d0004c6c3ce16e96f1e3d47f2b3216,29D,N***,6738c2e70f86aa20658287554fbc20c832baf8dbee4f6e9302e739989629217b,SPICEJET,BOM,CCU,2026-04-18 03:57:41.702,2026-04-18 05:25:41.702,88.0,0.0,1h 28m,BOM to CCU,0.0,Night (21-05),PAY1554,10538.38,NETBANKING,2,Under 18,F,M***,R***
B1854,P1201,SJ123,2025-08-10 11:37:36.952,CONFIRMED,7d93e0273e921394c4147e82d95a2e4476d0004c6c3ce16e96f1e3d47f2b3216,29D,N***,6738c2e70f86aa20658287554fbc20c832baf8dbee4f6e9302e739989629217b,SPICEJET,BOM,CCU,2026-04-18 03:57:41.702,2026-04-18 05:25:41.702,88.0,0.0,1h 28m,BOM to CCU,0.0,Night (21-05),PAY1725,2278.95,UPI,2,Under 18,F,M***,R***
B1855,P1343,6F006,2026-01-04 11:37:36.952,PENDING,83355a51eda7c0da87c7170f6c53bf840b21d06039f13c96314fa790135e2f17,3D,O***,0da007f4f38bc1fd6a3b342344384e9e8efeb70005b6e3d9970169442f251422,INDIGO,BOM,BLR,2026-04-18 03:06:41.701,2026-04-18 05:06:42.000,120.0,0.0,2h 0m,BOM to BLR,0.0,Night (21-05),PAY1015,12165.24,CARD,46,46-60,F,I***,D***
B1855,P1343,6F006,2026-01-04 11:37:36.952,PENDING,83355a51eda7c0da87c7170f6c53bf840b21d06039f13c96314fa790135e2f17,3D,O***,0da007f4f38bc1fd6a3b342344384e9e8efeb70005b6e3d9970169442f251422,INDIGO,BOM,BLR,2026-04-18 03:06:41.701,2026-04-18 05:06:42.000,120.0,0.0,2h 0m,BOM to BLR,0.0,Night (21-05),PAY1795,9744.36,UPI,46,46-60,F,I***,D***
B1856,P1852,UK226,2025-05-04 11:37:36.952,PENDING,1fcdbced963a7fb3c6750f732b1cd96a005e1e8bba2267e96ba279ea1e51923a,4E,U***,4d3ba65b350175133ba0464e0f985ee2e3210f87e4caff012218327f167da044,VISTARA,MAA,HYD,2026-04-18 03:58:41.704,2026-04-18 05:01:41.704,63.0,0.0,1h 3m,MAA to HYD,0.0,Night (21-05),PAY1012,11604.48,CARD,64,60+,F,S***,G***
B1856,P1852,UK226,2025-05-04 11:37:36.952,PENDING,1fcdbced963a7fb3c6750f732b1cd96a005e1e8bba2267e96ba279ea1e51923a,4E,U***,4d3ba65b350175133ba0464e0f985ee2e3210f87e4caff012218327f167da044,VISTARA,MAA,HYD,2026-04-18 03:58:41.704,2026-04-18 05:01:41.704,63.0,0.0,1h 3m,MAA to HYD,0.0,Night (21-05),PAY1334,14055.6,NETBANKING,64,60+,F,S***,G***
B1857,P1522,AI065,2026-03-07 11:37:36.952,PENDING,41eae13382b2fe950090ef19a7bb1b00ebeb079cf92cbb9b110b0c2a7e7f7bc5,17E,H***,6fba3e991a41cf0de433f5d40b18fe345e1dfbaa71f817e70e2d070a5c42f2a1,,,,,,,,,,,,PAY1125,4516.22,NETBANKING,23,18-30,F,R***,S***
B1857,P1522,AI065,2026-03-07 11:37:36.952,PENDING,41eae13382b2fe950090ef19a7bb1b00ebeb079cf92cbb9b110b0c2a7e7f7bc5,17E,H***,6fba3e991a41cf0de433f5d40b18fe345e1dfbaa71f817e70e2d070a5c42f2a1,,,,,,,,,,,,PAY1819,13134.7,CARD,23,18-30,F,R***,S***
B1858,P1858,6F008,2025-11-25 11:37:36.952,NAN,23594a536998fef90872b9e8a142b26c459c9e9b0a970e8624ef794d5e7d0d52,10B,D***,fb935bdb439643c46e97457ac4584afb8cab7bd24b040ccb154cd8400d0a4fde,INDIGO,DEL,BOM,2026-04-18 00:14:41.701,2026-04-18 04:59:41.701,285.0,0.0,4h 45m,DEL to BOM,1.0,Night (21-05),,,,17,Under 18,F,M***,G***
B1859,P1399,AI195,2025-11-11 11:37:36.952,PENDING,b21a2ee8d8343e7728c0658806f425680b39ac588ec836f0092d4632c38694f6,7B,H***,4a591b91ace6f2bee9758d78a9454c75ccf2b7db244abe4e868e4ebf60c154b2,AIR INDIA,CCU,MAA,2026-04-18 02:58:41.703,2026-04-18 04:57:41.703,119.0,0.0,1h 59m,CCU to MAA,0.0,Night (21-05),,,,53,46-60,F,A***,D***
B1860,P1217,UK043,2025-08-01 11:37:36.952,NAN,a9e68e24c43817dc46684115c621aaaaf48e5d3cc6857cb6a13761bdd446f010,3A,K***,1d7ffff59cfef5d504de7cfcea55f80aaf2a2d4195fef1d75d5640b5a954376f,,,,,,,,,,,,PAY1471,2531.6,UPI,17,Under 18,M,K***,I***
B1860,P1217,UK043,2025-08-01 11:37:36.952,NAN,a9e68e24c43817dc46684115c621aaaaf48e5d3cc6857cb6a13761bdd446f010,3A,K***,1d7ffff59cfef5d504de7cfcea55f80aaf2a2d4195fef1d75d5640b5a954376f,,,,,,,,,,,,PAY1515,6999.9,NETBANKING,17,Under 18,M,K***,I***
B1861,P1444,AI125,2025-10-15 11:37:36.952,CONFIRMED,b3d577f883f54fd784ea05a6bf56a9c9c21e4e31a5819077de6c05b68a0bd5f6,25E,Y***,741a899e0906ab7efb6dfa158be28879612ff188b72b0a5d4f57bd734292f7c5,,,,,,,,,,,,PAY1660,9044.04,UPI,47,46-60,M,S***,G***
B1862,P1764,AI089,2025-10-05 11:37:36.952,PENDING,7e2061d9410eaaee48ddeb2ae804410fed5df23427767d299017ecb09cb9a043,21A,E***,1020263aef6b89fa2a26df43c1ef477b8578b12dd574ad073913e8eba323c83a,AIR INDIA,CCU,BOM,2026-04-18 04:05:41.702,2026-04-18 04:47:41.702,42.0,0.0,0h 42m,CCU to BOM,0.0,Night (21-05),,,,81,60+,F,M***,G***
B1863,P1221,UK019,2026-02-12 11:37:36.952,CONFIRMED,e96e7432f31ab400c34a5c3c3349cbec84d16b52c3d732422ba4daa5f8e1f295,22C,U***,c41aadeb8cbaf6afdbc631283da080a8c6dbe10721e4db590011b81b07705f8b,VISTARA,BOM,HYD,2026-04-18 03:41:41.701,2026-04-18 04:35:41.701,54.0,0.0,0h 54m,BOM to HYD,0.0,Night (21-05),PAY1151,9857.74,NETBANKING,70,60+,M,D***,N***
B1863,P1221,UK019,2026-02-12 11:37:36.952,CONFIRMED,e96e7432f31ab400c34a5c3c3349cbec84d16b52c3d732422ba4daa5f8e1f295,22C,U***,c41aadeb8cbaf6afdbc631283da080a8c6dbe10721e4db590011b81b07705f8b,VISTARA,BOM,HYD,2026-04-18 03:41:41.701,2026-04-18 04:35:41.701,54.0,0.0,0h 54m,BOM to HYD,0.0,Night (21-05),PAY1679,13070.93,CARD,70,60+,M,D***,N***
B1864,P1382,UK078,2025-09-27 11:37:36.952,CANCELLED,7b23c47d2c3a40c6a17bb46e39c0690a0becaef2d41c3cb793e75b3847e8ce0d,22C,A***,7461c345c2dabcbab43e55a9b13621c8efb597d980789cb2a7fa0c40ff1b670b,VISTARA,BOM,HYD,2026-04-18 01:03:41.702,2026-04-18 04:32:41.702,209.0,0.0,3h 29m,BOM to HYD,0.0,Night (21-05),PAY1600,10081.04,UPI,51,46-60,F,A***,I***
B1865,P1880,SJ009,2025-07-28 11:37:36.952,CANCELLED,87466d90e27835eedfe24b61480e0d49026166eff6c12c4e7f24c0930409c27e,15E,Y***,f1387888301a4ecf1e72120db54c73636b7bc2f7a117d4b7b0bd652a4ffe6232,SPICEJET,CCU,BLR,2026-04-18 02:48:41.701,2026-04-18 04:23:41.701,95.0,0.0,1h 35m,CCU to BLR,0.0,Night (21-05),PAY1474,11740.51,NETBANKING,64,60+,M,R***,K***
B1866,P1591,UK178,2026-01-28 11:37:36.952,CONFIRMED,91d0d444124265bd5182ee669a6a4fb3d680c112828522f244c0dd3fb2452b91,7A,G***,8cb44c09002550d632dfa2c24c2a7fe7e3de188ed25331a5ec45fe8dcdea1f76,VISTARA,DEL,BLR,2026-04-17 23:41:41.703,2026-04-18 04:09:41.703,268.0,1.0,4h 28m,DEL to BLR,1.0,Night (21-05),PAY1892,4987.99,NETBANKING,4,Under 18,M,K***,M***
B1867,P1006,UK018,2025-11-23 11:37:36.952,CONFIRMED,9fb099114a242d8581277fc54f50c03d5e418fc5b729d63d794cd69fe33894bc,13D,B***,fa4fc92bf85523910646dcbfe21b567bf44f2f32facae67c4930daf0d4f8ed5f,VISTARA,BOM,CCU,2026-04-18 02:15:41.701,2026-04-18 04:08:41.701,113.0,0.0,1h 53m,BOM to CCU,0.0,Night (21-05),PAY1431,8158.17,NETBANKING,87,60+,M,K***,N***
B1868,P1271,SJ059,2026-04-10 11:37:36.952,CANCELLED,3eda2706f3d793680b7885880f118e6ac1711a150b6d902e4ba1179d3de2d802,29E,O***,2ad882d7f56fc6ae7e902f63ec17b6057acb89e6a2064b5604d3ee721e6ea538,SPICEJET,CCU,DEL,2026-04-18 02:50:41.701,2026-04-18 04:06:41.701,76.0,0.0,1h 16m,CCU to DEL,0.0,Night (21-05),,,,75,60+,F,M***,P***
B1869,P1738,UK108,2026-02-04 11:37:36.952,CONFIRMED,28a61ba080c0fcc7b0cf309d3dbb3650301588b8cd2be412293f63697380b483,19C,N***,d76b335a7dee369c660b8571a85b960efa9a426d94cfe5592c4f2ec472c38a9b,VISTARA,DEL,BLR,2026-04-18 00:28:41.702,2026-04-18 03:46:41.702,198.0,0.0,3h 18m,DEL to BLR,0.0,Night (21-05),PAY1157,10155.04,CARD,5,Under 18,M,A***,P***
B1869,P1738,UK108,2026-02-04 11:37:36.952,CONFIRMED,28a61ba080c0fcc7b0cf309d3dbb3650301588b8cd2be412293f63697380b483,19C,N***,d76b335a7dee369c660b8571a85b960efa9a426d94cfe5592c4f2ec472c38a9b,VISTARA,DEL,BLR,2026-04-18 00:28:41.702,2026-04-18 03:46:41.702,198.0,0.0,3h 18m,DEL to BLR,0.0,Night (21-05),PAY1680,11398.23,NETBANKING,5,Under 18,M,A***,P***
B1870,P1015,6F045,2025-04-25 11:37:36.952,CANCELLED,86881bb8f6780cde2e52705954c3dfcc5e350e7de23c50d52651bead67a18465,5D,D***,e5a3c441eec066acc7bf91abb001b64902a3af652b89a96ce0fc22068dcb7d48,INDIGO,BOM,HYD,2026-04-17 23:04:41.701,2026-04-18 03:38:41.701,274.0,1.0,4h 34m,BOM to HYD,1.0,Night (21-05),,,,88,60+,F,A***,V***
B1871,P1423,AI144,2025-10-04 11:37:36.952,CANCELLED,7da2db62b7f35e1581cedecab8a81958f3f301abc506e74baa1644ecd6461c66,23E,N***,d2b7fd08588862593c46ade6c595675dbe28d08eea98d69f2e631616c6dd3ff9,AIR INDIA,MAA,BOM,2026-04-18 00:43:41.702,2026-04-18 03:36:41.702,173.0,0.0,2h 53m,MAA to BOM,0.0,Night (21-05),,,,1,Under 18,M,A***,G***
B1872,P1523,AI244,2025-07-09 11:37:36.952,PENDING,6d0001fd6c07c0a3f717ec6ce68cf2d6e9949ab6c0d572019c61fd8bb3ddc553,26E,Y***,1239d7d98d679de7a81f6c4ec3e4a62c6c77e810a23a549244efe4c6424cf38f,AIR INDIA,BLR,BOM,2026-04-18 02:50:41.704,2026-04-18 03:25:41.704,35.0,0.0,0h 35m,BLR to BOM,0.0,Night (21-05),PAY1362,5721.08,CARD,89,60+,F,K***,V***
B1872,P1523,AI244,2025-07-09 11:37:36.952,PENDING,6d0001fd6c07c0a3f717ec6ce68cf2d6e9949ab6c0d572019c61fd8bb3ddc553,26E,Y***,1239d7d98d679de7a81f6c4ec3e4a62c6c77e810a23a549244efe4c6424cf38f,AIR INDIA,BLR,BOM,2026-04-18 02:50:41.704,2026-04-18 03:25:41.704,35.0,0.0,0h 35m,BLR to BOM,0.0,Night (21-05),PAY1858,9096.04,UPI,89,60+,F,K***,V***
B1873,P1802,6F265,2025-04-25 11:37:36.952,CONFIRMED,1133c4164aee45c1c31d6ca80e8370819e1164d3c44de1f063c78f661d1b8b35,11B,W***,d22790d1fd17fc4729c5bbb8700f564ff88742a8af13b1cbb9337b854c0005f2,,,,,,,,,,,,PAY1002,6495.37,UPI,5,Under 18,M,M***,G***
B1873,P1802,6F265,2025-04-25 11:37:36.952,CONFIRMED,1133c4164aee45c1c31d6ca80e8370819e1164d3c44de1f063c78f661d1b8b35,11B,W***,d22790d1fd17fc4729c5bbb8700f564ff88742a8af13b1cbb9337b854c0005f2,,,,,,,,,,,,PAY1133,12510.96,CARD,5,Under 18,M,M***,G***
B1873,P1802,6F265,2025-04-25 11:37:36.952,CONFIRMED,1133c4164aee45c1c31d6ca80e8370819e1164d3c44de1f063c78f661d1b8b35,11B,W***,d22790d1fd17fc4729c5bbb8700f564ff88742a8af13b1cbb9337b854c0005f2,,,,,,,,,,,,PAY1847,13283.24,CARD,5,Under 18,M,M***,G***
B1874,P1752,6F108,2026-01-26 11:37:36.952,CONFIRMED,eac28bac206f6177613fdae5ef691cf4e3b240224a34c691884b047b95502532,16E,W***,3f971d5721d9f57ca088517159f0831c563c3a438cfb56afb6aee0ae691f0ba2,INDIGO,DEL,HYD,2026-04-17 23:41:41.702,2026-04-18 03:23:41.702,222.0,1.0,3h 42m,DEL to HYD,0.0,Night (21-05),PAY1506,5715.47,NETBANKING,50,46-60,M,I***,S***
B1874,P1752,6F108,2026-01-26 11:37:36.952,CONFIRMED,eac28bac206f6177613fdae5ef691cf4e3b240224a34c691884b047b95502532,16E,W***,3f971d5721d9f57ca088517159f0831c563c3a438cfb56afb6aee0ae691f0ba2,INDIGO,DEL,HYD,2026-04-17 23:41:41.702,2026-04-18 03:23:41.702,222.0,1.0,3h 42m,DEL to HYD,0.0,Night (21-05),PAY1528,9993.97,NETBANKING,50,46-60,M,I***,S***
B1874,P1752,6F108,2026-01-26 11:37:36.952,CONFIRMED,eac28bac206f6177613fdae5ef691cf4e3b240224a34c691884b047b95502532,16E,W***,3f971d5721d9f57ca088517159f0831c563c3a438cfb56afb6aee0ae691f0ba2,INDIGO,DEL,HYD,2026-04-17 23:41:41.702,2026-04-18 03:23:41.702,222.0,1.0,3h 42m,DEL to HYD,0.0,Night (21-05),PAY1669,8735.05,NETBANKING,50,46-60,M,I***,S***
B1875,P1020,6F069,2025-06-17 11:37:36.952,PENDING,8cfedefc8cc5305ad54edd7e5f3a0d03b2308715f3ad29d0a66fb180cf375336,17D,G***,b975561ef5b54680690f7b55792baa68d11d7757f7d992dc061d8c2709c83a8a,INDIGO,MAA,BLR,2026-04-17 23:44:41.701,2026-04-18 03:17:41.701,213.0,1.0,3h 33m,MAA to BLR,0.0,Night (21-05),,,,60,46-60,M,A***,K***
B1876,P1689,6F072,2025-06-14 11:37:36.952,CANCELLED,6fcaa3ff66d65e32e5632a4d3bb5f5d7e6bf93f2d9d00c0824095ee612bdc049,18F,Y***,f7bc4502182b78fd93adfb6ed50c5d08373e3960451cb8cd956a5731df3af2e6,INDIGO,BLR,CCU,2026-04-18 02:14:41.702,2026-04-18 03:11:41.702,57.0,0.0,0h 57m,BLR to CCU,0.0,Night (21-05),PAY1139,11290.32,NETBANKING,11,Under 18,F,I***,P***
B1877,P1938,6F096,2025-11-09 11:37:36.952,CONFIRMED,d76a57eafe01657455164ee090ace20bb3bedd15cce0d63be9797ab157d94486,33F,W***,ddd9daaa0a2cef1ebb3f966e22f125586e6f8b96c3203b86a7e360571435014c,INDIGO,MAA,BLR,2026-04-17 22:45:41.702,2026-04-18 02:58:41.702,253.0,1.0,4h 13m,MAA to BLR,1.0,Night (21-05),,,,33,31-45,F,R***,J***
B1878,P1227,SJ233,2025-12-31 11:37:36.952,PENDING,0e8ccab1212e8757ae6c9dcab779339a0644a452045c895b5965ec0a39ef9dfb,31D,I***,39a06e183d434674fa4f29ff4ad8f56fb2a12123724b034dd1f954c742599d91,SPICEJET,DEL,HYD,2026-04-18 01:18:41.704,2026-04-18 02:56:41.704,98.0,0.0,1h 38m,DEL to HYD,0.0,Night (21-05),PAY1204,14778.71,CARD,70,60+,M,A***,R***
B1879,P1784,AI203,2025-12-03 11:37:36.952,PENDING,60ca7b839428ac1674f657d5c0fae32df18790bfaf969634a6eea3e6b1819a85,9E,C***,57dcb6e7038b3f79a65f23f27d664f3ff2fc5cbb797cab55e54e2eaaab3292b7,AIR INDIA,BOM,CCU,2026-04-18 00:09:41.703,2026-04-18 02:56:41.703,167.0,0.0,2h 47m,BOM to CCU,0.0,Night (21-05),PAY1215,4682.98,UPI,55,46-60,F,I***,K***
B1880,P1287,UK147,2026-03-08 11:37:36.952,CONFIRMED,766ca88e16885ae354c9590d3ee67f845350052a9c990e262002398f6d5cc23d,2E,W***,610fcee02c743bb80e29d69f5284f71b5e30e7b7072b050511a88d945512917e,VISTARA,CCU,DEL,2026-04-17 23:35:41.703,2026-04-18 02:55:41.703,200.0,1.0,3h 20m,CCU to DEL,1.0,Night (21-05),PAY1864,11737.0,UPI,68,60+,F,I***,K***
B1881,P1808,UK039,2025-08-26 11:37:36.952,PENDING,a30027fb52345994217b49d4a96eb1cee39525aa0e068c022f3f7827eeee46e2,8E,B***,be39aadfba6eff0f5d71674489cc580fee5b67241f4bd666a563932495f1e21a,VISTARA,HYD,BOM,2026-04-18 01:40:41.701,2026-04-18 02:53:41.701,73.0,0.0,1h 13m,HYD to BOM,0.0,Night (21-05),,,,70,60+,M,A***,J***
B1882,P1133,6F216,2025-10-17 11:37:36.952,CANCELLED,55072c91eccb1638bfc0fdff90ff504ec31586afcbf59f454d1d56382bd87bc3,18B,A***,11bf5a228eea245178c6cccf9304dac950236b4606d8f61ca64e0b558b75e61f,INDIGO,BLR,DEL,2026-04-17 21:58:41.704,2026-04-18 02:51:41.704,293.0,1.0,4h 53m,BLR to DEL,1.0,Night (21-05),,,,1,Under 18,F,S***,B***
B1883,P1983,AI214,2025-11-17 11:37:36.952,PENDING,cecfa902c52a06fb9b034be7369a747f9aef726c295478991f41b00859597da1,5B,R***,21c77d241a003bae10d9c21d9fd4867f0d6985b4d2592c0fa5e99132674a2cf2,AIR INDIA,CCU,DEL,2026-04-17 22:23:41.703,2026-04-18 02:49:41.703,266.0,1.0,4h 26m,CCU to DEL,1.0,Night (21-05),PAY1100,4498.27,CARD,35,31-45,M,M***,K***
B1883,P1983,AI214,2025-11-17 11:37:36.952,PENDING,cecfa902c52a06fb9b034be7369a747f9aef726c295478991f41b00859597da1,5B,R***,21c77d241a003bae10d9c21d9fd4867f0d6985b4d2592c0fa5e99132674a2cf2,AIR INDIA,CCU,DEL,2026-04-17 22:23:41.703,2026-04-18 02:49:41.703,266.0,1.0,4h 26m,CCU to DEL,1.0,Night (21-05),PAY1359,3193.06,CARD,35,31-45,M,M***,K***
B1884,P1282,UK025,2025-08-31 11:37:36.952,CANCELLED,f1b666b0406dd2d6506f90983c77b3959eeff1981acc070c3269d3f2720110eb,31D,A***,38ace1367dd6f5281f3224213d9985642a8c7281b528104e8ae260e7f5ce91d8,VISTARA,DEL,BOM,2026-04-17 22:55:41.701,2026-04-18 02:47:41.701,232.0,1.0,3h 52m,DEL to BOM,1.0,Night (21-05),,,,35,31-45,M,K***,C***
B1885,P1403,UK053,2025-08-10 11:37:36.952,CANCELLED,2800eff5cd43727053bbe61e17bfbc188d84931f4e5e6c825b7d8206b7f8635e,11B,N***,11ac36e4181dabc89b7146e6307d594165a60d537f1d22907c4af0a8f2d64a18,VISTARA,BLR,BOM,2026-04-17 23:56:41.701,2026-04-18 02:46:41.701,170.0,1.0,2h 50m,BLR to BOM,0.0,Night (21-05),PAY1297,9992.33,NETBANKING,6,Under 18,M,M***,G***
B1886,P1664,6F130,2026-02-12 11:37:36.952,INVALID,b2ea70f0b2dcc56905ae316724f40d1d73e620b1530226b91f824269b9c72fd2,9D,C***,d644be5e1de79346a6adef5396b5596253c8e391530ff07e7a6ffa617160219d,INDIGO,DEL,HYD,2026-04-18 01:27:41.702,2026-04-18 02:45:41.702,78.0,0.0,1h 18m,DEL to HYD,0.0,Night (21-05),,,,27,18-30,M,M***,N***
B1887,P1065,6F247,2026-03-09 11:37:36.952,PENDING,ed5d57dfcc684303f07112de696cfe282fef16b99ccdcc00cf23ddff9224d512,23F,C***,2f03ed9d4a66f76a02fd243de5698239937bad24568ab58358a76611d6612cb8,INDIGO,DEL,HYD,2026-04-18 01:27:41.702,2026-04-18 02:45:41.702,78.0,0.0,1h 18m,DEL to HYD,0.0,Night (21-05),PAY1588,9312.51,UPI,4,Under 18,F,I***,K***
B1888,P1648,6F159,2025-12-25 11:37:36.952,CANCELLED,6084626223e67c66e0eb17844c67d1553b4e772adaf1cfc0907bbd402a6358f0,25C,J***,aabd9fb21a6184b17dab38aea8552b662db8738b634055bfeccb7ea2184b8f60,INDIGO,CCU,BOM,2026-04-18 02:08:41.703,2026-04-18 02:43:41.703,35.0,0.0,0h 35m,CCU to BOM,0.0,Night (21-05),PAY1047,8931.9,UPI,12,Under 18,M,A***,A***
B1888,P1648,6F159,2025-12-25 11:37:36.952,CANCELLED,6084626223e67c66e0eb17844c67d1553b4e772adaf1cfc0907bbd402a6358f0,25C,J***,aabd9fb21a6184b17dab38aea8552b662db8738b634055bfeccb7ea2184b8f60,INDIGO,CCU,BOM,2026-04-18 02:08:41.703,2026-04-18 02:43:41.703,35.0,0.0,0h 35m,CCU to BOM,0.0,Night (21-05),PAY1099,5981.84,CARD,12,Under 18,M,A***,A***
B1889,P1603,UK086,2026-02-24 11:37:36.952,CANCELLED,1020cc9eb7543d3f59df849438b6e81245e7634226106b719bca3ddd646beea6,22C,E***,702d7df551a397a995325df040c7c9c9de12c3c2c27756d0206a529966f4e0dd,VISTARA,CCU,BLR,2026-04-17 23:55:41.702,2026-04-18 02:27:41.702,152.0,1.0,2h 32m,CCU to BLR,0.0,Night (21-05),,,,45,31-45,M,A***,G***
B1890,P1436,6F102,2025-08-30 11:37:36.952,PENDING,1d61673b9bba772042f881b11f55ef06b46303256476c9252f05b03419ed69d3,12E,Y***,664f7288d7c42895b596ba79e5dcd45a35388031da773f553173a04cbb643455,INDIGO,HYD,MAA,2026-04-18 01:10:41.702,2026-04-18 02:24:41.702,74.0,0.0,1h 14m,HYD to MAA,0.0,Night (21-05),PAY1380,13732.45,UPI,26,18-30,F,M***,R***
B1891,P1828,UK186,2026-01-26 11:37:36.952,CANCELLED,b1cb704d0371a653b8f7580e6666204b8fba62222d9a51e8acde59426dface9d,18D,A***,39e1c5d771537b3d8b13dc382a1a3e968c9fdeced9ef0d78ec0c4cacd930be5d,VISTARA,BOM,BLR,2026-04-17 23:05:41.703,2026-04-18 02:22:41.703,197.0,1.0,3h 17m,BOM to BLR,0.0,Night (21-05),PAY1190,2216.08,UPI,36,31-45,F,R***,B***
B1891,P1828,UK186,2026-01-26 11:37:36.952,CANCELLED,b1cb704d0371a653b8f7580e6666204b8fba62222d9a51e8acde59426dface9d,18D,A***,39e1c5d771537b3d8b13dc382a1a3e968c9fdeced9ef0d78ec0c4cacd930be5d,VISTARA,BOM,BLR,2026-04-17 23:05:41.703,2026-04-18 02:22:41.703,197.0,1.0,3h 17m,BOM to BLR,0.0,Night (21-05),PAY1538,1978.49,UPI,36,31-45,F,R***,B***
B1892,P1933,6F032,2025-08-24 11:37:36.952,PENDING,72da9f5e5debb428c09a32e0b9bed396fe8d576c60dfe749e3dd9bf66fe1990a,17F,K***,56b0c5defdfe0301cd9f9de77072a65b139603ae935d75d6d65ce8a949e33477,INDIGO,DEL,BOM,2026-04-17 23:43:41.701,2026-04-18 02:22:41.701,159.0,1.0,2h 39m,DEL to BOM,0.0,Night (21-05),,,,38,31-45,F,I***,K***
B1893,P1258,6F186,2025-08-02 11:37:36.952,CONFIRMED,3c5efb9e5538dc20fc49a3fed183895909d346965df36a5920978fc75332fff6,19A,M***,3f1c3d55febe1ec22d8d5242ea8fb72a44af4c3add681d7898466d478126e034,INDIGO,HYD,BOM,2026-04-17 21:48:41.703,2026-04-18 02:02:41.703,254.0,1.0,4h 14m,HYD to BOM,1.0,Night (21-05),,,,69,60+,M,D***,P***
B1894,P1979,6F106,2026-02-24 11:37:36.952,CANCELLED,0120cd4b24ed24aef18408bd6a8f7ecae405611dac10728d0987df6fd0748c24,4F,H***,99a67ea06a484bde08858ce71b1bddebd6dbe89bb2d4b95a3db2e0dc2aca0584,INDIGO,BOM,CCU,2026-04-18 00:10:41.702,2026-04-18 01:52:41.702,102.0,0.0,1h 42m,BOM to CCU,0.0,Night (21-05),,,,11,Under 18,M,K***,G***
B1895,P1965,AI021,2025-10-05 11:37:36.952,CANCELLED,649d39b10a875e497895e672c810ff7c0d571f23c359259f6046eca8f48fbdf8,14E,M***,712ad4c087d017d95cbc0c593f174b2deef39ccca14012a3a58bd851fba08f1a,AIR INDIA,DEL,HYD,2026-04-17 21:39:41.701,2026-04-18 01:38:41.701,239.0,1.0,3h 59m,DEL to HYD,1.0,Night (21-05),PAY1231,13425.87,CARD,50,46-60,F,A***,B***
B1895,P1965,AI021,2025-10-05 11:37:36.952,CANCELLED,649d39b10a875e497895e672c810ff7c0d571f23c359259f6046eca8f48fbdf8,14E,M***,712ad4c087d017d95cbc0c593f174b2deef39ccca14012a3a58bd851fba08f1a,AIR INDIA,DEL,HYD,2026-04-17 21:39:41.701,2026-04-18 01:38:41.701,239.0,1.0,3h 59m,DEL to HYD,1.0,Night (21-05),PAY1259,6230.89,NETBANKING,50,46-60,F,A***,B***
B1895,P1965,AI021,2025-10-05 11:37:36.952,CANCELLED,649d39b10a875e497895e672c810ff7c0d571f23c359259f6046eca8f48fbdf8,14E,M***,712ad4c087d017d95cbc0c593f174b2deef39ccca14012a3a58bd851fba08f1a,AIR INDIA,DEL,HYD,2026-04-17 21:39:41.701,2026-04-18 01:38:41.701,239.0,1.0,3h 59m,DEL to HYD,1.0,Night (21-05),PAY1437,13629.71,CARD,50,46-60,F,A***,B***
B1895,P1965,AI021,2025-10-05 11:37:36.952,CANCELLED,649d39b10a875e497895e672c810ff7c0d571f23c359259f6046eca8f48fbdf8,14E,M***,712ad4c087d017d95cbc0c593f174b2deef39ccca14012a3a58bd851fba08f1a,AIR INDIA,DEL,HYD,2026-04-17 21:39:41.701,2026-04-18 01:38:41.701,239.0,1.0,3h 59m,DEL to HYD,1.0,Night (21-05),PAY1759,9624.54,CARD,50,46-60,F,A***,B***
B1895,P1965,AI021,2025-10-05 11:37:36.952,CANCELLED,649d39b10a875e497895e672c810ff7c0d571f23c359259f6046eca8f48fbdf8,14E,M***,712ad4c087d017d95cbc0c593f174b2deef39ccca14012a3a58bd851fba08f1a,AIR INDIA,DEL,HYD,2026-04-17 21:39:41.701,2026-04-18 01:38:41.701,239.0,1.0,3h 59m,DEL to HYD,1.0,Night (21-05),PAY1986,11120.61,NETBANKING,50,46-60,F,A***,B***
B1896,P1102,AI157,2025-11-30 11:37:36.952,PENDING,50fb6ba55ebc87d2b1f5badfc22204e4a163c24fd4a26afcc64d666ab3c00aeb,11F,Y***,8bf45f034cc0686489707258e0295abcc5622b447a59c8736af8529b7cff1387,AIR INDIA,BLR,CCU,2026-04-17 22:45:41.703,2026-04-18 01:33:41.703,168.0,1.0,2h 48m,BLR to CCU,1.0,Night (21-05),,,,1,Under 18,F,M***,K***
B1897,P1992,6F054,2025-11-01 11:37:36.952,PENDING,1d1fbfd4a50ffcfcbf96492d23c379c6864bfc859510bcd7b2fd34cd162053e9,26F,X***,c0a368179979d62b689f967f27d7dcea5241df811adffc66aefeb43e08cfb7d8,INDIGO,HYD,BLR,2026-04-17 22:00:41.701,2026-04-18 01:25:41.701,205.0,1.0,3h 25m,HYD to BLR,0.0,Night (21-05),PAY1017,9752.05,CARD,89,60+,F,D***,S***
B1897,P1992,6F054,2025-11-01 11:37:36.952,PENDING,1d1fbfd4a50ffcfcbf96492d23c379c6864bfc859510bcd7b2fd34cd162053e9,26F,X***,c0a368179979d62b689f967f27d7dcea5241df811adffc66aefeb43e08cfb7d8,INDIGO,HYD,BLR,2026-04-17 22:00:41.701,2026-04-18 01:25:41.701,205.0,1.0,3h 25m,HYD to BLR,0.0,Night (21-05),PAY1371,7243.26,NETBANKING,89,60+,F,D***,S***
B1898,P1566,AI187,2025-10-03 11:37:36.952,PENDING,8eac375278275b368d2acfe06236d10b47a52e4c612a54cfad07a7fcba886c7c,10D,C***,1369685bd3be72effd752306f7fb421434c73a20d53d83f2a19fdb806a4e8317,AIR INDIA,BLR,HYD,2026-04-17 23:32:41.703,2026-04-18 01:16:41.703,104.0,1.0,1h 44m,BLR to HYD,0.0,Night (21-05),PAY1854,5718.04,CARD,9,Under 18,F,V***,S***
B1899,P1768,SJ124,2025-09-28 11:37:36.952,PENDING,2a75a76b23b15b640f8fac70a1a52550753722977b37a65123e1ee920344bf25,4B,L***,40ead688a09ede50b6fe28526cc65599e29dfce05c3ffbe518447637b894ac8a,SPICEJET,HYD,DEL,2026-04-17 21:05:41.702,2026-04-18 01:12:41.702,247.0,1.0,4h 7m,HYD to DEL,1.0,Night (21-05),PAY1375,3146.15,UPI,10,Under 18,M,K***,G***
B1900,P1100,SJ223,2025-10-06 11:37:36.952,CANCELLED,5149ef7cff0594768b56620cd66816c09dac04b93aa9d5850893c18c9c40959a,11C,U***,9b4562d68f7546ae1f01d31dc48c2835de5125934223c114f391461782bf4d3a,SPICEJET,HYD,MAA,2026-04-17 23:54:41.703,2026-04-18 01:08:41.703,74.0,1.0,1h 14m,HYD to MAA,0.0,Night (21-05),PAY1904,1212.98,UPI,9,Under 18,M,M***,J***
B1901,P1197,UK103,2025-04-25 11:37:36.952,CONFIRMED,31f49dddf98b1516d596c10bb62eeee3c07fec77497ed557802686aa56507aa5,21A,T***,fd9641dc3840c8fd9658635b91c5a3818e0874315476f715cebc8bd5e2171524,VISTARA,MAA,DEL,2026-04-17 21:52:41.702,2026-04-18 01:06:41.702,194.0,1.0,3h 14m,MAA to DEL,0.0,Night (21-05),PAY1434,10787.49,CARD,3,Under 18,M,K***,N***
B1902,P1812,SJ157,2026-02-08 11:37:36.952,CONFIRMED,33e430c310d8c33cd57a4dd076014f76495d42c34c00807ea3977be1c7cc3a09,14F,Y***,649a31b5ff2b647c3b7ad5a9dfb30ffb95282b85b6a66befff58e2f2bbd7121f,SPICEJET,DEL,HYD,2026-04-17 22:11:41.703,2026-04-18 01:05:41.703,174.0,1.0,2h 54m,DEL to HYD,0.0,Night (21-05),,,,46,46-60,F,M***,P***
B1903,P1225,6F242,2025-11-06 11:37:36.952,CONFIRMED,7a936e46e6d57012906af57507ef4a2f1c47095c592e951a27b7902442f42082,9B,F***,1803f5329993f59be1494c7ef991f0778e8debf3757ef8fcaeeef1d6d78dc007,INDIGO,BLR,MAA,2026-04-17 21:10:41.704,2026-04-18 01:04:41.704,234.0,1.0,3h 54m,BLR to MAA,0.0,Night (21-05),,,,73,60+,M,M***,G***
B1904,P1942,UK213,2025-07-01 11:37:36.952,CONFIRMED,6c74d230b11e730bbbc7c4872dc754e93b31fad6d43937e840e894cc08425dc9,8B,N***,d05aa427810bdb449871748f3d63d196d96a1c8febeb526dce1c22b6b70fa95e,VISTARA,BOM,CCU,2026-04-17 23:21:41.704,2026-04-18 01:01:41.704,100.0,1.0,1h 40m,BOM to CCU,0.0,Night (21-05),PAY1110,5769.34,NETBANKING,5,Under 18,M,R***,P***
B1905,P1462,SJ120,2026-02-13 11:37:36.952,PENDING,1548fd4439bd96cb5651574cf95b10223f8bf54dcce1bab15af9ca3ba112cc87,24B,C***,c42092be771faa1c8b8c611cfc4333798a06a7ed548b186973b5e4a211a3d394,SPICEJET,MAA,BLR,2026-04-17 21:19:41.702,2026-04-18 00:56:41.702,217.0,1.0,3h 37m,MAA to BLR,0.0,Night (21-05),,,,69,60+,F,R***,K***
B1906,P1236,AI035,2025-08-11 11:37:36.952,CANCELLED,ae151862b42abdf83bb005a002cd587fbd1506957fabcfa468d6cc7df103131c,22B,Y***,ec53ab9b69bceebe516e0fd91a8b3a33d8c2f8720e29612ea47ab8dc640f7a22,AIR INDIA,DEL,MAA,2026-04-17 23:17:41.701,2026-04-18 00:48:41.701,91.0,1.0,1h 31m,DEL to MAA,0.0,Night (21-05),PAY1032,11037.65,UPI,20,18-30,F,M***,S***
B1907,P1025,6F147,2026-01-14 11:37:36.952,CANCELLED,1b56432131b73a09840d6335a7c09e64928c0456d1f4abb18f6dc11fcb935e02,1B,V***,8f34b43d7c75ca634775bc13564dcb593612d3f3f25dd845a7e380be94f256ef,INDIGO,HYD,MAA,2026-04-17 19:57:41.703,2026-04-18 00:31:41.703,274.0,1.0,4h 34m,HYD to MAA,1.0,Evening (17-21),PAY1429,5451.44,CARD,22,18-30,M,A***,C***
B1908,P1120,SJ229,2025-08-09 11:37:36.952,CANCELLED,9666c2e21ad9c8a1aab201043e94cd3e9091edaf1ca9e6883bec80b244501aec,23B,V***,f0d1e71916df7d1cd8eaeb45848ce1f5ed8530e0f06f64dbd9d2ab91888bffa0,SPICEJET,CCU,DEL,2026-04-17 22:25:41.704,2026-04-18 00:27:41.704,122.0,1.0,2h 2m,CCU to DEL,0.0,Night (21-05),PAY1642,8834.05,CARD,33,31-45,M,A***,G***
B1908,P1120,SJ229,2025-08-09 11:37:36.952,CANCELLED,9666c2e21ad9c8a1aab201043e94cd3e9091edaf1ca9e6883bec80b244501aec,23B,V***,f0d1e71916df7d1cd8eaeb45848ce1f5ed8530e0f06f64dbd9d2ab91888bffa0,SPICEJET,CCU,DEL,2026-04-17 22:25:41.704,2026-04-18 00:27:41.704,122.0,1.0,2h 2m,CCU to DEL,0.0,Night (21-05),PAY1919,1912.8,CARD,33,31-45,M,A***,G***
B1909,P1909,AI230,2025-11-14 11:37:36.952,PENDING,6043b8b566f17c567354cff91903c020546e2a0571065b6e861d36ca170afe76,31B,J***,89882d5faa26d79427692ee89db891e3817fbff034486a0d7fc97a8a7d7afc7d,,,,,,,,,,,,,,,6,Under 18,M,A***,C***
B1910,P1505,UK162,2025-06-10 11:37:36.952,CANCELLED,c796dae63766ac09b4493a11fb0a35415c4f78ca63f0f2c9f79b70ec5ef77628,5C,I***,d3eb14afc2d1fcc93cbdba84435dddc200d0bdc325affd6382e49761bb023b4c,VISTARA,BOM,CCU,2026-04-17 22:47:41.703,2026-04-18 00:21:41.703,94.0,1.0,1h 34m,BOM to CCU,0.0,Night (21-05),PAY1687,13743.8,UPI,89,60+,F,M***,M***
B1910,P1505,UK162,2025-06-10 11:37:36.952,CANCELLED,c796dae63766ac09b4493a11fb0a35415c4f78ca63f0f2c9f79b70ec5ef77628,5C,I***,d3eb14afc2d1fcc93cbdba84435dddc200d0bdc325affd6382e49761bb023b4c,VISTARA,BOM,CCU,2026-04-17 22:47:41.703,2026-04-18 00:21:41.703,94.0,1.0,1h 34m,BOM to CCU,0.0,Night (21-05),PAY1915,7810.25,CARD,89,60+,F,M***,M***
B1911,P1181,AI066,2025-05-29 11:37:36.952,PENDING,7bfd6e7ab25b9ee6299d0c4b22d35b639cb514451cde97f6bbf27cc2e1442d77,27C,D***,f0b1f7cf2524fe4b8727bbe7a64c0ad36812b42570aef40b3abcc129a1c1fbf1,AIR INDIA,HYD,MAA,2026-04-17 21:51:41.701,2026-04-18 00:11:41.701,140.0,1.0,2h 20m,HYD to MAA,0.0,Night (21-05),,,,62,60+,M,S***,C***
B1912,P1710,6F205,2025-09-09 11:37:36.952,CANCELLED,cd7fa14d10c357f797ce6148a21ada7795a1fa282884cc1df3b35552f5f4f504,19D,U***,ee960623b90e6be757d80b615151960252859640575addab8c60634c2ec0609e,INDIGO,HYD,BOM,2026-04-17 22:16:41.703,2026-04-18 00:02:41.703,106.0,1.0,1h 46m,HYD to BOM,0.0,Night (21-05),PAY1111,6279.57,NETBANKING,53,46-60,M,V***,V***
B1913,P1813,AI124,2025-05-24 11:37:36.952,CONFIRMED,e63472b54c0012ef0aa964923fc7d4c2f5e72ecce65f1bf113b7eb90c8d4918e,27B,V***,f952fa2b0e4cdec50b4d3e3026f493f892d72b275e677f6c5fc4eede7da842db,AIR INDIA,CCU,HYD,2026-04-17 20:28:41.702,2026-04-18 00:00:41.702,212.0,1.0,3h 32m,CCU to HYD,1.0,Evening (17-21),PAY1310,11211.97,NETBANKING,34,31-45,M,K***,J***
B1913,P1813,AI124,2025-05-24 11:37:36.952,CONFIRMED,e63472b54c0012ef0aa964923fc7d4c2f5e72ecce65f1bf113b7eb90c8d4918e,27B,V***,f952fa2b0e4cdec50b4d3e3026f493f892d72b275e677f6c5fc4eede7da842db,AIR INDIA,CCU,HYD,2026-04-17 20:28:41.702,2026-04-18 00:00:41.702,212.0,1.0,3h 32m,CCU to HYD,1.0,Evening (17-21),PAY1678,4083.41,CARD,34,31-45,M,K***,J***
B1914,P1766,UK114,2025-10-19 11:37:36.952,PENDING,e2af8e18a0641c0cd48ff9754e4559f742dfc29cb0291c2e3f3efcbf0902ddae,20A,V***,0c4b38fa330446781f1f1b46743751bcecec1e86488432b3c383d439bd01f64d,VISTARA,HYD,CCU,2026-04-17 22:10:41.702,2026-04-17 23:58:41.702,108.0,0.0,1h 48m,HYD to CCU,0.0,Night (21-05),PAY1003,5079.38,NETBANKING,29,18-30,F,I***,B***
B1915,P1633,AI231,2025-06-03 11:37:36.952,CANCELLED,a74a43f5d4862a5b16bae90d68c487c2cf37cb9f51cebced06966d03ce3443d3,18B,L***,fd5ee6b39213ea2db2f1994c833079636d23757a06d2cd014683a988f79032e4,AIR INDIA,DEL,HYD,2026-04-17 21:52:41.704,2026-04-17 23:51:41.704,119.0,0.0,1h 59m,DEL to HYD,0.0,Night (21-05),PAY1822,1162.01,CARD,20,18-30,F,S***,V***
B1916,P1542,AI113,2025-10-30 11:37:36.952,CONFIRMED,a6eb52b30fa47f7f699b626dfcb31dcbb694e694531073bb36a70be44844f7f4,7D,X***,ba5a5c3e99eb22677886b151a4e0e19e8af600664208e0da223cac84207aea58,AIR INDIA,CCU,HYD,2026-04-17 21:21:41.702,2026-04-17 23:51:41.702,150.0,0.0,2h 30m,CCU to HYD,0.0,Night (21-05),PAY1016,3156.86,CARD,52,46-60,M,S***,K***
B1917,P1983,UK180,2025-08-03 11:37:36.952,INVALID,88ddf3a5444851bdc7f9b35e72ee7e49443888007bad2b994a03cee25f568e8e,27A,I***,8e840bf2a17001f577a93b6518598b86f9efb822cffffc73385f267fc4663ecf,VISTARA,CCU,MAA,2026-04-17 21:18:41.703,2026-04-17 23:29:41.703,131.0,0.0,2h 11m,CCU to MAA,0.0,Night (21-05),,,,35,31-45,M,M***,K***
B1918,P1314,UK180,2025-10-07 11:37:36.952,CONFIRMED,3e07d0e9f60c6d5425c731b374dd74a1572b357d210bf711fa5c582db9e49272,2B,A***,7d3e880784eab5add892d847a79d138ef0387ea054195b4bc032790431a6c3bb,VISTARA,CCU,MAA,2026-04-17 21:18:41.703,2026-04-17 23:29:41.703,131.0,0.0,2h 11m,CCU to MAA,0.0,Night (21-05),PAY1760,2739.31,NETBANKING,69,60+,M,A***,J***
B1918,P1314,UK180,2025-10-07 11:37:36.952,CONFIRMED,3e07d0e9f60c6d5425c731b374dd74a1572b357d210bf711fa5c582db9e49272,2B,A***,7d3e880784eab5add892d847a79d138ef0387ea054195b4bc032790431a6c3bb,VISTARA,CCU,MAA,2026-04-17 21:18:41.703,2026-04-17 23:29:41.703,131.0,0.0,2h 11m,CCU to MAA,0.0,Night (21-05),PAY1828,1356.26,NETBANKING,69,60+,M,A***,J***
B1919,P1990,6F080,2026-03-17 11:37:36.952,PENDING,5237572154aea38c073d8bbff5bb6ba1a0d67ded3ed94384dbb49bb7ddb420e5,7C,D***,dfea6f22ac46d3be43be5976e54b514a31df914dcce89aaf7e10f7d1bb91202b,INDIGO,HYD,MAA,2026-04-17 19:47:41.702,2026-04-17 23:13:41.702,206.0,0.0,3h 26m,HYD to MAA,1.0,Evening (17-21),,,,62,60+,F,A***,A***
B1920,P1796,SJ095,2025-05-11 11:37:36.952,PENDING,d83c58a065936166f1e4cfd45d81238513b60ab376c76bdc156df0c90748c9cb,14A,M***,648e45439b64d1ff0613472fe97d3e65af52b57b37294b00348089a3fe514221,SPICEJET,DEL,MAA,2026-04-17 20:09:41.702,2026-04-17 23:13:41.702,184.0,0.0,3h 4m,DEL to MAA,0.0,Evening (17-21),,,,32,31-45,M,D***,A***
B1921,P1617,SJ115,2025-04-24 11:37:36.952,CANCELLED,a92b5195fc871a227b65327c008ca7f37e0e1c3e3e51a4b0d9c735162df13c97,21F,S***,5ee10caa3ef9de449dbbf6853264c42764766147bd66b2c2799e834c247854b1,SPICEJET,BOM,HYD,2026-04-17 21:05:41.702,2026-04-17 23:10:41.702,125.0,0.0,2h 5m,BOM to HYD,0.0,Night (21-05),PAY1101,9627.04,CARD,33,31-45,F,R***,G***
B1922,P1735,AI142,2025-05-14 11:37:36.952,CONFIRMED,18d8bd5eb8e142b4a6dd1dbb933851e74a9ad42c05be6e5f68e9cec4cb0b1415,7D,Y***,8fab1a8744765c7d6a09cca8a705984f4c31d80f914b33d73eff587cd1487c56,AIR INDIA,BOM,DEL,2026-04-17 20:49:41.702,2026-04-17 23:03:41.702,134.0,0.0,2h 14m,BOM to DEL,0.0,Evening (17-21),PAY1596,11708.41,CARD,12,Under 18,F,A***,K***
B1922,P1735,AI142,2025-05-14 11:37:36.952,CONFIRMED,18d8bd5eb8e142b4a6dd1dbb933851e74a9ad42c05be6e5f68e9cec4cb0b1415,7D,Y***,8fab1a8744765c7d6a09cca8a705984f4c31d80f914b33d73eff587cd1487c56,AIR INDIA,BOM,DEL,2026-04-17 20:49:41.702,2026-04-17 23:03:41.702,134.0,0.0,2h 14m,BOM to DEL,0.0,Evening (17-21),PAY1793,7858.51,CARD,12,Under 18,F,A***,K***
B1923,P1272,UK169,2025-11-28 11:37:36.952,CANCELLED,8a78eee5104917f9bf3a590ce190e44a0f08c5008c315fe4a5d0497250718972,33F,D***,f3a6f4b3c049d28ae1e89f897a07c8ca9e7c3cccfa675c447618adee611c318a,VISTARA,HYD,DEL,2026-04-17 18:12:41.703,2026-04-17 23:01:41.703,289.0,0.0,4h 49m,HYD to DEL,1.0,Evening (17-21),PAY1555,8467.53,NETBANKING,72,60+,F,S***,C***
B1924,P1909,SJ041,2025-05-04 11:37:36.952,CANCELLED,d6244c3526eb1069fed3fce649b65d32484638d16aac54098bc10d7b9203f1ad,27D,Z***,2f0f14ff6b25ff353a5d45fbe73443f8a474218f3b8537f283186d0898efc2a2,SPICEJET,CCU,HYD,2026-04-17 18:24:41.701,2026-04-17 22:59:41.701,275.0,0.0,4h 35m,CCU to HYD,1.0,Evening (17-21),PAY1549,4739.01,CARD,6,Under 18,M,A***,C***
B1925,P1231,UK171,2025-04-20 11:37:36.952,CONFIRMED,11fe7127fb97683e8ed6501bdd7dd829cf080a4afdda2e6b3a31a01cf21a2b5d,7D,E***,bf4b045552aa8198be65d979bdcb786e140799527de1fbfe7513576f972bf855,VISTARA,HYD,CCU,2026-04-17 19:59:41.703,2026-04-17 22:53:41.703,174.0,0.0,2h 54m,HYD to CCU,0.0,Evening (17-21),PAY1247,11102.07,UPI,59,46-60,M,R***,D***
B1925,P1231,UK171,2025-04-20 11:37:36.952,CONFIRMED,11fe7127fb97683e8ed6501bdd7dd829cf080a4afdda2e6b3a31a01cf21a2b5d,7D,E***,bf4b045552aa8198be65d979bdcb786e140799527de1fbfe7513576f972bf855,VISTARA,HYD,CCU,2026-04-17 19:59:41.703,2026-04-17 22:53:41.703,174.0,0.0,2h 54m,HYD to CCU,0.0,Evening (17-21),PAY1514,12741.86,CARD,59,46-60,M,R***,D***
B1925,P1231,UK171,2025-04-20 11:37:36.952,CONFIRMED,11fe7127fb97683e8ed6501bdd7dd829cf080a4afdda2e6b3a31a01cf21a2b5d,7D,E***,bf4b045552aa8198be65d979bdcb786e140799527de1fbfe7513576f972bf855,VISTARA,HYD,CCU,2026-04-17 19:59:41.703,2026-04-17 22:53:41.703,174.0,0.0,2h 54m,HYD to CCU,0.0,Evening (17-21),PAY1647,5691.29,UPI,59,46-60,M,R***,D***
B1926,P1419,AI081,2025-11-27 11:37:36.952,CANCELLED,8055dd9b1463d2f040e9dc126100cf7356913d6578c69a9a534b627dd3430ff5,18F,K***,ca685960b57571bdc203d54e124f5980a99ed5c821a4cc7345745ff306f9c972,AIR INDIA,CCU,BOM,2026-04-17 21:03:41.702,2026-04-17 22:51:41.702,108.0,0.0,1h 48m,CCU to BOM,0.0,Night (21-05),,,,9,Under 18,F,K***,I***
B1927,P1767,AI162,2026-01-28 11:37:36.952,PENDING,758ef45c000bb814f413eacfcf4d62064f3a174c28333e46d581960fd6bdfdc1,27D,O***,91143bd60d233360c7826e83c2e6aad6c9a4307777252306d615f8829ba4ed38,AIR INDIA,MAA,DEL,2026-04-17 19:20:41.703,2026-04-17 22:40:41.703,200.0,0.0,3h 20m,MAA to DEL,0.0,Evening (17-21),,,,4,Under 18,M,S***,S***
B1928,P1441,SJ037,2026-01-23 11:37:36.952,CANCELLED,596fbf172d57828f40d2098ca3edc9ff475ee282b26497c9010137fc1d3b4493,6F,H***,677b9e62da26acc00bd67a7e474d3dcc89d510c9bd039179cf19e27979922784,SPICEJET,BLR,BOM,2026-04-17 19:14:41.701,2026-04-17 22:31:41.701,197.0,0.0,3h 17m,BLR to BOM,1.0,Evening (17-21),PAY1984,6983.66,NETBANKING,29,18-30,M,A***,K***
B1929,P1495,SJ037,2025-11-05 11:37:36.952,CONFIRMED,06ed8ddb7b153986944fd3d7a3f110560587401b061467d50789358c1b473dab,6A,A***,ecd57eb0be91c640da8bd41716c12433785319cb447490b2cb434794f49f7a88,SPICEJET,BLR,BOM,2026-04-17 19:14:41.701,2026-04-17 22:31:41.701,197.0,0.0,3h 17m,BLR to BOM,1.0,Evening (17-21),,,,8,Under 18,F,A***,N***
B1930,P1023,UK080,2025-12-16 11:37:36.952,PENDING,babac3a1e3320ba26abeb2aecf4ff9ce26823fd1115ef425b11caa0091632ec6,3B,R***,207e34eb8329c058f960243a259feb31888e96bb447f5673a3b96a509997c758,VISTARA,BLR,MAA,2026-04-17 21:09:41.702,2026-04-17 22:29:41.702,80.0,0.0,1h 20m,BLR to MAA,0.0,Night (21-05),PAY1547,1625.9,CARD,76,60+,F,A***,P***
B1931,P1108,SJ031,2025-09-26 11:37:36.952,PENDING,236ad481785ad81fbd02ed4bff6cf9655c892354d15dea29157022a5dffe62aa,16C,A***,5512525eb27e4933195ed929d92e3ebbe85092bfe56059d210a8206243276daa,SPICEJET,DEL,BOM,2026-04-17 21:20:41.701,2026-04-17 22:29:41.701,69.0,0.0,1h 9m,DEL to BOM,0.0,Night (21-05),PAY1066,10011.51,CARD,8,Under 18,M,I***,K***
B1932,P1702,AI199,2025-12-28 11:37:36.952,CANCELLED,3f5caa34bb5255b90ca2769e71fea2dbe23a027bb3bb8523de264a47a084f9d5,4B,U***,5d19cff83e857ac1123364dd4b5be67e49aad29a9363260e2eeeda2fbc590e7a,AIR INDIA,HYD,DEL,2026-04-17 18:47:41.703,2026-04-17 22:26:41.703,219.0,0.0,3h 39m,HYD to DEL,0.0,Evening (17-21),PAY1284,8636.39,CARD,55,46-60,M,A***,M***
B1933,P1501,6F082,2025-05-28 11:37:36.952,CANCELLED,982914acf2838767a5cdf138c98f2970fa536d3b65ff878eb53d99f4df2830a5,7B,B***,ccf888328459fb2ff34543699783b8f46a4dc09da6485fa4c51b1d71b02ca158,INDIGO,BOM,BLR,2026-04-17 20:26:41.702,2026-04-17 22:26:41.702,120.0,0.0,2h 0m,BOM to BLR,0.0,Evening (17-21),,,,58,46-60,M,S***,J***
B1934,P1858,UK217,2026-04-12 11:37:36.952,PENDING,3ed064edd0f7bd4a0ec558e9875eed6f4570f57216d4cb3886d53a8218ac09b2,9F,V***,cd60e4229c936eacf8a01f826b52c03499af4c0d5de3a8c45696902f2aa89c6f,VISTARA,MAA,CCU,2026-04-17 21:19:41.704,2026-04-17 22:14:41.704,55.0,0.0,0h 55m,MAA to CCU,0.0,Night (21-05),PAY1092,10978.81,UPI,17,Under 18,F,M***,G***
B1935,P1024,UK014,2026-04-13 11:37:36.952,CANCELLED,76f169689d0c1b52a03d82384f5bd3f97749f804da6897e05960ed4ec8f0f4a0,6C,V***,de60fea12efd09f7a61f25339693b15ff0e5fcf80291442c5874fe3d97d2e3df,VISTARA,HYD,MAA,2026-04-17 20:41:41.701,2026-04-17 22:06:41.701,85.0,0.0,1h 25m,HYD to MAA,0.0,Evening (17-21),,,,58,46-60,M,V***,S***
B1936,P1186,SJ180,2026-01-11 11:37:36.952,CONFIRMED,0d9d308a4bd67fa612813fa0c867a599756653a18cd6a4b8c18930a7e2bb242a,14D,A***,c96a7ef6ff1bf3b4b85e817a735c4115e61db79fe6d696ea2f4e70c66e3f04b6,SPICEJET,HYD,CCU,2026-04-17 17:12:41.703,2026-04-17 22:00:41.703,288.0,0.0,4h 48m,HYD to CCU,1.0,Evening (17-21),PAY1187,5159.35,UPI,79,60+,F,S***,M***
B1936,P1186,SJ180,2026-01-11 11:37:36.952,CONFIRMED,0d9d308a4bd67fa612813fa0c867a599756653a18cd6a4b8c18930a7e2bb242a,14D,A***,c96a7ef6ff1bf3b4b85e817a735c4115e61db79fe6d696ea2f4e70c66e3f04b6,SPICEJET,HYD,CCU,2026-04-17 17:12:41.703,2026-04-17 22:00:41.703,288.0,0.0,4h 48m,HYD to CCU,1.0,Evening (17-21),PAY1937,6127.38,UPI,79,60+,F,S***,M***
B1937,P1287,6F268,2026-02-19 11:37:36.952,CANCELLED,8347b8af996054ec5f2e73c77cced1d668c94ad13514a07894687c47208f05c0,16E,J***,a3dd8600ff81477919164f02c7494b896a962259d15582fd6cff14e43ce64474,,,,,,,,,,,,PAY1865,6825.66,CARD,68,60+,F,I***,K***
B1938,P1627,UK205,2026-04-07 11:37:36.952,CANCELLED,b207faa3d267b0b40d82fb9a4b469318654e3ab9031283da90ebdf4a72ca7b3b,19B,M***,9528cefad6e1e3d532c7b40d5b4afb512750c54dca081bf111d759f168dbdadd,VISTARA,HYD,MAA,2026-04-17 18:57:41.703,2026-04-17 21:46:41.703,169.0,0.0,2h 49m,HYD to MAA,0.0,Evening (17-21),PAY1419,12242.79,UPI,21,18-30,M,A***,I***
B1939,P1337,SJ212,2025-07-22 11:37:36.952,PENDING,a983963d4840da8e3d952c60fe33c06118d5b8e83d80159d3d820249b77999c6,22B,M***,56ecac4685da1e5c5530e82bb92468a332f3c1217fd324e873c9e9d2c5a82a67,SpiceJet,MAA,BLR,2026-04-17 19:49:41.703,2026-04-17 21:44:41.703,115.0,0.0,1h 55m,MAA to BLR,0.0,Evening (17-21),PAY1131,8851.37,UPI,67,60+,F,V***,C***
B1939,P1337,SJ212,2025-07-22 11:37:36.952,PENDING,a983963d4840da8e3d952c60fe33c06118d5b8e83d80159d3d820249b77999c6,22B,M***,56ecac4685da1e5c5530e82bb92468a332f3c1217fd324e873c9e9d2c5a82a67,SpiceJet,MAA,BLR,2026-04-17 19:49:41.703,2026-04-17 21:44:41.703,115.0,0.0,1h 55m,MAA to BLR,0.0,Evening (17-21),PAY1174,9872.75,UPI,67,60+,F,V***,C***
B1939,P1337,SJ212,2025-07-22 11:37:36.952,PENDING,a983963d4840da8e3d952c60fe33c06118d5b8e83d80159d3d820249b77999c6,22B,M***,56ecac4685da1e5c5530e82bb92468a332f3c1217fd324e873c9e9d2c5a82a67,SpiceJet,MAA,BLR,2026-04-17 19:49:41.703,2026-04-17 21:44:41.703,115.0,0.0,1h 55m,MAA to BLR,0.0,Evening (17-21),PAY1279,7506.15,NETBANKING,67,60+,F,V***,C***
B1939,P1337,SJ212,2025-07-22 11:37:36.952,PENDING,a983963d4840da8e3d952c60fe33c06118d5b8e83d80159d3d820249b77999c6,22B,M***,56ecac4685da1e5c5530e82bb92468a332f3c1217fd324e873c9e9d2c5a82a67,SpiceJet,MAA,BLR,2026-04-17 19:49:41.703,2026-04-17 21:44:41.703,115.0,0.0,1h 55m,MAA to BLR,0.0,Evening (17-21),PAY1409,14923.36,UPI,67,60+,F,V***,C***
B1940,P1877,UK052,2025-06-25 11:37:36.952,CANCELLED,a36df22e4de59521e1bce9b1704434b53e4cee22493c87f6aaa2c23db671cd8c,17C,B***,c88708dac10c453e956a735e61f24365fdc544c843599ac2df85b0e8f315dfb9,VISTARA,BLR,CCU,2026-04-17 20:48:41.701,2026-04-17 21:40:41.701,52.0,0.0,0h 52m,BLR to CCU,0.0,Evening (17-21),PAY1728,13791.37,CARD,6,Under 18,F,A***,K***
B1940,P1877,UK052,2025-06-25 11:37:36.952,CANCELLED,a36df22e4de59521e1bce9b1704434b53e4cee22493c87f6aaa2c23db671cd8c,17C,B***,c88708dac10c453e956a735e61f24365fdc544c843599ac2df85b0e8f315dfb9,VISTARA,BLR,CCU,2026-04-17 20:48:41.701,2026-04-17 21:40:41.701,52.0,0.0,0h 52m,BLR to CCU,0.0,Evening (17-21),PAY1810,4783.48,NETBANKING,6,Under 18,F,A***,K***
B1941,P1913,UK230,2025-06-13 11:37:36.952,CANCELLED,9995cae728d114588f7e8e563c1ba82a4e2e34d61477b6664adc0ffc55e23d47,19D,F***,f764ed87dd9543dae6b6d97d49902253decf65fd55611363550a91584633666f,VISTARA,BLR,BOM,2026-04-17 20:02:41.704,2026-04-17 21:35:41.704,93.0,0.0,1h 33m,BLR to BOM,0.0,Evening (17-21),PAY1288,1551.73,CARD,66,60+,F,A***,N***
B1942,P1036,AI145,2025-07-18 11:37:36.952,CANCELLED,1dd67ac0e0f494e31d02a1f5c1c34b69d9f6867a8e7387dd7119996e2601f550,23D,R***,737ec19ecf8f5fd5db67b99642ebb9152cabe49186aba3b8ca3831a60941dc44,,,,,,,,,,,,PAY1789,1755.58,UPI,62,60+,F,R***,R***
B1943,P1793,SJ035,2026-03-13 11:37:36.952,CONFIRMED,be70b2650c427ce4bb683bff8ece6ce07ba8f625c39a8fab3c53e0b5740b8341,7E,V***,6e9480af160a4a8de3b5c34c0b95bb889c46e8608462bfaa4a164c678739e26c,SPICEJET,CCU,DEL,2026-04-17 20:15:41.701,2026-04-17 21:15:42.000,60.0,0.0,1h 0m,CCU to DEL,0.0,Evening (17-21),PAY1653,9116.92,NETBANKING,67,60+,M,A***,J***
B1943,P1793,SJ035,2026-03-13 11:37:36.952,CONFIRMED,be70b2650c427ce4bb683bff8ece6ce07ba8f625c39a8fab3c53e0b5740b8341,7E,V***,6e9480af160a4a8de3b5c34c0b95bb889c46e8608462bfaa4a164c678739e26c,SPICEJET,CCU,DEL,2026-04-17 20:15:41.701,2026-04-17 21:15:42.000,60.0,0.0,1h 0m,CCU to DEL,0.0,Evening (17-21),PAY1920,5304.06,UPI,67,60+,M,A***,J***
B1944,P1136,SJ184,2025-07-20 11:37:36.952,CANCELLED,b3004f43709e697c8ed2502aa4fd5a40d869ef18b354775818f56a3f68d4ec29,10B,S***,ae34b488f3361b223a39df237913a146bff095e0398e338ecf21a10c7c409c11,SPICEJET,CCU,DEL,2026-04-17 16:32:41.703,2026-04-17 21:00:41.703,268.0,0.0,4h 28m,CCU to DEL,1.0,Afternoon (12-17),PAY1027,3644.17,UPI,27,18-30,M,A***,V***
B1944,P1136,SJ184,2025-07-20 11:37:36.952,CANCELLED,b3004f43709e697c8ed2502aa4fd5a40d869ef18b354775818f56a3f68d4ec29,10B,S***,ae34b488f3361b223a39df237913a146bff095e0398e338ecf21a10c7c409c11,SPICEJET,CCU,DEL,2026-04-17 16:32:41.703,2026-04-17 21:00:41.703,268.0,0.0,4h 28m,CCU to DEL,1.0,Afternoon (12-17),PAY1508,9053.91,NETBANKING,27,18-30,M,A***,V***
B1945,P1507,6F207,2025-11-03 11:37:36.952,CONFIRMED,00c188230e5bfaf00edfe980d4ef94270e96e64390b80a21f10945d0cd0cb8eb,24A,A***,b1cfce43aa42d330a855158564ac8b85f7e09e7c7547597f2881183abd1e262f,INDIGO,BOM,HYD,2026-04-17 16:59:41.703,2026-04-17 21:00:41.703,241.0,0.0,4h 1m,BOM to HYD,1.0,Afternoon (12-17),,,,36,31-45,F,A***,K***
B1946,P1226,UK144,2026-03-30 11:37:36.952,CONFIRMED,a5ab532a7303be1f3a196552c04286dcb91affee29e001fa0502961fed67db28,15A,L***,c94626ae7dd3bbf7639a8cdb579c60b138f5436f4888f5fc1e749fbcdbf3d38a,VISTARA,BOM,CCU,2026-04-17 18:07:41.703,2026-04-17 20:59:41.703,172.0,0.0,2h 52m,BOM to CCU,0.0,Evening (17-21),PAY1988,11196.94,UPI,59,46-60,F,K***,C***
B1947,P1319,AI126,2025-10-22 11:37:36.952,CONFIRMED,4019b98b435a9d87127af7deec9278463b969187e1de44a55b648139fb42f974,1A,W***,03bc003007e9ab33e46a92965860e4b31c4cd03cd3dfd50b9cd2b830cb13b02d,AIR INDIA,MAA,HYD,2026-04-17 17:26:41.702,2026-04-17 20:48:41.702,202.0,0.0,3h 22m,MAA to HYD,0.0,Evening (17-21),PAY1627,2186.2,NETBANKING,35,31-45,M,K***,C***
B1948,P1839,SJ145,2025-05-19 11:37:36.952,CONFIRMED,6eea09bbf3ede36efb8d6cd49b9d460e79cf1d94676fbab761629ddc3ac0353f,10A,C***,610adc69de9ec5ce3a442e5b43116dfcd40b19a6a7bffea63f0c839ad3172597,SPICEJET,BLR,HYD,2026-04-17 17:41:41.702,2026-04-17 20:38:41.702,177.0,0.0,2h 57m,BLR to HYD,0.0,Evening (17-21),PAY1495,7705.92,CARD,78,60+,M,I***,N***
B1948,P1839,SJ145,2025-05-19 11:37:36.952,CONFIRMED,6eea09bbf3ede36efb8d6cd49b9d460e79cf1d94676fbab761629ddc3ac0353f,10A,C***,610adc69de9ec5ce3a442e5b43116dfcd40b19a6a7bffea63f0c839ad3172597,SPICEJET,BLR,HYD,2026-04-17 17:41:41.702,2026-04-17 20:38:41.702,177.0,0.0,2h 57m,BLR to HYD,0.0,Evening (17-21),PAY1559,6743.77,NETBANKING,78,60+,M,I***,N***
B1949,P1915,6F040,2025-05-16 11:37:36.952,PENDING,fe237896329df2f5592c7872df71f379af0fba7b13382de9510680cc78d666b1,15B,U***,8945ae818508a9c95fb7839d3acea059bf8679b5c61e477adac1639df808872d,INDIGO,HYD,CCU,2026-04-17 15:52:41.701,2026-04-17 20:33:41.701,281.0,0.0,4h 41m,HYD to CCU,1.0,Afternoon (12-17),PAY1980,11031.75,UPI,75,60+,M,S***,P***
B1949,P1915,6F040,2025-05-16 11:37:36.952,PENDING,fe237896329df2f5592c7872df71f379af0fba7b13382de9510680cc78d666b1,15B,U***,8945ae818508a9c95fb7839d3acea059bf8679b5c61e477adac1639df808872d,INDIGO,HYD,CCU,2026-04-17 15:52:41.701,2026-04-17 20:33:41.701,281.0,0.0,4h 41m,HYD to CCU,1.0,Afternoon (12-17),PAY1998,3328.36,CARD,75,60+,M,S***,P***
B1950,P1181,UK049,2025-06-15 11:37:36.952,CONFIRMED,7a25399c97c27f86386f15f3cbbad0143db600b0d88382233898a6a18afa418b,21B,C***,a79d3012c7f289dae42cfd2ae51150240a1d5c02405630d0d25bb917aa10b0c4,VISTARA,HYD,BOM,2026-04-17 19:47:41.701,2026-04-17 20:32:41.701,45.0,0.0,0h 45m,HYD to BOM,0.0,Evening (17-21),,,,62,60+,M,S***,C***
B1951,P1873,UK049,2026-03-18 11:37:36.952,CANCELLED,52f76fd66e87b66c0faea39b164745bf523350c7fbb002e44e6a465f19c96596,3F,O***,7c070d590a56e680a4b36540fdeada6243a24ecc64cfcd1d34bbeac24bb0eb69,VISTARA,HYD,BOM,2026-04-17 19:47:41.701,2026-04-17 20:32:41.701,45.0,0.0,0h 45m,HYD to BOM,0.0,Evening (17-21),PAY1929,12831.14,NETBANKING,40,31-45,M,S***,R***
B1952,P1085,AI087,2025-10-18 11:37:36.952,CONFIRMED,ca06b794d72eac2280655e787164b55be718baf97ad8c070eb574d79eb80b0fc,2C,U***,8a33aed6ce124ce205e42b3ef886d6b4f173f561ca48c83bba5962cb6d9af177,AIR INDIA,MAA,DEL,2026-04-17 16:32:41.702,2026-04-17 20:30:41.702,238.0,0.0,3h 58m,MAA to DEL,1.0,Afternoon (12-17),PAY1370,10237.24,NETBANKING,85,60+,M,D***,N***
B1953,P1466,AI152,2025-05-24 11:37:36.952,CANCELLED,6e3b513fe6ae0d4011930aba9a45ed5116fcf2a05e21f24637d3bfc2221f4b79,19A,L***,d614650038a8ed4b9ed44589a5edb70461a75b0f151f5254e71bb972a579c24f,AIR INDIA,BLR,CCU,2026-04-17 19:21:41.703,2026-04-17 20:26:41.703,65.0,0.0,1h 5m,BLR to CCU,0.0,Evening (17-21),PAY1341,12741.76,CARD,80,60+,F,A***,R***
B1954,P1925,SJ240,2025-11-06 11:37:36.952,CONFIRMED,400737dc48e7ad828c7a09825ecbf10bfb3b8b145281e486b3ef94a32179b4d7,2A,N***,6c5371a3dcc0b4dc41cc63ab0615b3d42925973cffb562741ac612fb6a5ec013,SPICEJET,BOM,HYD,2026-04-17 16:42:41.704,2026-04-17 20:21:41.704,219.0,0.0,3h 39m,BOM to HYD,0.0,Afternoon (12-17),PAY1799,14524.79,NETBANKING,19,18-30,M,D***,N***
B1955,P1052,AI212,2025-09-14 11:37:36.952,PENDING,46a858e436cd6e52200b52ee5f376db4b8ea65e411405eaf74a186fb52ad98b1,22B,V***,8c034b64abb14592e5ada4078974499a14aef041e32554ef8d984b557a32ac49,AIR INDIA,DEL,CCU,2026-04-17 15:31:41.703,2026-04-17 20:13:41.703,282.0,0.0,4h 42m,DEL to CCU,1.0,Afternoon (12-17),,,,53,46-60,F,S***,K***
B1956,P1859,AI064,2025-09-21 11:37:36.952,CONFIRMED,30ab8b624843fbf6d9cf887ca96eed80baf24b01a79717fd32b3b15e5fabe090,3B,R***,b5d082f5921aa68e107b3c990b0949a813d380e998d038a37ef4686528ad1989,AIR INDIA,BLR,MAA,2026-04-17 18:24:41.701,2026-04-17 20:07:41.701,103.0,0.0,1h 43m,BLR to MAA,0.0,Evening (17-21),,,,86,60+,F,S***,K***
B1957,P1866,6F093,2025-06-07 11:37:36.952,CONFIRMED,4dcb28787e988d66cb3ff81b5c2387e1c4298d64393afd790ae25ae772631c5c,32E,E***,6f0af9c23b8f17a3ed7cd74f6f4d8b8ba92531666b222f3619cd7ba940793cec,INDIGO,CCU,DEL,2026-04-17 16:09:41.702,2026-04-17 20:00:41.702,231.0,0.0,3h 51m,CCU to DEL,1.0,Afternoon (12-17),PAY1337,4851.79,CARD,68,60+,F,I***,G***
B1958,P1234,AI118,2025-04-28 11:37:36.952,PENDING,c3d22ef6776bca0265226d33089d469b0312ecbc476d33a8f726c80a369994eb,29C,D***,f0335896ddd393af9c283ecb88ddf30a24720444a7f47ee6cf8916362e368014,AIR INDIA,HYD,MAA,2026-04-17 17:50:41.702,2026-04-17 19:59:41.702,129.0,0.0,2h 9m,HYD to MAA,0.0,Evening (17-21),PAY1691,1256.74,CARD,67,60+,M,A***,B***
B1958,P1234,AI118,2025-04-28 11:37:36.952,PENDING,c3d22ef6776bca0265226d33089d469b0312ecbc476d33a8f726c80a369994eb,29C,D***,f0335896ddd393af9c283ecb88ddf30a24720444a7f47ee6cf8916362e368014,AIR INDIA,HYD,MAA,2026-04-17 17:50:41.702,2026-04-17 19:59:41.702,129.0,0.0,2h 9m,HYD to MAA,0.0,Evening (17-21),PAY1945,1471.1,NETBANKING,67,60+,M,A***,B***
B1959,P1958,AI172,2025-12-19 11:37:36.952,CONFIRMED,cb6ba9cfd00fcb57f90538bd9289bfaa66179c7b3ac69e9d98fbddb73670466e,23D,V***,6d535f79637f5459ec5064140dd3b7c193ede8d4a8d4a0b8806dcc952d7131e4,AIR INDIA,BOM,CCU,2026-04-17 19:08:41.703,2026-04-17 19:53:41.703,45.0,0.0,0h 45m,BOM to CCU,0.0,Evening (17-21),PAY1076,9818.89,UPI,24,18-30,M,A***,G***
B1959,P1958,AI172,2025-12-19 11:37:36.952,CONFIRMED,cb6ba9cfd00fcb57f90538bd9289bfaa66179c7b3ac69e9d98fbddb73670466e,23D,V***,6d535f79637f5459ec5064140dd3b7c193ede8d4a8d4a0b8806dcc952d7131e4,AIR INDIA,BOM,CCU,2026-04-17 19:08:41.703,2026-04-17 19:53:41.703,45.0,0.0,0h 45m,BOM to CCU,0.0,Evening (17-21),PAY1242,7275.19,NETBANKING,24,18-30,M,A***,G***
B1960,P1778,6F183,2026-01-30 11:37:36.952,CANCELLED,df5285af4cb4066b96af7259eeef3c3282282241007e84208ed0e185bfa90c24,27E,B***,5a9c71ceebc3b2eb549bcb75c5f5fff80194b0b651c868f8ee4309d6dd2a4712,INDIGO,MAA,HYD,2026-04-17 17:08:41.703,2026-04-17 19:52:41.703,164.0,0.0,2h 44m,MAA to HYD,0.0,Evening (17-21),PAY1812,14657.97,CARD,53,46-60,F,K***,V***
B1961,P1798,6F200,2025-07-15 11:37:36.952,CONFIRMED,3d766de57210d01bc2138757e0060aaba5ba5af8da6ea832cc686bc7c596cbb9,28A,O***,b810406839de45955baaed957b56dc8a0570f6597331308152b02ebec3653205,INDIGO,HYD,DEL,2026-04-17 14:54:41.703,2026-04-17 19:41:41.703,287.0,0.0,4h 47m,HYD to DEL,1.0,Afternoon (12-17),,,,61,60+,F,A***,M***
B1962,P1432,SJ077,2025-12-23 11:37:36.952,CONFIRMED,0675b187fa2cfb89f660cc3babeedc6fbd6333c17e99d60a9c09731ad35d1179,18C,B***,96828be62f433403a921b70b7435860e0c928ad9aa3adc4ed23367b4317e1c75,SPICEJET,BLR,MAA,2026-04-17 17:32:41.701,2026-04-17 19:40:41.701,128.0,0.0,2h 8m,BLR to MAA,0.0,Evening (17-21),PAY1067,9530.25,CARD,69,60+,F,S***,C***
B1962,P1432,SJ077,2025-12-23 11:37:36.952,CONFIRMED,0675b187fa2cfb89f660cc3babeedc6fbd6333c17e99d60a9c09731ad35d1179,18C,B***,96828be62f433403a921b70b7435860e0c928ad9aa3adc4ed23367b4317e1c75,SPICEJET,BLR,MAA,2026-04-17 17:32:41.701,2026-04-17 19:40:41.701,128.0,0.0,2h 8m,BLR to MAA,0.0,Evening (17-21),PAY1209,1833.17,UPI,69,60+,F,S***,C***
B1962,P1432,SJ077,2025-12-23 11:37:36.952,CONFIRMED,0675b187fa2cfb89f660cc3babeedc6fbd6333c17e99d60a9c09731ad35d1179,18C,B***,96828be62f433403a921b70b7435860e0c928ad9aa3adc4ed23367b4317e1c75,SPICEJET,BLR,MAA,2026-04-17 17:32:41.701,2026-04-17 19:40:41.701,128.0,0.0,2h 8m,BLR to MAA,0.0,Evening (17-21),PAY1656,7948.25,CARD,69,60+,F,S***,C***
B1962,P1432,SJ077,2025-12-23 11:37:36.952,CONFIRMED,0675b187fa2cfb89f660cc3babeedc6fbd6333c17e99d60a9c09731ad35d1179,18C,B***,96828be62f433403a921b70b7435860e0c928ad9aa3adc4ed23367b4317e1c75,SPICEJET,BLR,MAA,2026-04-17 17:32:41.701,2026-04-17 19:40:41.701,128.0,0.0,2h 8m,BLR to MAA,0.0,Evening (17-21),PAY1790,11681.57,UPI,69,60+,F,S***,C***
B1963,P1495,UK030,2026-02-24 11:37:36.952,CONFIRMED,3251f9d7abd9fdd2e160ddc6f763952f54dfa055e2812a33f1a486cbb25e92ea,27F,W***,c7d09f91d5da56bab6dc521f5c38c41c12c796271f9b16127368c7d852610ea7,VISTARA,CCU,DEL,2026-04-17 15:11:41.701,2026-04-17 19:38:41.701,267.0,0.0,4h 27m,CCU to DEL,1.0,Afternoon (12-17),,,,8,Under 18,F,A***,N***
B1964,P1998,SJ232,2025-05-21 11:37:36.952,PENDING,89c874c2d37159fb8ca5d2500936ffacbcff758c857b25ab281108d18d198315,18B,B***,60f5b5d280169c787ebb441edff4715b3d707e26991e04846f1a2b48519a7779,SPICEJET,MAA,BLR,2026-04-17 15:02:41.704,2026-04-17 19:22:41.704,260.0,0.0,4h 20m,MAA to BLR,1.0,Afternoon (12-17),,,,39,31-45,F,S***,K***
B1965,P1099,6F090,2026-01-29 11:37:36.952,CONFIRMED,029f842ceb5549f83347fd665c7eee70f65c767bdf9cb52412e804f2670d2833,20D,A***,e077f90a12a8ccd2f533cfe38a9e36562d1c9bd00e9b6cb31220ba110220c223,INDIGO,HYD,BLR,2026-04-17 15:10:41.702,2026-04-17 19:22:41.702,252.0,0.0,4h 12m,HYD to BLR,1.0,Afternoon (12-17),,,,71,60+,F,V***,A***
B1966,P1989,UK002,2025-11-06 11:37:36.952,CONFIRMED,2be274e40ec288fc45a8fb75e1876e497ddfca6590cb9cf9723fb8fae4de66f9,12B,H***,ae9446ae7081bc8136eab6b3f00c533933a6d7125eb48d0adb72a7fb25ba8f92,VISTARA,CCU,MAA,2026-04-17 14:28:41.700,2026-04-17 19:20:41.700,292.0,0.0,4h 52m,CCU to MAA,1.0,Afternoon (12-17),PAY1291,14419.64,UPI,26,18-30,M,R***,C***
B1966,P1989,UK002,2025-11-06 11:37:36.952,CONFIRMED,2be274e40ec288fc45a8fb75e1876e497ddfca6590cb9cf9723fb8fae4de66f9,12B,H***,ae9446ae7081bc8136eab6b3f00c533933a6d7125eb48d0adb72a7fb25ba8f92,VISTARA,CCU,MAA,2026-04-17 14:28:41.700,2026-04-17 19:20:41.700,292.0,0.0,4h 52m,CCU to MAA,1.0,Afternoon (12-17),PAY1715,6405.91,UPI,26,18-30,M,R***,C***
B1966,P1989,UK002,2025-11-06 11:37:36.952,CONFIRMED,2be274e40ec288fc45a8fb75e1876e497ddfca6590cb9cf9723fb8fae4de66f9,12B,H***,ae9446ae7081bc8136eab6b3f00c533933a6d7125eb48d0adb72a7fb25ba8f92,VISTARA,CCU,MAA,2026-04-17 14:28:41.700,2026-04-17 19:20:41.700,292.0,0.0,4h 52m,CCU to MAA,1.0,Afternoon (12-17),PAY1964,13474.77,CARD,26,18-30,M,R***,C***
B1967,P1598,AI154,2025-07-03 11:37:36.952,CANCELLED,c6774ded51c462e0445f003c60ff32f9ed03bdbb1b349657da66f6daa804ff48,22C,B***,a4f3b5401298b90cb761523f4e344177f5c709ffb8ae73fd1db709df7cd2a025,AIR INDIA,HYD,MAA,2026-04-17 15:25:41.703,2026-04-17 19:16:41.703,231.0,0.0,3h 51m,HYD to MAA,1.0,Afternoon (12-17),PAY1004,12518.31,CARD,39,31-45,M,A***,G***
B1968,P1402,6F089,2025-10-11 11:37:36.952,CONFIRMED,40320809ef99bcadcd19d3617b939f6c038e590a4c0bc357a2e790ccaaa9b041,2D,W***,113081ce83b97f613badbd14248ebdbd658319a0b79e8bb75b6c1485ad8bc992,INDIGO,DEL,HYD,2026-04-17 17:06:41.702,2026-04-17 19:10:41.702,124.0,0.0,2h 4m,DEL to HYD,0.0,Evening (17-21),PAY1582,14600.78,NETBANKING,68,60+,F,R***,K***
B1969,P1395,6F218,2026-04-08 11:37:36.952,CONFIRMED,e0ca92e76c33466f37f41f8ff9f64f9abdfedf34406ee528972cad7a4e9f8735,29A,Y***,3860cb2bafe2cc90b4dff9973235ff64b3048ff7fa8d8bb41d8c5a9d32854a79,INDIGO,BLR,BOM,2026-04-17 15:16:41.704,2026-04-17 19:03:41.704,227.0,0.0,3h 47m,BLR to BOM,1.0,Afternoon (12-17),PAY1849,13598.0,UPI,15,Under 18,F,R***,I***
B1970,P1526,6F241,2025-11-26 11:37:36.952,CONFIRMED,45bf82ef85e9f6809e645d1191fc4205ed531919d32ee24d7c076645a35e754f,12B,A***,936579f763851950d83a7be94261c78f2c81cb8c718108b4eb26bf1ed3dfb367,INDIGO,DEL,HYD,2026-04-17 18:27:41.704,2026-04-17 19:02:41.704,35.0,0.0,0h 35m,DEL to HYD,0.0,Evening (17-21),PAY1300,4558.49,NETBANKING,62,60+,M,S***,S***
B1971,P1414,6F116,2025-08-20 11:37:36.952,CONFIRMED,acdee7a0874e1f88ad24fcaa4901a25d7d2580dadc3764795c00867aa3100e40,2B,I***,f6f6c05cb556e89f16489f99c7c2fe0135b107f45ccdc1297fe3a47275089977,INDIGO,MAA,CCU,2026-04-17 16:43:41.702,2026-04-17 19:02:41.702,139.0,0.0,2h 19m,MAA to CCU,0.0,Afternoon (12-17),,,,19,18-30,M,M***,S***
B1972,P1938,UK199,2025-04-18 11:37:36.952,CANCELLED,10cf336ac16ef3d0da2a0d1f1e2a814d0bfeb7cf91b5a11e500f9816e2605a07,19B,N***,8f443d387de7680392007f08379a74197a383e6faec916c58878650d716866f7,VISTARA,BOM,CCU,2026-04-17 15:24:41.703,2026-04-17 18:55:41.703,211.0,0.0,3h 31m,BOM to CCU,0.0,Afternoon (12-17),PAY1736,5458.57,UPI,33,31-45,F,R***,J***
B1973,P1612,SJ033,2025-04-28 11:37:36.952,CANCELLED,61ce1224b2b167a6b9af59f682f938c0ac319f8c3a2f51af539390d8fe3b48b1,8C,A***,5d0cb6f1bfeaafdb82c77afed71ae17a87c85b9d528298e761e7d061e876c7c8,SPICEJET,HYD,DEL,2026-04-17 17:26:41.701,2026-04-17 18:51:41.701,85.0,0.0,1h 25m,HYD to DEL,0.0,Evening (17-21),,,,77,60+,F,A***,P***
B1974,P1676,AI210,2025-08-03 11:37:36.952,PENDING,6bc33414afef8a62b609964a78d1c0e52f62b5b9a8aba9993cd7709b6b866a20,15B,A***,b8a89a768f871e359d2b1d623b7557923621ae837295ace3af78aa2ede8a2783,AIR INDIA,BLR,BOM,2026-04-17 16:13:41.703,2026-04-17 18:50:41.703,157.0,0.0,2h 37m,BLR to BOM,0.0,Afternoon (12-17),,,,82,60+,F,R***,R***
B1975,P1462,UK148,2025-08-26 11:37:36.952,NAN,cc89601dc52da80c3b8fb693261cc9f24193ed9a74b08eeb49a738272e63b467,20E,C***,7b27c0dc7ae912aed947c63c3ab73330298db62ea7ee1419e9dc8dd1be286877,VISTARA,HYD,BOM,2026-04-17 16:31:41.703,2026-04-17 18:43:41.703,132.0,0.0,2h 12m,HYD to BOM,0.0,Afternoon (12-17),PAY1773,7791.01,CARD,69,60+,F,R***,K***
B1976,P1540,AI229,2025-08-27 11:37:36.952,PENDING,cc0e0ade7fba1cb20b4ea2e8ffe5ed5f2c7930a21bdf3ef88adff182ce78cb54,16F,P***,e882a15223a300e3ee4c444f1b9fca38d6fd275ba84bca7ea4a47bb56d8cf208,AIR INDIA,HYD,MAA,2026-04-17 16:48:41.703,2026-04-17 18:40:41.703,112.0,0.0,1h 52m,HYD to MAA,0.0,Afternoon (12-17),PAY1078,8576.26,NETBANKING,28,18-30,F,K***,K***
B1977,P1625,UK005,2026-01-01 11:37:36.952,PENDING,2e36d7924f904342520604d3a1784e99638c83f85ea2617f855725fc9804c3cb,4A,P***,f4afb62665bc1503c59bf01f256500513ef82b53437431f2a7d6c1ab8f4243a5,VISTARA,BOM,MAA,2026-04-17 14:02:41.701,2026-04-17 18:14:41.701,252.0,0.0,4h 12m,BOM to MAA,1.0,Afternoon (12-17),,,,61,60+,F,R***,P***
B1978,P1618,SJ080,2025-12-07 11:37:36.952,CONFIRMED,9e0eb85626e62211f954462c40ba80dbc4613616957d59f5ba811a2225bf89cd,12C,F***,f7f8bebd8ea4ab245e8701e454c61e90ce526c206fc1d727bd0cc809de33df92,SPICEJET,CCU,MAA,2026-04-17 16:04:41.702,2026-04-17 17:59:41.702,115.0,0.0,1h 55m,CCU to MAA,0.0,Afternoon (12-17),PAY1613,9450.85,UPI,38,31-45,F,I***,S***
B1979,P1921,SJ092,2025-12-02 11:37:36.952,CANCELLED,3f117b4d02d43b0fe95d8bd0ac3f3620363e9a840a1e296bce2d8f520e1a989b,1F,N***,cf153f3e09d3f38eed78989020dcd09f7865e4bf97bb10082364b4b7436d1eaa,SPICEJET,BLR,MAA,2026-04-17 13:19:41.702,2026-04-17 17:56:41.702,277.0,0.0,4h 37m,BLR to MAA,1.0,Afternoon (12-17),,,,5,Under 18,M,I***,C***
B1980,P1363,SJ055,2025-12-04 11:37:36.952,CANCELLED,8c71626e2ad03cedd9fd9d397e618b4120a71ed4022c44f08709be48df34eb20,15A,Q***,f3eb4e89720f8085440ff678d7e0230dd3db7de917b54d2ae89bb431ede67edd,SPICEJET,HYD,MAA,2026-04-17 14:17:41.701,2026-04-17 17:56:41.701,219.0,0.0,3h 39m,HYD to MAA,1.0,Afternoon (12-17),PAY1500,12102.14,CARD,13,Under 18,F,S***,I***
B1981,P1129,AI239,2025-05-17 11:37:36.952,CONFIRMED,48adfefb2f17d8654ff17c46298b227bc0d352d64afe25fd6568b0005b14215c,19D,V***,2254e73621b91ee63f830083c4528a85cb83d8d05ef8f72c0cb199d7f51f042d,AIR INDIA,BOM,HYD,2026-04-17 14:33:41.704,2026-04-17 17:47:41.704,194.0,0.0,3h 14m,BOM to HYD,0.0,Afternoon (12-17),PAY1090,4761.81,CARD,65,60+,F,V***,J***
B1981,P1129,AI239,2025-05-17 11:37:36.952,CONFIRMED,48adfefb2f17d8654ff17c46298b227bc0d352d64afe25fd6568b0005b14215c,19D,V***,2254e73621b91ee63f830083c4528a85cb83d8d05ef8f72c0cb199d7f51f042d,AIR INDIA,BOM,HYD,2026-04-17 14:33:41.704,2026-04-17 17:47:41.704,194.0,0.0,3h 14m,BOM to HYD,0.0,Afternoon (12-17),PAY1522,7404.46,UPI,65,60+,F,V***,J***
B1982,P1083,6F162,2025-06-17 11:37:36.952,NAN,6b5169bea62032da5ab3acd1a572d1c3b4659875dbbc329ab76dfd19d3a20728,7A,Y***,17cc72bad5e4e4bf8e229c512cd7975f223b8c55774c3fc0e67f3d396fdd7312,INDIGO,CCU,BOM,2026-04-17 14:50:41.703,2026-04-17 17:44:41.703,174.0,0.0,2h 54m,CCU to BOM,0.0,Afternoon (12-17),,,,62,60+,F,A***,B***
B1983,P1270,UK101,2025-06-28 11:37:36.952,NAN,f77238bbdc58359e536754a71cc2cba21d06e9b334babccef8fd19cef5635f72,27A,A***,1cf9ed03aa49891e4dd0578c045f73d97b9828e5d772e7b4fc84bf0a65ecac8d,VISTARA,DEL,HYD,2026-04-17 15:00:41.702,2026-04-17 17:43:41.702,163.0,0.0,2h 43m,DEL to HYD,0.0,Afternoon (12-17),PAY1689,9117.5,CARD,24,18-30,M,R***,N***
B1984,P1243,6F198,2025-04-25 11:37:36.952,CONFIRMED,ee6e4383cf04e8cbfc94fdf7cfe21c9e676d39dcbbaa05e7f17504bdd9623680,27F,W***,39e5f3f275a4778c78b60968f759fedd371f345c23c487532cb85d03f82e9a07,INDIGO,HYD,BLR,2026-04-17 12:40:41.703,2026-04-17 17:39:41.703,299.0,0.0,4h 59m,HYD to BLR,1.0,Afternoon (12-17),PAY1424,8109.9,UPI,1,Under 18,M,A***,C***
B1984,P1243,6F198,2025-04-25 11:37:36.952,CONFIRMED,ee6e4383cf04e8cbfc94fdf7cfe21c9e676d39dcbbaa05e7f17504bdd9623680,27F,W***,39e5f3f275a4778c78b60968f759fedd371f345c23c487532cb85d03f82e9a07,INDIGO,HYD,BLR,2026-04-17 12:40:41.703,2026-04-17 17:39:41.703,299.0,0.0,4h 59m,HYD to BLR,1.0,Afternoon (12-17),PAY1754,11501.29,UPI,1,Under 18,M,A***,C***
B1985,P1387,6F239,2025-09-28 11:37:36.952,CONFIRMED,85c4f9ef02d2ddf69f2020a1e8724b1671857035e541bdb193df65cd9c7b63a6,31F,A***,98dd99c7d2ab316321b832c521eaa0434d43d3a08a98b2889ec6e6dd5b3738d5,INDIGO,CCU,BOM,2026-04-17 15:24:41.704,2026-04-17 17:37:41.704,133.0,0.0,2h 13m,CCU to BOM,0.0,Afternoon (12-17),,,,22,18-30,F,A***,S***
B1986,P1213,SJ177,2025-10-07 11:37:36.952,CONFIRMED,099267cc16554c04e23e8290a4cb3f57f66e459ad4d2d4775684cf3f67b0fe34,13F,C***,b56a09da433ac4ba2084554672cdf43d12a49ee45f323e613745f57fe28d40de,SPICEJET,BOM,CCU,2026-04-17 13:04:41.703,2026-04-17 17:37:41.703,273.0,0.0,4h 33m,BOM to CCU,1.0,Afternoon (12-17),,,,68,60+,F,S***,P***
B1987,P1817,6F044,2026-03-12 11:37:36.952,CANCELLED,d6ad211095ac7bf671a1d487e4e640302818d1abb3c388a51cba0f799e661884,19F,A***,88a2b577c85f11c1f63645451ced435901fb75371f34e69d7f4beaae8a0cc4b0,INDIGO,DEL,HYD,2026-04-17 13:25:41.701,2026-04-17 17:36:41.701,251.0,0.0,4h 11m,DEL to HYD,1.0,Afternoon (12-17),PAY1009,4585.24,CARD,27,18-30,M,R***,P***
B1987,P1817,6F044,2026-03-12 11:37:36.952,CANCELLED,d6ad211095ac7bf671a1d487e4e640302818d1abb3c388a51cba0f799e661884,19F,A***,88a2b577c85f11c1f63645451ced435901fb75371f34e69d7f4beaae8a0cc4b0,INDIGO,DEL,HYD,2026-04-17 13:25:41.701,2026-04-17 17:36:41.701,251.0,0.0,4h 11m,DEL to HYD,1.0,Afternoon (12-17),PAY1053,4148.68,CARD,27,18-30,M,R***,P***
B1988,P1165,6F248,2026-02-17 11:37:36.952,PENDING,042638a9234f43399ba7f1ec09fa4136372249306c590d8f5c063bdbfc52cc11,13A,W***,3ee3e36581991fd4bed63e34df7857102d870f33133be2be7b72f693eac37a7d,INDIGO,DEL,HYD,2026-04-17 13:25:41.701,2026-04-17 17:36:41.701,251.0,0.0,4h 11m,DEL to HYD,1.0,Afternoon (12-17),PAY1211,13945.28,UPI,44,31-45,M,I***,S***
B1989,P1790,6F002,2025-12-10 11:37:36.952,NAN,a36e6a52e45f48dd125b63d91395cc8ae413c597e26f9610e2cc7bb1e6348821,16F,J***,947a97ad12594f59a9980f29d6944b03552b84c79b363326e9cd1c0d217477c2,INDIGO,BLR,MAA,2026-04-17 14:11:41.700,2026-04-17 17:34:41.700,203.0,0.0,3h 23m,BLR to MAA,0.0,Afternoon (12-17),,,,4,Under 18,F,S***,B***
B1990,P1058,SJ197,2026-03-31 11:37:36.952,CONFIRMED,15150784b7bc5f2f120385c781375aa8e231eef2b13b288cf7ebd2ad8c832be4,14B,D***,3c04f11e42bff4e1a58563208e45cf219a6ded760134a533acfd7019fd68abe9,SPICEJET,HYD,BLR,2026-04-17 14:49:41.703,2026-04-17 17:33:41.703,164.0,0.0,2h 44m,HYD to BLR,0.0,Afternoon (12-17),PAY1148,4434.27,NETBANKING,8,Under 18,F,D***,M***
B1990,P1058,SJ197,2026-03-31 11:37:36.952,CONFIRMED,15150784b7bc5f2f120385c781375aa8e231eef2b13b288cf7ebd2ad8c832be4,14B,D***,3c04f11e42bff4e1a58563208e45cf219a6ded760134a533acfd7019fd68abe9,SPICEJET,HYD,BLR,2026-04-17 14:49:41.703,2026-04-17 17:33:41.703,164.0,0.0,2h 44m,HYD to BLR,0.0,Afternoon (12-17),PAY1539,9960.43,NETBANKING,8,Under 18,F,D***,M***
B1991,P1601,UK091,2026-01-14 11:37:36.952,CANCELLED,4bb662d2e16c6009f96381d1ea6505fbfb1d80322e1544be05eec3e4555c5c39,22E,N***,88d35f931c8ebe31be71285bfabe122ed147cbc7d7873f5246f55746d35a07e8,VISTARA,CCU,BOM,2026-04-17 13:37:41.702,2026-04-17 17:31:41.702,234.0,0.0,3h 54m,CCU to BOM,1.0,Afternoon (12-17),,,,39,31-45,M,K***,N***
B1992,P1882,6F215,2025-04-25 11:37:36.952,CONFIRMED,becb0042d6f7756acef7598873ee7d4990e2f46f685a0d7b784b87cfc86b8710,25C,D***,64f4e019f64fade4af9b468b41b2ed07e4c8814d9122df86263ef605fd7643ec,INDIGO,DEL,BLR,2026-04-17 13:00:41.703,2026-04-17 17:30:41.703,270.0,0.0,4h 30m,DEL to BLR,1.0,Afternoon (12-17),PAY1468,4590.22,CARD,56,46-60,F,K***,G***
B1992,P1882,6F215,2025-04-25 11:37:36.952,CONFIRMED,becb0042d6f7756acef7598873ee7d4990e2f46f685a0d7b784b87cfc86b8710,25C,D***,64f4e019f64fade4af9b468b41b2ed07e4c8814d9122df86263ef605fd7643ec,INDIGO,DEL,BLR,2026-04-17 13:00:41.703,2026-04-17 17:30:41.703,270.0,0.0,4h 30m,DEL to BLR,1.0,Afternoon (12-17),PAY1593,2164.83,NETBANKING,56,46-60,F,K***,G***
B1992,P1882,6F215,2025-04-25 11:37:36.952,CONFIRMED,becb0042d6f7756acef7598873ee7d4990e2f46f685a0d7b784b87cfc86b8710,25C,D***,64f4e019f64fade4af9b468b41b2ed07e4c8814d9122df86263ef605fd7643ec,INDIGO,DEL,BLR,2026-04-17 13:00:41.703,2026-04-17 17:30:41.703,270.0,0.0,4h 30m,DEL to BLR,1.0,Afternoon (12-17),PAY1960,7248.01,UPI,56,46-60,F,K***,G***
B1993,P1842,AI093,2026-03-11 11:37:36.952,CANCELLED,25f6f582c1e32f02836e8a29afcab676558f52c0e80a434e35407483df53663d,5B,C***,649243f3aac5d9777c308d4a450edbb168134f699bab962a4190fe6a204cd095,AIR INDIA,BOM,BLR,2026-04-17 12:35:41.702,2026-04-17 17:28:41.702,293.0,0.0,4h 53m,BOM to BLR,1.0,Afternoon (12-17),,,,26,18-30,F,I***,B***
B1994,P1923,UK090,2026-03-31 11:37:36.952,CONFIRMED,34cefdacaf73ab36b7ddf332766abfd64f60bd392e14ef9bde17030d1aedf231,21D,T***,fe54d90000eb8ad4ee8b3eba68c19eea4619b74619ef3a9e80b6dcf83dfe9eab,VISTARA,HYD,MAA,2026-04-17 14:44:41.702,2026-04-17 17:24:41.702,160.0,0.0,2h 40m,HYD to MAA,0.0,Afternoon (12-17),,,,26,18-30,M,S***,G***
B1995,P1503,SJ005,2025-11-20 11:37:36.952,CANCELLED,116549fd3061468147dddd05fa1d5e044e407d1af042a279d05aae2b5f38794a,11C,K***,a13407e203c38567a1b42976be0b0defebd13cd67458258f08cd99282903c12f,SPICEJET,DEL,MAA,2026-04-17 16:03:41.701,2026-04-17 17:24:41.701,81.0,0.0,1h 21m,DEL to MAA,0.0,Afternoon (12-17),,,,29,18-30,F,R***,V***
B1996,P1705,UK106,2025-08-08 11:37:36.952,CANCELLED,4bb1817b13ff0254d0eb7a8d34ea5b9b92d2678cd21a35a9ccf7794b97b9c761,27E,M***,a3af4a00324bd03766052b2c2c5fcad37cbfe3d524eb82ba60fc79049e5c6168,VISTARA,BOM,CCU,2026-04-17 15:12:41.702,2026-04-17 17:23:41.702,131.0,0.0,2h 11m,BOM to CCU,0.0,Afternoon (12-17),PAY1075,10358.84,UPI,69,60+,M,S***,S***
B1997,P1122,6F223,2025-05-03 11:37:36.952,PENDING,1cbfbc1155901ffc1d31c54e4f2cea57029a677f4e7accf3f450819e766862e6,27B,K***,0efcaa7e98d74c8740aad3afb046557a5e16df747d1ae675c0092dfdba8582f3,INDIGO,MAA,BLR,2026-04-17 16:47:41.704,2026-04-17 17:21:41.704,34.0,0.0,0h 34m,MAA to BLR,0.0,Afternoon (12-17),,,,23,18-30,M,A***,V***
B1998,P1647,6F011,2025-10-23 11:37:36.952,CONFIRMED,17d38b4655d89e0b5324a1e293961e40bf41dd7a52d1c162541ed28e83836a83,14C,U***,15d56ada3f5485d4b2500e9557fe69b18e920b429710f748f703e5fa8f64d581,INDIGO,MAA,BLR,2026-04-17 15:16:41.701,2026-04-17 17:16:42.000,120.0,0.0,2h 0m,MAA to BLR,0.0,Afternoon (12-17),PAY1005,7319.71,CARD,75,60+,M,A***,N***
B1998,P1647,6F011,2025-10-23 11:37:36.952,CONFIRMED,17d38b4655d89e0b5324a1e293961e40bf41dd7a52d1c162541ed28e83836a83,14C,U***,15d56ada3f5485d4b2500e9557fe69b18e920b429710f748f703e5fa8f64d581,INDIGO,MAA,BLR,2026-04-17 15:16:41.701,2026-04-17 17:16:42.000,120.0,0.0,2h 0m,MAA to BLR,0.0,Afternoon (12-17),PAY1863,11065.89,NETBANKING,75,60+,M,A***,N***
B1999,P1412,UK124,2025-08-08 11:37:36.952,INVALID,c43c3e32464feb72b332cfd3a17ade3ceaea357e1e4185403ee13416c96b2284,12B,T***,edb82f9cd7dac2df39856161aec25bb92e3388015f976a255c0d44389ca364f2,VISTARA,MAA,BLR,2026-04-17 14:35:41.702,2026-04-17 17:09:41.702,154.0,0.0,2h 34m,MAA to BLR,0.0,Afternoon (12-17),PAY1855,2806.06,NETBANKING,17,Under 18,F,R***,I***
